// Waveshare ESP32-S3-Touch-LCD-1.54 splash screen (240x240 RGB565).
// Generated from Splash-M5StackCoreS3.png (320x240) resampled to 240x240.
// Image Size     : 240x240 pixels
// Memory usage   : 115200 bytes

#include <Arduino.h>

const unsigned short MPCSplash_Waveshare[57600] PROGMEM = {
  0x4A6A, 0x4A49, 0x4A49, 0x4229, 0x39E8, 0x39E8, 0x39C7, 0x4229, 0x632D, 0x632D, 0x632D, 0x632D, 0x632D, 0x5B0C, 0x39E8, 0x0020,
  0x0040, 0x0841, 0x0841, 0x0861, 0x2104, 0x52AA, 0x4228, 0x4228, 0x528A, 0x4208, 0x4208, 0x528A, 0x4229, 0x4208, 0x39E8, 0x39C7,
  0x31C7, 0x39C7, 0x2124, 0x0861, 0x0841, 0x1082, 0x2104, 0x2104, 0x2104, 0x18E4, 0x2104, 0x2125, 0x3186, 0x39E8, 0x39E8, 0x4208,
  0x4A6A, 0x4A8A, 0x4A6A, 0x39C7, 0x630D, 0x8431, 0x73AF, 0x73AF, 0x7BF0, 0x2966, 0x0841, 0x0000, 0x2104, 0x18E3, 0x52CB, 0x4229,
  0x4229, 0x4229, 0x39E8, 0x31A7, 0x31C7, 0x632C, 0x52CB, 0x7C10, 0x18C3, 0x1904, 0x18E4, 0x18E3, 0x18E3, 0x18E4, 0x2104, 0x2125,
  0x2986, 0x39E8, 0x4208, 0x4229, 0x8410, 0x630C, 0x10C3, 0x4229, 0x9CD3, 0x94B3, 0x8C51, 0x8C72, 0x8431, 0x8C51, 0x8451, 0x8431,
  0x8C52, 0x8C51, 0x8451, 0x8431, 0x8451, 0x8C72, 0x8431, 0x8C51, 0x8C51, 0x8451, 0x8C72, 0x8C72, 0x9492, 0x8C72, 0x8C51, 0x8C72,
  0x8C51, 0x8C72, 0x8C72, 0x8C92, 0x8C72, 0x8C72, 0x9492, 0x8C92, 0x9492, 0x9492, 0x9493, 0x9492, 0x9493, 0x9492, 0x94B3, 0x94B3,
  0x9492, 0x94B3, 0x94B3, 0x8C92, 0x9493, 0x94B3, 0x94B3, 0x94B3, 0x9493, 0x9492, 0x94D3, 0x94B3, 0x94B3, 0x9CD3, 0x94B3, 0x94B3,
  0x9CF4, 0x9CD4, 0x9CF4, 0x94B3, 0x94B3, 0x9CD4, 0x94D3, 0x9CF4, 0x9CF4, 0xA555, 0xB596, 0xC618, 0x0000, 0x18E3, 0x5ACB, 0x94B3,
  0x94B3, 0x8C92, 0x9493, 0x8C72, 0x8C52, 0x6B6E, 0x6B4D, 0x52CB, 0x2966, 0x2104, 0x18C3, 0x1082, 0x0861, 0x0861, 0x0861, 0x0861,
  0x0861, 0x0861, 0x0861, 0x0861, 0x0861, 0x0861, 0x0861, 0x1082, 0x0841, 0x18C3, 0x528A, 0x4228, 0x31A6, 0x2104, 0x18C3, 0x1082,
  0x18E4, 0x4229, 0x0861, 0x0861, 0x0861, 0x0861, 0x0861, 0x0861, 0x0861, 0x1082, 0x1081, 0x18C3, 0x2966, 0x39C7, 0x4229, 0x5AEC,
  0x632D, 0x73AF, 0x73AF, 0x73AF, 0x73AF, 0x73AF, 0x6B8E, 0x634D, 0x632D, 0x630C, 0x630C, 0x5B0C, 0x632D, 0x632D, 0x632D, 0x632D,
  0x6B4E, 0x6B6E, 0x7BD0, 0x8411, 0x2125, 0x0841, 0x0000, 0x18E4, 0x3186, 0x4208, 0x5ACB, 0x7BCF, 0x5ACB, 0x0861, 0x4249, 0x4A6A,
  0x2125, 0x2104, 0x2125, 0x4A69, 0x4229, 0x39E7, 0x31C7, 0x3186, 0x31A7, 0x4A6A, 0x4A8A, 0x4A6A, 0x4229, 0x4229, 0x4229, 0x2104,
  0x1904, 0x18E4, 0x2104, 0x2104, 0x2145, 0x2945, 0x2124, 0x2104, 0x18E3, 0x18C3, 0x10A2, 0x0862, 0x0862, 0x0841, 0x0020, 0x0000,
  0x0000, 0x0000, 0x0000, 0x0000, 0x2945, 0x3186, 0x2945, 0x2104, 0x18E4, 0x18E4, 0x18E4, 0x2125, 0x2986, 0x39E8, 0x4208, 0x4229,
  0x4249, 0x4A6A, 0x4A49, 0x4249, 0x9CD3, 0x8C72, 0x8431, 0x9492, 0x5ACB, 0x0020, 0x0841, 0x1082, 0x1082, 0x18C3, 0x4A6A, 0x4249,
  0x4229, 0x3A08, 0x31C7, 0x31A7, 0x6B4D, 0xB5B6, 0xAD55, 0x31A6, 0x2125, 0x2124, 0x2104, 0x18E3, 0x18E3, 0x18C3, 0x18C3, 0x18C3,
  0x2104, 0x2945, 0x3186, 0x3186, 0x52AA, 0x10A2, 0x10A2, 0x2986, 0x8431, 0x9CD3, 0x8C51, 0x8431, 0x8C51, 0x8451, 0x8431, 0x8431,
  0x8451, 0x8431, 0x8411, 0x8431, 0x8431, 0x8C52, 0x8411, 0x8451, 0x8C51, 0x8431, 0x8C72, 0x8C72, 0x8C51, 0x8C51, 0x8C51, 0x8C72,
  0x8C72, 0x8C51, 0x8C72, 0x8C51, 0x8C52, 0x8C92, 0x94B3, 0x8C72, 0x8C72, 0x8C72, 0x9492, 0x8C72, 0x8C72, 0x9492, 0x9492, 0x8C52,
  0x8C72, 0x8C72, 0x8C72, 0x8C72, 0x8C92, 0x94B3, 0x9493, 0x9493, 0x8C72, 0x8C72, 0x94B3, 0x94B3, 0x8C72, 0x9493, 0x94B3, 0x94B3,
  0x9CD4, 0x94B3, 0x94B3, 0x94B3, 0x94B3, 0x9CD3, 0x9CD3, 0x9CF4, 0xA514, 0xA535, 0xBE18, 0xAD76, 0x0000, 0x0000, 0x0000, 0x738E,
  0x6B6E, 0x738E, 0x7BF0, 0x8C72, 0x94B3, 0x8431, 0x6B6E, 0x4A6A, 0x2945, 0x18E4, 0x10A2, 0x1082, 0x0861, 0x0861, 0x0861, 0x0861,
  0x0861, 0x0861, 0x0861, 0x0861, 0x0861, 0x0861, 0x1082, 0x0020, 0x0861, 0x0841, 0x18E3, 0x3186, 0x39E7, 0x18E4, 0x18C3, 0x1082,
  0x2966, 0x4229, 0x0841, 0x0861, 0x0861, 0x0861, 0x0861, 0x0861, 0x0861, 0x0861, 0x1082, 0x18C3, 0x2965, 0x31C7, 0x4229, 0x52CB,
  0x6B6E, 0x73AF, 0x73AF, 0x7BCF, 0x73CF, 0x738E, 0x6B6E, 0x6B4D, 0x5B0C, 0x5AEC, 0x630C, 0x5AEC, 0x5AEC, 0x5B0C, 0x632D, 0x632D,
  0x632D, 0x6B4E, 0x6B4D, 0x6B8E, 0x7C10, 0x634D, 0x4249, 0x10A3, 0x0841, 0x0020, 0x0000, 0x0020, 0x0020, 0x0000, 0x10C2, 0x18E4,
  0x2966, 0x2945, 0x2124, 0x2125, 0x39E8, 0x4228, 0x31C7, 0x31A6, 0x2965, 0x1904, 0x18E4, 0x18E3, 0x18E4, 0x18C3, 0x18E3, 0x2965,
  0x2124, 0x2125, 0x2124, 0x2104, 0x2104, 0x1082, 0x18C3, 0x10A3, 0x10A3, 0x10A3, 0x1082, 0x1082, 0x1082, 0x1082, 0x1082, 0x1082,
  0x18A3, 0x18C3, 0x20E4, 0x31A7, 0x39C7, 0x2125, 0x18E4, 0x1904, 0x1904, 0x18E4, 0x18E4, 0x2125, 0x3186, 0x39C7, 0x39E8, 0x4208,
  0x4A49, 0x4A6A, 0x4A6A, 0x2145, 0xA515, 0x8451, 0x9CD4, 0x4A6A, 0x0000, 0x0862, 0x2125, 0x39E8, 0x0000, 0x10A3, 0x4208, 0x4A6A,
  0x4208, 0x4229, 0x31A7, 0x6B4D, 0x738E, 0x9CF4, 0x630C, 0x10A2, 0x2124, 0x2124, 0x2124, 0x10A2, 0x1082, 0x1082, 0x2965, 0x3186,
  0x3186, 0x39E8, 0x4A49, 0x4229, 0x4A69, 0x0000, 0x1082, 0x3186, 0x5ACC, 0xA535, 0x8C72, 0x8451, 0x8C51, 0x8451, 0x8C51, 0x8431,
  0x8431, 0x8431, 0x8431, 0x8451, 0x8C51, 0x8431, 0x8451, 0x8C52, 0x8451, 0x8451, 0x8C72, 0x8C51, 0x8C51, 0x8C51, 0x8C72, 0x8C51,
  0x8C72, 0x8C52, 0x8C51, 0x8C72, 0x8C72, 0x8C51, 0x8451, 0x8C72, 0x8C51, 0x8451, 0x8C72, 0x8C52, 0x8C72, 0x8C72, 0x9492, 0x8C72,
  0x9492, 0x8C72, 0x8C52, 0x8C72, 0x94B3, 0x8C92, 0x8C92, 0x9493, 0x8C72, 0x8C72, 0x9493, 0x94B3, 0x9492, 0x9493, 0x9492, 0x94B3,
  0x94B3, 0x8C92, 0x8C92, 0x94B3, 0x94B3, 0x9CD3, 0x94D3, 0x9CF4, 0xA535, 0xAD76, 0xCE7A, 0x73AE, 0x0000, 0x0000, 0x18C3, 0x4A6A,
  0x4229, 0x39E8, 0x31A7, 0x39E8, 0x4A6A, 0x738E, 0x630C, 0x528B, 0x2945, 0x18E4, 0x10A2, 0x1082, 0x0861, 0x0861, 0x0861, 0x0861,
  0x0861, 0x0861, 0x0861, 0x0861, 0x0861, 0x0861, 0x0862, 0x0862, 0x2965, 0x2124, 0x0020, 0x0020, 0x10C3, 0x2124, 0x18C3, 0x1062,
  0x2945, 0x2945, 0x0841, 0x0861, 0x0861, 0x0861, 0x0861, 0x0861, 0x0861, 0x0861, 0x1082, 0x18C3, 0x2945, 0x31C7, 0x4229, 0x5AEC,
  0x6B6E, 0x6B8E, 0x73AF, 0x73CF, 0x73AF, 0x6B8E, 0x6B4D, 0x634D, 0x5AEC, 0x5B0C, 0x5AEC, 0x5AEC, 0x5AEC, 0x5B0C, 0x5AEC, 0x5B0C,
  0x5AEC, 0x634D, 0x632D, 0x6B4D, 0x6B6E, 0x7BF0, 0x8431, 0x7BF0, 0x6B6E, 0x630C, 0x4A6A, 0x31A7, 0x39C7, 0x2966, 0x0841, 0x0020,
  0x4249, 0x4249, 0x4A49, 0x31A6, 0x2104, 0x2145, 0x3186, 0x2966, 0x31A7, 0x31A6, 0x3186, 0x3186, 0x3186, 0x3186, 0x2125, 0x2986,
  0x2965, 0x2945, 0x2125, 0x2125, 0x2104, 0x2124, 0x2104, 0x18E4, 0x2945, 0x2125, 0x2125, 0x2945, 0x2104, 0x2104, 0x2945, 0x31A7,
  0x528A, 0x630C, 0x4A49, 0x4208, 0x18E4, 0x18E3, 0x2104, 0x2104, 0x1904, 0x1904, 0x2104, 0x2125, 0x2966, 0x31A7, 0x31A7, 0x39E8,
  0x4A49, 0x39E8, 0x632D, 0x0000, 0x6B4D, 0xC618, 0x39E8, 0x0000, 0x0841, 0x0861, 0x2965, 0x18C3, 0x0821, 0x1082, 0x31C7, 0x4A6A,
  0x4208, 0x4229, 0x4A49, 0x8C72, 0x634D, 0x7BF0, 0x2986, 0x3186, 0x2125, 0x2104, 0x18C3, 0x2104, 0x31A7, 0x4A69, 0x5AEB, 0x5AEC,
  0x5ACB, 0x5ACB, 0x630C, 0x5AEC, 0x7BF0, 0x2124, 0x0000, 0x4229, 0x39C8, 0x9CD4, 0x8C72, 0x8C72, 0x8C51, 0x8431, 0x8C51, 0x8431,
  0x8431, 0x8431, 0x8431, 0x8451, 0x8431, 0x8451, 0x8C52, 0x8C72, 0x8431, 0x8451, 0x8C52, 0x8C51, 0x8C52, 0x8C72, 0x8C72, 0x8C72,
  0x8C72, 0x8C72, 0x8451, 0x8C72, 0x8C72, 0x8C51, 0x8431, 0x8C52, 0x8C51, 0x8C51, 0x8C72, 0x8C72, 0x8C51, 0x8C72, 0x9493, 0x9492,
  0x8C72, 0x9492, 0x9492, 0x8C92, 0x9492, 0x8C72, 0x8C92, 0x8C72, 0x8C92, 0x9493, 0x9493, 0x94B3, 0x94B3, 0x9492, 0x9492, 0x9492,
  0x9492, 0x9493, 0x9493, 0x9CD3, 0x94D3, 0x9CD3, 0x9CD4, 0x9CF4, 0xA514, 0xBE18, 0xC618, 0x31A6, 0x0000, 0x0000, 0x4208, 0x9D14,
  0x94B3, 0x8C51, 0x738F, 0x630D, 0x4A6A, 0x2986, 0x31A7, 0x31C7, 0x2965, 0x2104, 0x1082, 0x1081, 0x0861, 0x0861, 0x0861, 0x0861,
  0x0861, 0x0861, 0x0861, 0x0861, 0x0861, 0x0861, 0x1082, 0x0841, 0x0861, 0x1082, 0x0861, 0x0861, 0x0020, 0x10C3, 0x10A2, 0x18C3,
  0x1082, 0x0861, 0x0861, 0x0861, 0x0861, 0x0861, 0x0861, 0x0861, 0x0861, 0x0861, 0x1082, 0x18C3, 0x2945, 0x31A7, 0x4208, 0x5ACB,
  0x632D, 0x6B4E, 0x7BCF, 0x73CF, 0x73AF, 0x738F, 0x6B6E, 0x6B4D, 0x5AEC, 0x5AEC, 0x5AEC, 0x5AEC, 0x5AEC, 0x5AEC, 0x52CB, 0x5AEC,
  0x5AEC, 0x630D, 0x632D, 0x632D, 0x632D, 0x634D, 0x6B6E, 0x73CF, 0x7C10, 0x8431, 0x8C72, 0x8C52, 0x8C72, 0x8451, 0x73CF, 0x6B8E,
  0x3A08, 0x3A08, 0x39E8, 0x4A49, 0x4208, 0x3187, 0x18E4, 0x18E4, 0x18E4, 0x2125, 0x2125, 0x2125, 0x2124, 0x2124, 0x18E4, 0x2104,
  0x2124, 0x10A3, 0x18E4, 0x2124, 0x2104, 0x2104, 0x2124, 0x2104, 0x2965, 0x2966, 0x18C3, 0x2104, 0x10A3, 0x10A2, 0x2966, 0x31A7,
  0x39C7, 0x3186, 0x2145, 0x18E3, 0x2104, 0x2124, 0x2104, 0x2104, 0x2104, 0x2104, 0x2104, 0x2125, 0x2945, 0x3186, 0x31C7, 0x39E8,
  0x39E8, 0x4A49, 0x8C72, 0x18E3, 0x18E4, 0xAD96, 0x0000, 0x0861, 0x0841, 0x3186, 0x10A2, 0x0000, 0x0000, 0x0841, 0x2986, 0x528B,
  0x4A6A, 0x31A7, 0xA514, 0xAD55, 0x5AEC, 0x4A6A, 0x2946, 0x31A7, 0x2945, 0x18E4, 0x2145, 0x52CB, 0x5B0C, 0x5ACB, 0x3186, 0x2965,
  0x2966, 0x3186, 0x39C7, 0x4208, 0x632D, 0x39C7, 0x0000, 0x52CB, 0x2966, 0x73AF, 0x8C72, 0x8C72, 0x8451, 0x8451, 0x8431, 0x8431,
  0x8431, 0x8451, 0x8431, 0x8431, 0x8411, 0x8431, 0x8C51, 0x8451, 0x8C51, 0x8431, 0x8451, 0x8C72, 0x8431, 0x8431, 0x8C51, 0x8C51,
  0x8C52, 0x8C72, 0x8C72, 0x8C52, 0x8C52, 0x8C72, 0x8C72, 0x8C51, 0x8C72, 0x8C92, 0x8C92, 0x8C72, 0x8C92, 0x8C72, 0x8C72, 0x8C92,
  0x8C92, 0x9493, 0x9492, 0x9493, 0x8C72, 0x94B3, 0x9493, 0x8C72, 0x8C92, 0x9492, 0x9492, 0x9492, 0x9492, 0x94B3, 0x94B3, 0x94B3,
  0x9493, 0x94D3, 0x9CD3, 0x9492, 0x9CD3, 0x9CD3, 0x9CF4, 0xA535, 0xA555, 0xC639, 0x9472, 0x0020, 0x0000, 0x0000, 0x52AB, 0x94B3,
  0x8C72, 0x8C92, 0x94B3, 0xA514, 0x94B3, 0x634D, 0x4A6A, 0x31A7, 0x18C3, 0x1082, 0x18C3, 0x0861, 0x1082, 0x1082, 0x0861, 0x0861,
  0x0861, 0x0861, 0x0861, 0x0861, 0x0861, 0x1082, 0x0861, 0x0841, 0x0020, 0x0861, 0x0861, 0x0841, 0x1082, 0x0000, 0x0882, 0x2945,
  0x1082, 0x0841, 0x0861, 0x0861, 0x0861, 0x0861, 0x0861, 0x0861, 0x0861, 0x0861, 0x1082, 0x18C3, 0x2966, 0x31A7, 0x4208, 0x5ACB,
  0x630D, 0x6B4E, 0x7BF0, 0x7BF0, 0x7BF0, 0x6B6E, 0x6B4E, 0x632D, 0x5B0C, 0x5AEC, 0x5ACC, 0x5ACC, 0x5ACB, 0x5ACC, 0x5ACB, 0x5AEC,
  0x5AEC, 0x5AEC, 0x630D, 0x630C, 0x5B0C, 0x632D, 0x6B4E, 0x632D, 0x6B6E, 0x6B4D, 0x6B6E, 0x6B8E, 0x738F, 0x7BF0, 0x8431, 0x8C52,
  0x39E8, 0x39E8, 0x39E8, 0x39C7, 0x4208, 0x4229, 0x3A08, 0x3186, 0x2946, 0x2966, 0x2966, 0x3186, 0x18E4, 0x10A2, 0x2966, 0x2104,
  0x18E4, 0x3186, 0x2104, 0x2965, 0x39E8, 0x39C7, 0x2966, 0x2965, 0x2966, 0x2104, 0x4208, 0x3186, 0x7BF0, 0x9492, 0x2104, 0x2125,
  0x2104, 0x18E3, 0x1904, 0x2104, 0x2124, 0x2124, 0x2104, 0x2104, 0x2104, 0x2104, 0x1904, 0x2104, 0x2145, 0x2966, 0x31A7, 0x3A08,
  0x39C8, 0x7BCF, 0x9CD3, 0x8451, 0x10A2, 0x18C3, 0x1082, 0x0841, 0x0862, 0x10A2, 0x0000, 0x0020, 0x0841, 0x10A2, 0x2124, 0x52CB,
  0x39E8, 0x31A7, 0xBDD7, 0x9D14, 0x7BCF, 0x3186, 0x39C7, 0x31A7, 0x2986, 0x39E7, 0x528A, 0x39E8, 0x2145, 0x10A3, 0x10A2, 0x10C3,
  0x1904, 0x2966, 0x31A7, 0x4208, 0x5B0C, 0x52CB, 0x0000, 0x5AEC, 0x31A7, 0x528A, 0x94B3, 0x8C52, 0x8410, 0x8451, 0x8411, 0x8431,
  0x8431, 0x8C52, 0x8451, 0x8431, 0x8431, 0x8431, 0x8431, 0x8431, 0x8451, 0x8431, 0x8431, 0x8C52, 0x8C51, 0x8C51, 0x8C52, 0x8411,
  0x8431, 0x8C72, 0x8C72, 0x8C72, 0x8C72, 0x8C51, 0x8C72, 0x8C72, 0x8C51, 0x9492, 0x8C72, 0x8C51, 0x8C72, 0x8C72, 0x8C72, 0x8C92,
  0x9493, 0x9493, 0x8C72, 0x94B3, 0x8C92, 0x94B3, 0x9492, 0x94B3, 0x94B3, 0x9492, 0x9492, 0x8C92, 0x9492, 0x94B3, 0x94B3, 0x94B3,
  0x9CD3, 0x94D3, 0x94B3, 0x94B3, 0x94B3, 0x9CD3, 0x9CD4, 0xAD55, 0xA555, 0xCE59, 0x52AB, 0x0000, 0x0000, 0x0021, 0x7BCF, 0x8431,
  0x8410, 0x7BD0, 0x8410, 0x8411, 0x8C51, 0x6B8E, 0x5ACB, 0x4249, 0x31A6, 0x18E3, 0x0861, 0x0861, 0x0861, 0x0861, 0x0861, 0x0861,
  0x0861, 0x0861, 0x0861, 0x0861, 0x0861, 0x0861, 0x0861, 0x0841, 0x0841, 0x0841, 0x1082, 0x0841, 0x0841, 0x0020, 0x0021, 0x18E3,
  0x1082, 0x0861, 0x0861, 0x0861, 0x0861, 0x0861, 0x0861, 0x0861, 0x0861, 0x0861, 0x1081, 0x18C3, 0x2945, 0x31A6, 0x4208, 0x5ACC,
  0x630D, 0x6B6E, 0x7BCF, 0x7BD0, 0x7BCF, 0x6B8E, 0x6B4D, 0x632D, 0x630C, 0x5AEC, 0x5ACB, 0x5ACB, 0x5ACB, 0x52CB, 0x5ACC, 0x5ACC,
  0x5AEC, 0x5AEC, 0x5AEC, 0x630C, 0x5AEC, 0x5B0C, 0x632D, 0x632D, 0x634D, 0x634D, 0x634D, 0x6B4E, 0x6B4D, 0x6B4D, 0x6B4E, 0x6B6E,
  0x39E8, 0x39E8, 0x39E8, 0x39C7, 0x39C7, 0x39C7, 0x3A08, 0x39E8, 0x39E8, 0x39E8, 0x3A08, 0x39C7, 0x7BEF, 0xA514, 0x2104, 0x6B6E,
  0x6B4D, 0x94D3, 0x9CD3, 0x4229, 0x2145, 0x31A7, 0x39E7, 0x6B6E, 0x4208, 0x4A69, 0xB596, 0xA514, 0x6B4D, 0x5ACB, 0x630C, 0x0862,
  0x2945, 0x2124, 0x2124, 0x2104, 0x2104, 0x2104, 0x2104, 0x2104, 0x2104, 0x2104, 0x18E4, 0x18E4, 0x2124, 0x2945, 0x31A6, 0x39C7,
  0x6B4D, 0x9CF4, 0x9493, 0xB597, 0x31A7, 0x0000, 0x0841, 0x1082, 0x2945, 0x0000, 0x0020, 0x0000, 0x18C3, 0x18C3, 0x18C3, 0x5AEC,
  0x39C7, 0x6B6D, 0x39E8, 0x4229, 0x4A49, 0x39E8, 0x39C7, 0x31A7, 0x4209, 0x4228, 0x39E8, 0x10A3, 0x10A3, 0x10A3, 0x18E4, 0x2104,
  0x2125, 0x3186, 0x31A7, 0x4208, 0x52CB, 0x630C, 0x1082, 0x4A8A, 0x4A6A, 0x3187, 0x94D3, 0x8C72, 0x8C72, 0x8C72, 0x8451, 0x8431,
  0x8431, 0x8431, 0x8451, 0x8431, 0x8431, 0x8C51, 0x8431, 0x8431, 0x8431, 0x8451, 0x8C52, 0x8C52, 0x8C72, 0x8C72, 0x8451, 0x8C52,
  0x8431, 0x8431, 0x8C72, 0x8C72, 0x8C72, 0x8C72, 0x8C72, 0x8C72, 0x8C72, 0x8C72, 0x8C52, 0x8C52, 0x9492, 0x8C92, 0x8C92, 0x9492,
  0x9492, 0x8C92, 0x9492, 0x8C72, 0x9492, 0x9493, 0x9493, 0x94B3, 0x94B3, 0x8C72, 0x94B3, 0x9CD3, 0x9492, 0x9493, 0x94B3, 0x94B3,
  0x94B3, 0x9492, 0x9493, 0x94D3, 0x94B3, 0x94D3, 0x9CF4, 0xA515, 0xAD76, 0xAD76, 0x18E3, 0x0000, 0x0000, 0x18E4, 0x9492, 0x8431,
  0x8431, 0x8410, 0x7C10, 0x8431, 0x8451, 0x5AEC, 0x4A6A, 0x39E8, 0x2945, 0x31A6, 0x2125, 0x0841, 0x0861, 0x0861, 0x0861, 0x0861,
  0x0861, 0x0861, 0x1082, 0x0861, 0x0861, 0x0841, 0x2965, 0x0861, 0x0020, 0x0841, 0x0841, 0x1082, 0x0861, 0x1082, 0x0021, 0x0841,
  0x0862, 0x0862, 0x0861, 0x0861, 0x0861, 0x0861, 0x0861, 0x0861, 0x0861, 0x0861, 0x0861, 0x10A2, 0x2125, 0x31A7, 0x3A08, 0x5ACB,
  0x630D, 0x6B6E, 0x73AF, 0x7BCF, 0x73CF, 0x6B8E, 0x6B6E, 0x630D, 0x5AEC, 0x5AEC, 0x5ACB, 0x5ACB, 0x5AEC, 0x52AB, 0x5ACB, 0x5ACB,
  0x5AEC, 0x5AEC, 0x5AEC, 0x5B0C, 0x5B0C, 0x5B0C, 0x5AEC, 0x630D, 0x5B0C, 0x632D, 0x632D, 0x6B4D, 0x634D, 0x6B4D, 0x6B4E, 0x6B6E,
  0x39E8, 0x39E8, 0x39C7, 0x39E8, 0x39C7, 0x39C7, 0x39C7, 0x39C7, 0x39C7, 0x39E8, 0x39C7, 0x2945, 0xBDD7, 0xFFDF, 0x8451, 0xB596,
  0xCE7A, 0x52AB, 0xE73D, 0x8410, 0x0841, 0x2966, 0x7BEF, 0xD69A, 0x632C, 0xBDF7, 0xE71C, 0xC618, 0x6B6D, 0x630C, 0x4228, 0x10A2,
  0x2125, 0x2104, 0x2104, 0x2104, 0x2104, 0x2104, 0x2104, 0x2124, 0x2125, 0x2104, 0x18E4, 0x18E3, 0x1904, 0x2145, 0x2965, 0x2945,
  0x9492, 0x94B3, 0x9492, 0x73AF, 0x1082, 0x0861, 0x1062, 0x2945, 0x1082, 0x0020, 0x0020, 0x0861, 0x0841, 0x0861, 0x10A3, 0x632D,
  0x4228, 0x528A, 0x31A7, 0x3186, 0x39C7, 0x39E8, 0x4208, 0x4229, 0x39E8, 0x2965, 0x1904, 0x18E4, 0x18E4, 0x18E4, 0x18E4, 0x1904,
  0x2124, 0x2986, 0x31A7, 0x39E8, 0x4A8A, 0x5B0C, 0x18C3, 0x3A08, 0x5AEB, 0x3186, 0xA535, 0x8C72, 0x8C92, 0x8C51, 0x8431, 0x8431,
  0x8431, 0x8451, 0x8431, 0x8431, 0x8431, 0x8451, 0x8C51, 0x8431, 0x8431, 0x8C52, 0x8C51, 0x8431, 0x8C51, 0x8C51, 0x8431, 0x8C72,
  0x8C72, 0x8C51, 0x8C72, 0x8C72, 0x8C72, 0x8C92, 0x8C51, 0x8C52, 0x8C92, 0x8C72, 0x8C72, 0x8C72, 0x8C72, 0x8C72, 0x9493, 0x9493,
  0x9492, 0x8C72, 0x94B3, 0x9492, 0x8C72, 0x8C72, 0x9493, 0x8C92, 0x8C72, 0x9492, 0x9492, 0x94B3, 0x9493, 0x9493, 0x94B3, 0x9493,
  0x9493, 0x8C72, 0x94B3, 0x94D3, 0x94D3, 0x9CD3, 0x9CF4, 0xA535, 0xAD76, 0x738E, 0x0000, 0x0000, 0x0000, 0x39E7, 0x9CF4, 0x7C10,
  0x8410, 0x7BF0, 0x8411, 0x8C51, 0x8431, 0x5ACB, 0x4A49, 0x39C7, 0x18C3, 0x10A2, 0x2104, 0x18C3, 0x0841, 0x0861, 0x0861, 0x0861,
  0x0861, 0x0861, 0x0861, 0x0861, 0x0841, 0x0861, 0x39E7, 0x0841, 0x0861, 0x0841, 0x0841, 0x0861, 0x1082, 0x0861, 0x0862, 0x1082,
  0x0841, 0x0861, 0x0861, 0x0861, 0x0861, 0x0861, 0x0861, 0x0861, 0x0861, 0x0861, 0x0861, 0x10A2, 0x2125, 0x3186, 0x39E7, 0x52AB,
  0x630D, 0x6B6E, 0x73CF, 0x73AF, 0x73AF, 0x6B4E, 0x632D, 0x630C, 0x5AEC, 0x5ACC, 0x528A, 0x528A, 0x528B, 0x528A, 0x52AB, 0x52AB,
  0x5ACB, 0x5ACB, 0x5ACC, 0x5AEC, 0x5AEC, 0x5ACC, 0x5AEC, 0x5AEC, 0x5B0C, 0x630D, 0x630C, 0x630D, 0x630C, 0x632D, 0x632D, 0x632D,
  0x39C7, 0x39C7, 0x39C7, 0x39C7, 0x39C7, 0x39C7, 0x39C7, 0x39C7, 0x39C7, 0x39C7, 0x31C7, 0x2145, 0xAD76, 0x6B4D, 0x738E, 0x738E,
  0x8451, 0x94B3, 0x8C72, 0x31C7, 0x2125, 0x3186, 0x7BCF, 0x94B2, 0x528A, 0x8410, 0x8430, 0x4208, 0x8431, 0x73AE, 0x10A3, 0x2124,
  0x2104, 0x2104, 0x2104, 0x2104, 0x2104, 0x2104, 0x2124, 0x2125, 0x2125, 0x2125, 0x18E4, 0x18E3, 0x18C3, 0x2125, 0x1904, 0x39C7,
  0x9CD3, 0x8C72, 0xA514, 0x18E4, 0x0000, 0x0841, 0x2945, 0x1082, 0x0000, 0x0000, 0x0862, 0x18C3, 0x0020, 0x0862, 0x10A2, 0x632D,
  0x4249, 0x39E8, 0x4229, 0x3A08, 0x39E8, 0x4229, 0x4229, 0x4208, 0x3186, 0x2965, 0x2124, 0x2104, 0x18E4, 0x18E3, 0x18E4, 0x18E4,
  0x2104, 0x2966, 0x3186, 0x39C7, 0x4249, 0x5B0C, 0x31A7, 0x3186, 0x5AEC, 0x4208, 0xA535, 0x9CD3, 0x8C72, 0x8431, 0x8451, 0x8431,
  0x8C51, 0x8431, 0x8410, 0x8431, 0x8431, 0x8C51, 0x8431, 0x8431, 0x8451, 0x8C52, 0x8451, 0x8431, 0x8451, 0x8C51, 0x8C51, 0x8C72,
  0x8C72, 0x8C72, 0x8C72, 0x8C72, 0x8C52, 0x8C72, 0x8C72, 0x8C72, 0x8C52, 0x8C72, 0x8C72, 0x8C72, 0x8C72, 0x8C52, 0x8C72, 0x8C72,
  0x8C72, 0x8C72, 0x9492, 0x94B3, 0x9492, 0x8C92, 0x9493, 0x8C92, 0x8C72, 0x94B3, 0x9492, 0x94B3, 0x94B3, 0x8C92, 0x94B3, 0x9492,
  0x9CD4, 0x94B3, 0x94B3, 0x94B3, 0x9CD3, 0x9D14, 0xA514, 0xAD56, 0xBDD7, 0x3186, 0x0000, 0x0020, 0x0000, 0x5AEC, 0x9CF4, 0x7BF0,
  0x7BF0, 0x7BF0, 0x8431, 0x8451, 0x7BD0, 0x5AEC, 0x4229, 0x3186, 0x18E3, 0x10A2, 0x0841, 0x2104, 0x18E3, 0x0841, 0x0862, 0x0861,
  0x0861, 0x0861, 0x0861, 0x0861, 0x0841, 0x10A2, 0x4208, 0x0000, 0x1082, 0x0861, 0x0841, 0x0841, 0x0861, 0x0861, 0x0841, 0x0861,
  0x1082, 0x0841, 0x0861, 0x0861, 0x0861, 0x0861, 0x0861, 0x0861, 0x0861, 0x0861, 0x0862, 0x1082, 0x2104, 0x2965, 0x39C7, 0x4AAA,
  0x5B0C, 0x6B6E, 0x6B6E, 0x6B6E, 0x6B4E, 0x632D, 0x5AEC, 0x5ACB, 0x528A, 0x4A6A, 0x4A49, 0x4229, 0x4229, 0x4A49, 0x4A4A, 0x4A6A,
  0x4A8A, 0x4A6A, 0x4A8A, 0x528A, 0x528A, 0x52AB, 0x52AB, 0x52CB, 0x52AB, 0x52CB, 0x5ACC, 0x5ACB, 0x5AEC, 0x5B0C, 0x630C, 0x5AEC,
  0x39C7, 0x31C7, 0x31C7, 0x39C7, 0x39C7, 0x39C7, 0x39C7, 0x39C7, 0x39C7, 0x39C7, 0x31A6, 0x31A6, 0x4229, 0x3186, 0x18E4, 0x2945,
  0x2104, 0x4A49, 0x18E4, 0x2124, 0x3186, 0x2986, 0x2966, 0x2104, 0x2125, 0x18E4, 0x1082, 0x10A3, 0x0882, 0x1082, 0x2124, 0x2104,
  0x2104, 0x18E4, 0x1904, 0x18E4, 0x1904, 0x2104, 0x2124, 0x2965, 0x2965, 0x2145, 0x18E3, 0x10C2, 0x10C3, 0x18C3, 0x2104, 0x6B8E,
  0x8C72, 0x94D3, 0xA535, 0x0000, 0x0021, 0x0862, 0x10A2, 0x0000, 0x0020, 0x0861, 0x18C3, 0x0841, 0x18C3, 0x1082, 0x0862, 0x630C,
  0x4A8A, 0x4229, 0x4229, 0x4208, 0x4208, 0x4208, 0x3A08, 0x4208, 0x3186, 0x3186, 0x2945, 0x2104, 0x2104, 0x18E4, 0x18E4, 0x1904,
  0x2104, 0x2966, 0x31A7, 0x39C7, 0x3A08, 0x5AEC, 0x52AA, 0x2104, 0x52CB, 0x528A, 0x8431, 0xA535, 0x8C51, 0x8431, 0x8C51, 0x8C51,
  0x8431, 0x8431, 0x8431, 0x8431, 0x8431, 0x8451, 0x8451, 0x8451, 0x8431, 0x8C51, 0x8C72, 0x8431, 0x8431, 0x8C72, 0x8C72, 0x8451,
  0x8C52, 0x8C72, 0x8C72, 0x8C72, 0x8C52, 0x8C72, 0x9492, 0x8C52, 0x8C72, 0x8C72, 0x8C72, 0x8C51, 0x8C72, 0x9492, 0x9492, 0x8C72,
  0x8C72, 0x8C72, 0x8C72, 0x8C72, 0x9493, 0x9CD3, 0x9492, 0x8C72, 0x9492, 0x8C72, 0x9493, 0x94B3, 0x94B3, 0x9493, 0x9492, 0x94B3,
  0x94B3, 0x9492, 0x9493, 0x9CD4, 0x9CD3, 0x9D14, 0xA535, 0xAD56, 0xCE7A, 0x0841, 0x0000, 0x0020, 0x0861, 0x7BD0, 0x9CD3, 0x7C10,
  0x7BD0, 0x73CF, 0x7BF0, 0x8431, 0x7BCF, 0x52AB, 0x4208, 0x3186, 0x18C3, 0x1082, 0x1082, 0x0841, 0x18E4, 0x2125, 0x0841, 0x0861,
  0x0861, 0x0861, 0x0861, 0x0861, 0x0861, 0x1082, 0x2104, 0x0020, 0x0841, 0x1082, 0x0841, 0x0841, 0x0841, 0x10A2, 0x0862, 0x0841,
  0x10A3, 0x0861, 0x0861, 0x0841, 0x0861, 0x0861, 0x0861, 0x0861, 0x0861, 0x0841, 0x0861, 0x1082, 0x18E3, 0x2145, 0x39C7, 0x4A8A,
  0x52CB, 0x632D, 0x5AEC, 0x634D, 0x6B4D, 0x5ACB, 0x528A, 0x4A6A, 0x4249, 0x4229, 0x4208, 0x3A08, 0x39E8, 0x39E8, 0x3A08, 0x4208,
  0x4208, 0x4229, 0x4229, 0x4229, 0x4249, 0x4249, 0x4229, 0x4A6A, 0x4A6A, 0x4A6A, 0x4A6A, 0x4A8A, 0x528A, 0x528A, 0x52AB, 0x52AB,
  0x39C7, 0x31C7, 0x39C7, 0x39C7, 0x39C7, 0x31A7, 0x39C7, 0x31C7, 0x31C7, 0x31A6, 0x3186, 0x31A6, 0x2124, 0x2965, 0x3186, 0x2945,
  0x2965, 0x18C3, 0x2965, 0x3186, 0x2965, 0x2965, 0x2125, 0x2124, 0x2945, 0x2125, 0x2125, 0x2124, 0x2125, 0x2104, 0x18E4, 0x18E4,
  0x18E4, 0x18E3, 0x18E4, 0x18E4, 0x2104, 0x2124, 0x2945, 0x2966, 0x2966, 0x2945, 0x1904, 0x10C2, 0x10A3, 0x0862, 0x4A6A, 0x9CF4,
  0x8C51, 0x9D14, 0x73AF, 0x0862, 0x0861, 0x2965, 0x0000, 0x0020, 0x0020, 0x10A2, 0x0841, 0x0000, 0x2125, 0x0841, 0x0841, 0x632D,
  0x52AB, 0x4249, 0x4208, 0x4229, 0x4A49, 0x39E8, 0x4229, 0x39E8, 0x31A7, 0x2966, 0x2945, 0x2124, 0x2104, 0x18E4, 0x18E3, 0x18E4,
  0x1904, 0x2945, 0x2966, 0x31A7, 0x4229, 0x528A, 0x5AEC, 0x1082, 0x4A6A, 0x5ACB, 0x52AB, 0xAD55, 0x8C72, 0x8431, 0x8431, 0x8C51,
  0x8411, 0x8431, 0x8C51, 0x8431, 0x8451, 0x8411, 0x8C51, 0x8C51, 0x8451, 0x8431, 0x8451, 0x8431, 0x8C51, 0x8C51, 0x8C72, 0x8C51,
  0x8C72, 0x8C72, 0x8C72, 0x8C51, 0x8431, 0x9492, 0x8C51, 0x8C52, 0x8C72, 0x8C72, 0x8C72, 0x8C72, 0x8C72, 0x8C72, 0x8C72, 0x8C72,
  0x8C72, 0x8C52, 0x8C92, 0x8C72, 0x8C72, 0x9492, 0x94B3, 0x8C92, 0x8C92, 0x8C72, 0x9493, 0x94B3, 0x9493, 0x94B3, 0x94B3, 0x94B3,
  0x9492, 0x9493, 0x94B3, 0x9CD3, 0x9CD3, 0x9CF4, 0xA555, 0xB5B7, 0xCE7A, 0x0000, 0x0020, 0x0000, 0x2104, 0x9492, 0x94B3, 0x7BF0,
  0x73CF, 0x73AF, 0x8410, 0x8410, 0x73AF, 0x4A6A, 0x39E8, 0x2986, 0x10A3, 0x1082, 0x0862, 0x0861, 0x0841, 0x10A3, 0x10A2, 0x0841,
  0x0861, 0x1082, 0x0861, 0x0861, 0x1082, 0x0861, 0x0020, 0x10A2, 0x0841, 0x0841, 0x0841, 0x0841, 0x0841, 0x0861, 0x10A3, 0x0861,
  0x10A3, 0x18E3, 0x0841, 0x0861, 0x0861, 0x0861, 0x0861, 0x0861, 0x0861, 0x0861, 0x0862, 0x0862, 0x18E4, 0x2124, 0x3186, 0x4249,
  0x4A8A, 0x5ACB, 0x630C, 0x630C, 0x5B0C, 0x528A, 0x4A6A, 0x4229, 0x39E8, 0x39E7, 0x39C7, 0x31A7, 0x3186, 0x31A6, 0x31A7, 0x31A6,
  0x31A6, 0x31A7, 0x39C7, 0x31C7, 0x39E8, 0x39C7, 0x39E8, 0x39E8, 0x4229, 0x4208, 0x4209, 0x4229, 0x4208, 0x4249, 0x4A49, 0x4A49,
  0x31A7, 0x31A7, 0x31A7, 0x31A7, 0x31A7, 0x31A7, 0x31A7, 0x3186, 0x3186, 0x2966, 0x2966, 0x2965, 0x2966, 0x2965, 0x2945, 0x2945,
  0x2145, 0x2945, 0x2125, 0x2125, 0x2124, 0x2124, 0x2125, 0x2124, 0x2104, 0x2104, 0x2104, 0x18E4, 0x18E4, 0x18C3, 0x18C3, 0x18C3,
  0x18C3, 0x18E3, 0x18E3, 0x2104, 0x2124, 0x2945, 0x2966, 0x3186, 0x3186, 0x2965, 0x1904, 0x10C3, 0x1082, 0x2945, 0x8C92, 0x9CF4,
  0x94D3, 0x94B3, 0x31A7, 0x2104, 0x2124, 0x18C3, 0x0020, 0x0020, 0x0841, 0x0841, 0x0000, 0x2945, 0x0020, 0x0000, 0x0862, 0x5B0C,
  0x5B0C, 0x4229, 0x4A49, 0x4A49, 0x39E8, 0x4229, 0x3A08, 0x39E8, 0x31C7, 0x2966, 0x2965, 0x2124, 0x2104, 0x18E4, 0x18E3, 0x18E3,
  0x18E4, 0x2125, 0x2966, 0x31A7, 0x4249, 0x4249, 0x5B0C, 0x0000, 0x4208, 0x5AEC, 0x31A7, 0x94D3, 0x9CF4, 0x8C52, 0x8C51, 0x8431,
  0x8C51, 0x8451, 0x8431, 0x8431, 0x8C51, 0x8C51, 0x8451, 0x8431, 0x8431, 0x8431, 0x8431, 0x8C52, 0x8C72, 0x8C51, 0x8C72, 0x8451,
  0x8C51, 0x8C52, 0x8C72, 0x8C72, 0x8C52, 0x9492, 0x8C72, 0x8C72, 0x8C72, 0x8C72, 0x8C72, 0x94B3, 0x94B3, 0x8C52, 0x8C72, 0x9492,
  0x9492, 0x9492, 0x8C72, 0x8C72, 0x94B3, 0x8C72, 0x9492, 0x8C92, 0x9492, 0x9492, 0x9492, 0x94B3, 0x94B3, 0x94B3, 0x9CD3, 0x9CD3,
  0x9492, 0x94B3, 0x94B3, 0x94B3, 0x9CF4, 0xA514, 0xA535, 0xC659, 0xB5B7, 0x0000, 0x0021, 0x0000, 0x4208, 0x9CF4, 0x8C51, 0x73CF,
  0x7BF0, 0x7BCF, 0x8431, 0x73CF, 0x6B4D, 0x4A49, 0x31A7, 0x2945, 0x10A2, 0x1082, 0x1082, 0x0862, 0x0862, 0x0021, 0x2125, 0x18C3,
  0x0020, 0x1082, 0x0861, 0x0861, 0x1082, 0x1082, 0x0840, 0x1082, 0x1082, 0x0841, 0x1082, 0x0841, 0x0841, 0x0020, 0x0862, 0x10A3,
  0x18C3, 0x2104, 0x10A2, 0x0841, 0x0841, 0x0861, 0x0861, 0x0861, 0x0861, 0x0862, 0x1082, 0x0861, 0x10A3, 0x18E4, 0x2966, 0x39E8,
  0x4269, 0x52AB, 0x5ACC, 0x52AB, 0x528B, 0x4A49, 0x4228, 0x4208, 0x31A6, 0x31A6, 0x31A6, 0x2945, 0x2945, 0x2945, 0x2965, 0x2945,
  0x2966, 0x2966, 0x2986, 0x2966, 0x3186, 0x31A7, 0x31A7, 0x31A6, 0x31C7, 0x31A7, 0x39C7, 0x31C7, 0x39C7, 0x39E8, 0x39E8, 0x39E8,
  0x2966, 0x2966, 0x2966, 0x2966, 0x2966, 0x2965, 0x2945, 0x2945, 0x2145, 0x2125, 0x2125, 0x2125, 0x2104, 0x2104, 0x2124, 0x1904,
  0x18E4, 0x18E3, 0x18E4, 0x18E4, 0x1904, 0x18E4, 0x18C3, 0x18E3, 0x18E3, 0x18E3, 0x10C3, 0x18C3, 0x18C3, 0x10C3, 0x18C3, 0x18C3,
  0x10C3, 0x18C3, 0x18E4, 0x2104, 0x2145, 0x2965, 0x3186, 0x31C7, 0x31A7, 0x2986, 0x18E4, 0x10A2, 0x0020, 0x738E, 0xA535, 0x8C72,
  0xA535, 0x5ACB, 0x2945, 0x39C7, 0x10A3, 0x0000, 0x0020, 0x0841, 0x10A2, 0x0020, 0x2125, 0x2945, 0x0000, 0x0000, 0x0000, 0x528A,
  0x632D, 0x4229, 0x4229, 0x39C7, 0x4229, 0x4208, 0x4208, 0x39E8, 0x31A7, 0x2986, 0x2965, 0x2125, 0x2104, 0x18E4, 0x18E3, 0x18E3,
  0x18E4, 0x2145, 0x2966, 0x31A7, 0x4229, 0x4249, 0x5B0C, 0x0000, 0x3186, 0x5ACB, 0x2945, 0x6B6E, 0xA535, 0x8C92, 0x8C92, 0x8451,
  0x8431, 0x8431, 0x8C51, 0x8C52, 0x8C51, 0x8C51, 0x8431, 0x8451, 0x8431, 0x8C51, 0x8C72, 0x8C51, 0x8C51, 0x8C51, 0x8C51, 0x8431,
  0x8C72, 0x8C72, 0x8C72, 0x8C92, 0x9492, 0x8451, 0x8C72, 0x8C72, 0x8C72, 0x8C72, 0x8C72, 0x8C72, 0x8C92, 0x8C51, 0x8C72, 0x8C92,
  0x8C72, 0x9492, 0x8C51, 0x8C72, 0x9CD3, 0x8C92, 0x8C72, 0x8C92, 0x94B3, 0x9CD3, 0x94B3, 0x94D3, 0x94B3, 0x8C72, 0x9492, 0x94D3,
  0x94B3, 0x9493, 0x94B3, 0x9CD4, 0x9CF4, 0xA515, 0xAD96, 0xDEDB, 0x6B4D, 0x0000, 0x0840, 0x0000, 0x6B4D, 0xA514, 0x7BF0, 0x7BF0,
  0x73AF, 0x73AF, 0x7BF0, 0x7BF0, 0x6B8E, 0x4229, 0x31A7, 0x2945, 0x10A2, 0x1082, 0x0862, 0x0862, 0x0862, 0x0862, 0x0861, 0x2104,
  0x18E3, 0x0841, 0x1082, 0x0861, 0x1082, 0x0841, 0x0020, 0x0841, 0x1082, 0x10A2, 0x0861, 0x1082, 0x0861, 0x0841, 0x0021, 0x0862,
  0x2104, 0x2104, 0x2104, 0x0020, 0x0861, 0x0861, 0x0861, 0x0861, 0x0861, 0x0861, 0x0841, 0x0861, 0x10A2, 0x18C3, 0x2124, 0x31C7,
  0x3A08, 0x4A49, 0x4A8A, 0x52AB, 0x4A49, 0x4229, 0x39E7, 0x31A7, 0x3186, 0x2945, 0x2145, 0x2124, 0x2125, 0x2104, 0x2124, 0x2124,
  0x2124, 0x2945, 0x2145, 0x2145, 0x2965, 0x2966, 0x2945, 0x2945, 0x2965, 0x2986, 0x2965, 0x2966, 0x31A6, 0x2986, 0x3186, 0x31A6,
  0x2124, 0x2104, 0x2104, 0x2104, 0x2104, 0x2104, 0x1904, 0x1904, 0x18E4, 0x18E4, 0x18E4, 0x18E3, 0x18E4, 0x18E3, 0x18C3, 0x18C3,
  0x18C3, 0x18C3, 0x10C3, 0x18C3, 0x10C3, 0x10C3, 0x10C3, 0x10A3, 0x10A2, 0x10C2, 0x10C3, 0x10A2, 0x10A2, 0x18A3, 0x10A2, 0x18C3,
  0x18E3, 0x18E3, 0x2124, 0x2145, 0x2966, 0x3186, 0x31C7, 0x39E8, 0x39C7, 0x3186, 0x18E3, 0x0882, 0x0000, 0x9D14, 0x9CF4, 0x8C51,
  0x8C52, 0x2145, 0x4A69, 0x2124, 0x0000, 0x0020, 0x0841, 0x1082, 0x0841, 0x2124, 0x2124, 0x0000, 0x0020, 0x0020, 0x1082, 0x4208,
  0x6B6D, 0x4AAA, 0x39E8, 0x4229, 0x4229, 0x4208, 0x4208, 0x3A08, 0x39C7, 0x31A6, 0x2965, 0x2125, 0x2104, 0x2104, 0x18C3, 0x18E4,
  0x18E4, 0x2124, 0x2945, 0x3186, 0x4228, 0x4229, 0x5AEC, 0x0020, 0x1904, 0x4A8A, 0x31A7, 0x39E8, 0x9D14, 0x8C72, 0x8C51, 0x8C51,
  0x8C51, 0x8431, 0x8431, 0x8C51, 0x8451, 0x8431, 0x8C51, 0x8451, 0x8431, 0x8C72, 0x8C51, 0x8431, 0x8C51, 0x8C51, 0x8C72, 0x8C52,
  0x8C72, 0x8C72, 0x8C72, 0x8451, 0x8C92, 0x9CF4, 0xA515, 0xA555, 0xA535, 0xA515, 0x9D14, 0x9CF4, 0xA514, 0x9D14, 0x94D3, 0x8451,
  0x8452, 0x8C72, 0x9492, 0x9492, 0x9493, 0x9492, 0x9492, 0x9492, 0x8C92, 0x94B3, 0x9493, 0x94B3, 0x94B3, 0x9492, 0x8C72, 0x94B3,
  0x94B3, 0x9493, 0x9CD3, 0x9CD3, 0x9CF4, 0xA514, 0xC639, 0xBE18, 0x2104, 0x0020, 0x0020, 0x0000, 0x8411, 0x9492, 0x7BD0, 0x7BCF,
  0x7BCF, 0x7BF0, 0x8431, 0x7BF0, 0x6B4E, 0x4208, 0x31A6, 0x2125, 0x1082, 0x0862, 0x0862, 0x0861, 0x0861, 0x0861, 0x0841, 0x0841,
  0x2104, 0x0861, 0x0841, 0x0861, 0x1082, 0x0861, 0x0841, 0x0841, 0x0020, 0x1082, 0x0841, 0x0861, 0x1082, 0x0841, 0x0841, 0x0021,
  0x2124, 0x2945, 0x2104, 0x0841, 0x0841, 0x0861, 0x0861, 0x0861, 0x0861, 0x0861, 0x0841, 0x0861, 0x10A2, 0x18C3, 0x18E4, 0x3186,
  0x39C7, 0x39E8, 0x4A6A, 0x4249, 0x4208, 0x39E8, 0x31A7, 0x2966, 0x2945, 0x2104, 0x2104, 0x18E3, 0x18E3, 0x18E3, 0x18C3, 0x18E3,
  0x18C3, 0x2104, 0x2104, 0x18E4, 0x2104, 0x2104, 0x2104, 0x2104, 0x2104, 0x2104, 0x2125, 0x2125, 0x2124, 0x2125, 0x2945, 0x2945,
  0x18E4, 0x18E4, 0x18E4, 0x18E4, 0x18E3, 0x18C3, 0x18E3, 0x18E3, 0x18E4, 0x18C3, 0x18E4, 0x18E3, 0x18E3, 0x18C3, 0x18C3, 0x18C3,
  0x18E3, 0x18E3, 0x10A3, 0x10A2, 0x18C3, 0x18C3, 0x18C3, 0x18C3, 0x10A3, 0x10C3, 0x10C3, 0x18C3, 0x18E3, 0x1904, 0x18C3, 0x1904,
  0x2125, 0x2945, 0x2965, 0x31A6, 0x31A7, 0x39E8, 0x39E8, 0x3A08, 0x39E8, 0x31A7, 0x18C3, 0x0000, 0x18C3, 0xA515, 0x8C72, 0x9493,
  0x4A4A, 0x3186, 0x5AEC, 0x0000, 0x0020, 0x0020, 0x1082, 0x0861, 0x0021, 0x2104, 0x0000, 0x0000, 0x0020, 0x18E3, 0x2124, 0x39C7,
  0x6B8E, 0x3A28, 0x4A6A, 0x4A49, 0x4208, 0x3A08, 0x4229, 0x4229, 0x39C7, 0x31A7, 0x2966, 0x2125, 0x2104, 0x2104, 0x18E4, 0x18E3,
  0x18E4, 0x2104, 0x2145, 0x3186, 0x39E7, 0x3A08, 0x528A, 0x0861, 0x0861, 0x4A49, 0x528A, 0x2125, 0x8410, 0x9493, 0x8C51, 0x8451,
  0x8C51, 0x8451, 0x8431, 0x8431, 0x8C51, 0x8C51, 0x8C52, 0x8451, 0x8431, 0x8C52, 0x8C51, 0x8C52, 0x8C72, 0x8431, 0x8C52, 0x8C72,
  0x8C51, 0x8431, 0x9CD3, 0xA535, 0xA535, 0x738E, 0x630C, 0x52CB, 0x528A, 0x4A8A, 0x4A6A, 0x52AA, 0x52AB, 0x6B6E, 0x94B3, 0x9CF4,
  0x94B3, 0x8C51, 0x8C72, 0x8C72, 0x94B3, 0x8C92, 0x8C72, 0x94B3, 0x8C92, 0x9492, 0x8C92, 0x8C72, 0x9493, 0x9493, 0x94B3, 0x94B3,
  0x94B3, 0x9CD3, 0x9CF4, 0x94B3, 0x9CF4, 0xA535, 0xD69A, 0x7BF0, 0x0000, 0x0841, 0x0000, 0x0000, 0x8C72, 0x8410, 0x7BCF, 0x73AF,
  0x73AF, 0x73AF, 0x8410, 0x7C10, 0x6B6E, 0x4208, 0x3186, 0x2104, 0x1082, 0x0862, 0x0862, 0x0861, 0x0861, 0x0861, 0x0861, 0x0861,
  0x0861, 0x2124, 0x1082, 0x0841, 0x1082, 0x39C7, 0x2104, 0x0021, 0x0841, 0x0020, 0x10A2, 0x0841, 0x0861, 0x0841, 0x0021, 0x0841,
  0x18C3, 0x2965, 0x2125, 0x1082, 0x0841, 0x0861, 0x0861, 0x0861, 0x0861, 0x0861, 0x0861, 0x0861, 0x0861, 0x1082, 0x18E3, 0x2965,
  0x31A6, 0x31A7, 0x4229, 0x39E8, 0x39E8, 0x31A6, 0x2965, 0x2145, 0x18E3, 0x18C3, 0x18C3, 0x10A3, 0x18C3, 0x10A3, 0x10A3, 0x10A3,
  0x10A3, 0x10A3, 0x10A2, 0x10A3, 0x10A3, 0x18C3, 0x18C3, 0x18C3, 0x18C3, 0x18C3, 0x18C3, 0x18C3, 0x18C3, 0x18E3, 0x18E3, 0x18E4,
  0x2104, 0x1904, 0x18E4, 0x2104, 0x1904, 0x18E4, 0x2104, 0x2104, 0x2124, 0x2104, 0x2124, 0x2104, 0x18E4, 0x2124, 0x2104, 0x18E4,
  0x2104, 0x2104, 0x2104, 0x1904, 0x18E3, 0x2124, 0x18E4, 0x2104, 0x18E4, 0x18E3, 0x18E4, 0x2125, 0x2125, 0x2966, 0x2986, 0x31A7,
  0x31C7, 0x3A08, 0x3A08, 0x4229, 0x4208, 0x4229, 0x4249, 0x4229, 0x3A08, 0x31A6, 0x1082, 0x0021, 0x5ACB, 0x94B3, 0x8C92, 0xAD55,
  0x2104, 0x4A49, 0x4A49, 0x0000, 0x0020, 0x0020, 0x0862, 0x0841, 0x2104, 0x0000, 0x0000, 0x0020, 0x10A2, 0x1082, 0x0841, 0x2945,
  0x4229, 0x4229, 0x4A6A, 0x4229, 0x4208, 0x4208, 0x4208, 0x39E8, 0x39E8, 0x31A7, 0x2986, 0x2945, 0x2125, 0x2104, 0x18E4, 0x18E3,
  0x18E3, 0x2104, 0x2125, 0x3186, 0x39E8, 0x4229, 0x4A49, 0x18C3, 0x0000, 0x39E8, 0x632D, 0x31A7, 0x4A6A, 0x94B3, 0x8C72, 0x8C51,
  0x8C52, 0x8451, 0x8431, 0x8C51, 0x8C51, 0x8C52, 0x8431, 0x8C51, 0x8C51, 0x8C72, 0x8C51, 0x8C72, 0x8C51, 0x8C51, 0x8C52, 0x8C52,
  0x8C92, 0x9CF4, 0x73AF, 0x4A8A, 0x4229, 0x528A, 0x632D, 0x7BF0, 0xA4F4, 0x9CF4, 0x9CF4, 0x8431, 0x6B6E, 0x5ACB, 0x3A08, 0x4A49,
  0x632D, 0x9CD3, 0x94B3, 0x8C72, 0x94B3, 0x9492, 0x8C72, 0x94B3, 0x8C92, 0x8C92, 0x9493, 0x9493, 0x9493, 0x94B3, 0x94B3, 0x94B3,
  0x9493, 0x9CD3, 0x9CF4, 0x9CF4, 0xA535, 0xA535, 0xCE59, 0x31A6, 0x0000, 0x0020, 0x0000, 0x0000, 0x94B3, 0x7BF0, 0x7BCF, 0x73AF,
  0x738F, 0x7BF0, 0x7BCF, 0x7BD0, 0x634D, 0x39E8, 0x2966, 0x18E4, 0x10A2, 0x1082, 0x0862, 0x0861, 0x0861, 0x0861, 0x0861, 0x0861,
  0x0861, 0x10A2, 0x18E3, 0x18C3, 0x18C3, 0x39C7, 0x18C3, 0x0841, 0x0841, 0x0841, 0x1082, 0x10A2, 0x0841, 0x0862, 0x0841, 0x0021,
  0x0841, 0x2104, 0x2965, 0x18E3, 0x0861, 0x0841, 0x0861, 0x0861, 0x0861, 0x0861, 0x0861, 0x0861, 0x0861, 0x0862, 0x10A3, 0x2104,
  0x2965, 0x2966, 0x31A6, 0x31A6, 0x31A6, 0x2125, 0x2104, 0x18E4, 0x10A3, 0x10A2, 0x1082, 0x1082, 0x10A2, 0x10A2, 0x1082, 0x1082,
  0x1082, 0x1082, 0x1082, 0x10A2, 0x1082, 0x1082, 0x1082, 0x1082, 0x1082, 0x10A2, 0x1082, 0x10A2, 0x10A3, 0x10A2, 0x10A3, 0x10A2,
  0x2965, 0x2125, 0x2145, 0x2145, 0x2945, 0x2945, 0x2145, 0x2125, 0x2966, 0x2945, 0x2945, 0x2945, 0x2965, 0x2125, 0x2965, 0x2145,
  0x2125, 0x2945, 0x2125, 0x2145, 0x2125, 0x2104, 0x2125, 0x2125, 0x2966, 0x2945, 0x2945, 0x31C7, 0x31C7, 0x39E8, 0x4A69, 0x4A8A,
  0x52CB, 0x5B0C, 0x5B0C, 0x5AEC, 0x528B, 0x528A, 0x4A6A, 0x4A49, 0x3A08, 0x2986, 0x0021, 0x2986, 0x8C72, 0x8C52, 0x9CF4, 0xA515,
  0x2946, 0x4A8A, 0x2104, 0x0020, 0x0020, 0x0861, 0x0841, 0x2104, 0x2124, 0x0000, 0x0020, 0x0020, 0x10A2, 0x0020, 0x0020, 0x10A3,
  0x4229, 0x5AEB, 0x4A49, 0x4A49, 0x4249, 0x3A08, 0x3A08, 0x39E8, 0x39E8, 0x39C7, 0x3186, 0x2945, 0x2124, 0x2104, 0x18E3, 0x18E3,
  0x18E3, 0x2104, 0x2124, 0x2965, 0x39E8, 0x4208, 0x4208, 0x3186, 0x0000, 0x2986, 0x6B4E, 0x4A6A, 0x2966, 0x9CF4, 0x8C72, 0x8C72,
  0x8C72, 0x8431, 0x8431, 0x8C52, 0x8431, 0x8C51, 0x8C51, 0x8C52, 0x8C52, 0x8C51, 0x8C52, 0x8C72, 0x8C51, 0x8C72, 0x8C51, 0x9CF4,
  0x94D3, 0x5B0C, 0x39C7, 0x6B4D, 0xA514, 0xF79E, 0xEF7D, 0xEF5D, 0xE73C, 0xDEFC, 0xE71C, 0xEF7D, 0xEF7D, 0xF79E, 0xB5B7, 0x8431,
  0x5AEC, 0x528A, 0x8431, 0x9CF4, 0x8C92, 0x9493, 0x9493, 0x8C72, 0x8C72, 0x94B3, 0x9492, 0x94B3, 0x94B3, 0x94D3, 0x94B3, 0x94B3,
  0x94B3, 0x9CD3, 0x9CF4, 0xA515, 0xA535, 0xA555, 0x94B3, 0x0021, 0x0000, 0x0020, 0x0000, 0x0841, 0x9493, 0x7BCF, 0x7BCF, 0x73AF,
  0x73AF, 0x7BCF, 0x8431, 0x73AF, 0x5AEC, 0x39C7, 0x2945, 0x18E3, 0x10A2, 0x1082, 0x0862, 0x0861, 0x0861, 0x0861, 0x0861, 0x0861,
  0x0861, 0x0841, 0x0861, 0x18E3, 0x2104, 0x31A6, 0x0841, 0x1082, 0x0841, 0x0841, 0x0841, 0x1082, 0x10A2, 0x0861, 0x0862, 0x0841,
  0x0020, 0x1082, 0x2965, 0x18E3, 0x0861, 0x0841, 0x0861, 0x0861, 0x0861, 0x0861, 0x0861, 0x0861, 0x0861, 0x0862, 0x1082, 0x18C3,
  0x2104, 0x2124, 0x2125, 0x2125, 0x2945, 0x18E3, 0x18E3, 0x10C3, 0x1082, 0x1082, 0x1082, 0x1082, 0x1082, 0x10A2, 0x10A2, 0x10A2,
  0x1082, 0x10A2, 0x10A3, 0x1082, 0x1082, 0x10A2, 0x1082, 0x1082, 0x1082, 0x1082, 0x1082, 0x10A2, 0x10A3, 0x10A2, 0x10A2, 0x1082,
  0x31A6, 0x2966, 0x31A7, 0x2966, 0x2986, 0x3186, 0x2966, 0x2966, 0x31A7, 0x3186, 0x3186, 0x3186, 0x31A7, 0x2966, 0x3186, 0x3186,
  0x2986, 0x2966, 0x2945, 0x2945, 0x3186, 0x2945, 0x2945, 0x2986, 0x3186, 0x2966, 0x31A7, 0x4229, 0x4A6A, 0x4A8A, 0x5B0C, 0x6B6E,
  0x73AF, 0x8410, 0x7BF0, 0x73AF, 0x632D, 0x5AEC, 0x52AB, 0x4A49, 0x39E8, 0x2965, 0x1082, 0x738E, 0xA514, 0x8C92, 0xAD76, 0x6B4D,
  0x4228, 0x31A6, 0x0000, 0x0000, 0x0841, 0x1081, 0x18C3, 0x2124, 0x0020, 0x0020, 0x0020, 0x10A2, 0x0020, 0x0861, 0x1082, 0x10A3,
  0x5ACB, 0x632D, 0x4A49, 0x4229, 0x4229, 0x4208, 0x4208, 0x4208, 0x39E8, 0x31C7, 0x31A7, 0x2945, 0x2125, 0x2124, 0x18E3, 0x18E3,
  0x18E3, 0x1904, 0x2104, 0x2945, 0x31C7, 0x3A08, 0x4208, 0x4208, 0x0020, 0x2104, 0x5B0C, 0x630C, 0x2145, 0xA515, 0x8C92, 0x8C52,
  0x8C52, 0x8431, 0x8431, 0x8C51, 0x8C51, 0x8451, 0x8451, 0x8431, 0x8451, 0x8C51, 0x8C51, 0x8C72, 0x8C52, 0x8C51, 0x9492, 0x7BCF,
  0x18E3, 0x3186, 0xEF5D, 0xFFFF, 0xFFDF, 0x94B2, 0x632C, 0x4208, 0x4208, 0x4228, 0x39C7, 0x634D, 0xCE7A, 0xFFFF, 0xFFFF, 0xFFFF,
  0xFFFF, 0x6B4D, 0x2145, 0x526A, 0xA514, 0x8C92, 0x9492, 0x94B3, 0x8C92, 0x9493, 0x94B3, 0x94B3, 0x9493, 0x9492, 0x94B3, 0x94B3,
  0x94B3, 0x94B3, 0x94D3, 0xA514, 0xA535, 0xBDD8, 0x4A69, 0x0000, 0x0020, 0x0020, 0x0000, 0x10A2, 0x8451, 0x73AF, 0x73AF, 0x738E,
  0x73AF, 0x73AF, 0x8431, 0x6B6E, 0x5AEC, 0x31A7, 0x2124, 0x18C3, 0x1082, 0x0861, 0x1082, 0x0861, 0x0861, 0x0861, 0x0861, 0x0861,
  0x0861, 0x0861, 0x0841, 0x0862, 0x2104, 0x2125, 0x0841, 0x1082, 0x1082, 0x0841, 0x0020, 0x0841, 0x10A2, 0x0861, 0x1082, 0x0862,
  0x0021, 0x0000, 0x18E3, 0x2124, 0x10A2, 0x0861, 0x0841, 0x0861, 0x0861, 0x0861, 0x0861, 0x0861, 0x0861, 0x0861, 0x0862, 0x10A2,
  0x18C3, 0x18C3, 0x2104, 0x18E4, 0x18E3, 0x10A2, 0x10A2, 0x1082, 0x0862, 0x1082, 0x1082, 0x10A2, 0x10A3, 0x18C3, 0x18C3, 0x18C3,
  0x18C3, 0x18E3, 0x18E3, 0x18C3, 0x18C3, 0x18E3, 0x10C3, 0x10C3, 0x10A3, 0x10A3, 0x10A2, 0x10C3, 0x10C3, 0x10A3, 0x10A3, 0x10A3,
  0x39C7, 0x3186, 0x31A7, 0x31A7, 0x31A7, 0x31A7, 0x39E8, 0x39C7, 0x39C7, 0x31A7, 0x31A7, 0x31A7, 0x2986, 0x3186, 0x2966, 0x31A7,
  0x2986, 0x2945, 0x2966, 0x2966, 0x2966, 0x2966, 0x2966, 0x3186, 0x2966, 0x3186, 0x4208, 0x4A6A, 0x5ACC, 0x632D, 0x7BCF, 0x8C52,
  0x94B3, 0x94B3, 0x8C72, 0x8C72, 0x6B6E, 0x632D, 0x5AEC, 0x4229, 0x39E7, 0x2144, 0x4229, 0x9CD4, 0x9CD4, 0xA535, 0x9CD3, 0x2945,
  0x4208, 0x1082, 0x0000, 0x0841, 0x10A2, 0x0020, 0x2104, 0x0020, 0x0000, 0x0020, 0x1082, 0x10A2, 0x0861, 0x2966, 0x10A2, 0x10A2,
  0x4A69, 0x5B2C, 0x4A49, 0x4229, 0x4208, 0x4208, 0x3A08, 0x4208, 0x39E8, 0x31A7, 0x31A7, 0x2966, 0x2945, 0x2104, 0x18E4, 0x18E4,
  0x18E3, 0x18E4, 0x2104, 0x2145, 0x31C7, 0x39E8, 0x4229, 0x4A49, 0x0020, 0x10A2, 0x52CB, 0x634D, 0x39E8, 0x9CD4, 0x9CD4, 0x8C72,
  0x8431, 0x8C51, 0x8431, 0x8451, 0x8431, 0x8451, 0x8431, 0x8431, 0x8451, 0x8C51, 0x8C52, 0x8C72, 0x8C51, 0x9492, 0xAD55, 0x0000,
  0x630C, 0xF77E, 0xFFFF, 0xCE79, 0x738E, 0x0000, 0x0000, 0x0000, 0x632D, 0x73AE, 0x630C, 0x31C7, 0xBE18, 0xFFFF, 0xF7BE, 0xF79E,
  0xF7BE, 0xFFFF, 0xAD75, 0x2124, 0x9CD4, 0xA514, 0x9492, 0x94B3, 0x94B3, 0x8C72, 0x94B3, 0x9493, 0x94B3, 0x9492, 0x8C72, 0x9492,
  0x94B3, 0x94B3, 0x9CD3, 0xA555, 0xAD56, 0xCE7A, 0x10A2, 0x0000, 0x0841, 0x0020, 0x0000, 0x2986, 0x7C10, 0x73AF, 0x6B8E, 0x6B8E,
  0x73AF, 0x7BD0, 0x7BD0, 0x634D, 0x52CB, 0x3186, 0x2104, 0x18C3, 0x1082, 0x1082, 0x0861, 0x0861, 0x0861, 0x0861, 0x0861, 0x0861,
  0x0861, 0x0861, 0x0861, 0x0861, 0x10A3, 0x0861, 0x18C3, 0x0841, 0x1082, 0x1082, 0x0841, 0x0020, 0x0841, 0x10A2, 0x0861, 0x1082,
  0x0020, 0x0020, 0x0841, 0x2965, 0x18E3, 0x0862, 0x0861, 0x0861, 0x0861, 0x0861, 0x0861, 0x0861, 0x0861, 0x0861, 0x0861, 0x1082,
  0x1082, 0x10A3, 0x18C3, 0x10A3, 0x10A2, 0x1082, 0x1082, 0x1082, 0x1082, 0x1082, 0x10A2, 0x18E3, 0x18E4, 0x2104, 0x2124, 0x2945,
  0x2945, 0x2945, 0x2945, 0x2965, 0x2945, 0x2125, 0x2124, 0x2945, 0x2145, 0x2124, 0x2124, 0x2124, 0x2104, 0x2104, 0x18E4, 0x18E4,
  0x39E8, 0x39E8, 0x3186, 0x39C7, 0x31A7, 0x31A7, 0x39C7, 0x31C7, 0x3186, 0x31C7, 0x31A7, 0x31A7, 0x2966, 0x2966, 0x2966, 0x2966,
  0x2945, 0x3186, 0x2945, 0x2966, 0x2986, 0x2966, 0x2966, 0x2966, 0x31A7, 0x39C7, 0x4208, 0x4A6A, 0x52AB, 0x6B6E, 0x8451, 0x9CD3,
  0xA514, 0xA514, 0xA515, 0x9CD4, 0x7BF0, 0x6B4D, 0x5AEC, 0x4A49, 0x31C7, 0x0881, 0x8431, 0x9CF4, 0x8C72, 0xB5B7, 0x52AB, 0x0021,
  0x2124, 0x0000, 0x0000, 0x3186, 0x18C3, 0x0862, 0x0020, 0x0000, 0x0020, 0x1082, 0x1082, 0x0000, 0x3186, 0x2104, 0x0000, 0x0882,
  0x3A08, 0x630C, 0x4229, 0x4229, 0x4208, 0x4208, 0x4208, 0x4208, 0x4208, 0x39C7, 0x31A7, 0x2966, 0x2945, 0x2124, 0x2104, 0x18E4,
  0x18E3, 0x18E4, 0x2104, 0x2145, 0x31A7, 0x39E8, 0x4208, 0x528A, 0x10A2, 0x0020, 0x52AB, 0x5AEC, 0x5B0C, 0x73AF, 0xA535, 0x9492,
  0x8C51, 0x8C72, 0x8C51, 0x8431, 0x8C51, 0x8C52, 0x8451, 0x8C72, 0x8C52, 0x8C52, 0x8C72, 0x8C72, 0x8C51, 0xAD55, 0x6B8E, 0x7BEF,
  0xFFFF, 0xFFFF, 0x632C, 0x18C3, 0x0000, 0x0000, 0x0841, 0x0841, 0x10A3, 0x18A3, 0x2104, 0x0000, 0x10A3, 0x73CF, 0xFFFF, 0xFFFF,
  0xD69A, 0xFFFF, 0xFFFF, 0xE71C, 0x2104, 0xA535, 0x9CD4, 0x94B3, 0x94B3, 0x9493, 0x9493, 0x94B3, 0x94B3, 0x9CD3, 0x9493, 0x8C72,
  0x9CF4, 0x9CD4, 0x94D3, 0xAD55, 0xB5B7, 0xD69B, 0x0000, 0x0020, 0x0841, 0x0000, 0x0000, 0x528A, 0x73AF, 0x73AF, 0x6B8E, 0x6B8E,
  0x73CF, 0x7BD0, 0x73AF, 0x634D, 0x4A8A, 0x2965, 0x2104, 0x18C3, 0x1082, 0x1082, 0x0861, 0x0861, 0x0861, 0x0861, 0x0861, 0x0861,
  0x0861, 0x0861, 0x0861, 0x1082, 0x0862, 0x0021, 0x1082, 0x0861, 0x0841, 0x1082, 0x0841, 0x0841, 0x0020, 0x18C3, 0x1082, 0x1082,
  0x0841, 0x0021, 0x0020, 0x2966, 0x2124, 0x1082, 0x0861, 0x0861, 0x0861, 0x0861, 0x0861, 0x0861, 0x0861, 0x0861, 0x0861, 0x1082,
  0x1082, 0x1082, 0x1082, 0x1082, 0x1082, 0x0862, 0x0862, 0x0862, 0x10A3, 0x18C3, 0x18C3, 0x2124, 0x2145, 0x2965, 0x4208, 0x4208,
  0x4208, 0x39E8, 0x39E7, 0x39E8, 0x39E7, 0x39E8, 0x39E7, 0x39C7, 0x39C7, 0x39C7, 0x31A7, 0x31A6, 0x39C7, 0x31A6, 0x31A7, 0x31A6,
  0x31A7, 0x39E8, 0x31A7, 0x39E8, 0x31A7, 0x39C7, 0x31A7, 0x31A7, 0x2986, 0x39C7, 0x31A7, 0x31A7, 0x39C7, 0x31A7, 0x39C7, 0x31A7,
  0x31A7, 0x39E8, 0x31A7, 0x31A7, 0x31A7, 0x39C7, 0x39E8, 0x31A7, 0x39E8, 0x4208, 0x39C7, 0x4229, 0x4A6A, 0x632D, 0x8410, 0x94B3,
  0x9CF4, 0xB596, 0xB5B7, 0x9CF4, 0x7C10, 0x6B4D, 0x5ACC, 0x4228, 0x2144, 0x0040, 0xA515, 0x94B3, 0x8C92, 0x8C52, 0x0862, 0x18C3,
  0x0841, 0x0000, 0x0000, 0x4A6A, 0x2945, 0x2104, 0x0000, 0x0020, 0x0000, 0x10A2, 0x0020, 0x0021, 0x2104, 0x0000, 0x0000, 0x0861,
  0x39E7, 0x632D, 0x4229, 0x4229, 0x4229, 0x4208, 0x3A08, 0x3A08, 0x4208, 0x3A08, 0x31A7, 0x2966, 0x2945, 0x2145, 0x1904, 0x18E3,
  0x18C3, 0x18E3, 0x18E4, 0x2124, 0x3186, 0x39C7, 0x4229, 0x52AB, 0x2965, 0x0000, 0x528A, 0x52CB, 0x6B6E, 0x4209, 0x9CF4, 0x9493,
  0x8C72, 0x8C51, 0x8C51, 0x8451, 0x8431, 0x8C51, 0x8431, 0x8451, 0x8C51, 0x8451, 0x8C72, 0x8C72, 0x94B3, 0x8C72, 0x0041, 0xFFFF,
  0xFFFF, 0xEF7D, 0x0000, 0x0000, 0x4A49, 0x4229, 0x0861, 0x0000, 0x2124, 0x3186, 0x2945, 0x18E3, 0x2945, 0x1082, 0x8410, 0xE73C,
  0xEF5D, 0xDEFC, 0xFFFF, 0xFFFF, 0x0000, 0x52AB, 0xA535, 0x9493, 0x9492, 0x9CD3, 0x8C92, 0x94B3, 0x94B3, 0x9493, 0x94B3, 0x94B3,
  0x94D3, 0x9CF4, 0x9CF4, 0xA555, 0xC639, 0xB597, 0x0000, 0x0840, 0x0841, 0x0000, 0x0020, 0x6B4D, 0x73AF, 0x73AF, 0x6B6E, 0x6B6E,
  0x7BCF, 0x7BF0, 0x7BCF, 0x634D, 0x4A8A, 0x2965, 0x18E4, 0x10A2, 0x0861, 0x0861, 0x0861, 0x0861, 0x0861, 0x0861, 0x0861, 0x0861,
  0x0861, 0x0861, 0x0861, 0x0862, 0x0841, 0x0841, 0x0000, 0x18C3, 0x0861, 0x0861, 0x0861, 0x0020, 0x0841, 0x0841, 0x18C3, 0x10A3,
  0x18E3, 0x0000, 0x0021, 0x2104, 0x2945, 0x18C3, 0x0861, 0x0841, 0x0861, 0x0861, 0x0861, 0x0861, 0x0861, 0x0861, 0x0861, 0x1081,
  0x1082, 0x1082, 0x1082, 0x0862, 0x1082, 0x0862, 0x0862, 0x0862, 0x10A3, 0x18C3, 0x18E3, 0x2966, 0x2966, 0x39E7, 0x31A7, 0x2125,
  0x2125, 0x2104, 0x18E4, 0x18E4, 0x2104, 0x2104, 0x2104, 0x2104, 0x1904, 0x2125, 0x2124, 0x1904, 0x2124, 0x2125, 0x2965, 0x2966,
  0x39C7, 0x39E8, 0x39E8, 0x39E8, 0x39E8, 0x4208, 0x3A08, 0x39E8, 0x4208, 0x3A08, 0x39E8, 0x3A08, 0x4229, 0x4229, 0x3A08, 0x4229,
  0x4208, 0x4229, 0x4249, 0x4229, 0x4229, 0x4208, 0x4229, 0x4229, 0x39E8, 0x39E8, 0x39E8, 0x39E8, 0x4A49, 0x528A, 0x73AF, 0x8C51,
  0x9CF4, 0xAD96, 0xAD76, 0x9D14, 0x7BCF, 0x6B6E, 0x5ACC, 0x39C7, 0x0882, 0x31A7, 0x9CD4, 0x8C72, 0x9CD4, 0x39C7, 0x0000, 0x3186,
  0x0000, 0x0000, 0x0020, 0x52AB, 0x31A6, 0x0841, 0x0020, 0x0000, 0x0841, 0x0020, 0x0841, 0x2966, 0x0000, 0x0000, 0x0020, 0x0861,
  0x2986, 0x5B0C, 0x4229, 0x4229, 0x4229, 0x4208, 0x39E8, 0x3A08, 0x4208, 0x39E8, 0x31A7, 0x3186, 0x2966, 0x2945, 0x18E4, 0x18E3,
  0x18C3, 0x18E3, 0x18E3, 0x2104, 0x3186, 0x31A7, 0x39E8, 0x4A8A, 0x31A7, 0x0000, 0x528A, 0x52CB, 0x630C, 0x2945, 0x8410, 0x9CD4,
  0x8C72, 0x8C51, 0x8C51, 0x8C52, 0x8451, 0x8431, 0x8C51, 0x8451, 0x8431, 0x8C52, 0x8C52, 0x8C72, 0x9CF4, 0x52AA, 0x0000, 0xFFFF,
  0xFFFF, 0x8430, 0x18C3, 0x7BCF, 0xD6BB, 0x4208, 0x0000, 0x0841, 0x528A, 0x6B6D, 0x7BEF, 0x2965, 0x5ACB, 0xCE9A, 0x528A, 0x5ACB,
  0xD69B, 0x630C, 0xE73C, 0xFFFF, 0x4A6A, 0x10A3, 0x9CD3, 0x8C92, 0x9492, 0x94B3, 0x94B3, 0x94B3, 0x9492, 0x94B3, 0x94B3, 0x8C72,
  0x9CD4, 0x94D3, 0xA535, 0xAD56, 0xD69A, 0x6B6E, 0x0000, 0x0861, 0x0841, 0x0000, 0x18E3, 0x7BF0, 0x6B6E, 0x6B6E, 0x6B4D, 0x6B8E,
  0x7BCF, 0x7C10, 0x6B6E, 0x630C, 0x4A6A, 0x2145, 0x18E4, 0x10A2, 0x0861, 0x0861, 0x0861, 0x0861, 0x0861, 0x0861, 0x0861, 0x0861,
  0x0861, 0x0861, 0x0861, 0x1082, 0x0000, 0x0841, 0x0841, 0x1082, 0x18E3, 0x0861, 0x10A2, 0x0841, 0x0020, 0x0020, 0x0021, 0x18C3,
  0x2966, 0x0861, 0x0000, 0x0862, 0x2945, 0x18E4, 0x1081, 0x0861, 0x0841, 0x0861, 0x0861, 0x0861, 0x0861, 0x0861, 0x0861, 0x0861,
  0x0861, 0x0861, 0x0862, 0x0861, 0x0861, 0x0861, 0x0861, 0x0862, 0x1082, 0x18E3, 0x2104, 0x2966, 0x39E8, 0x39E7, 0x0000, 0x0000,
  0x0020, 0x0841, 0x0021, 0x0841, 0x0841, 0x0841, 0x0841, 0x0841, 0x0841, 0x0841, 0x0861, 0x0841, 0x0841, 0x0861, 0x0862, 0x1082,
  0x4A49, 0x4A49, 0x4A49, 0x4A49, 0x4A49, 0x4208, 0x528A, 0x4A6A, 0x4A49, 0x4A49, 0x4A6A, 0x4A6A, 0x4A49, 0x4A49, 0x4A6A, 0x4A49,
  0x4A49, 0x4A6A, 0x4A6A, 0x4229, 0x4A49, 0x4229, 0x4229, 0x4A6A, 0x3A08, 0x31C7, 0x31A7, 0x31A7, 0x39E7, 0x3A08, 0x6B4D, 0x7BF0,
  0x8C72, 0xA514, 0x9CD3, 0x94D3, 0x73AF, 0x6B4D, 0x5ACB, 0x2104, 0x10A3, 0x73AF, 0x8C72, 0x8C93, 0xA535, 0x0000, 0x1082, 0x2945,
  0x0000, 0x0000, 0x2124, 0x4A6A, 0x10A2, 0x0000, 0x0020, 0x0021, 0x1082, 0x0021, 0x2965, 0x2104, 0x0000, 0x0020, 0x0841, 0x1082,
  0x2104, 0x5AEB, 0x4229, 0x4229, 0x4229, 0x4208, 0x4208, 0x3A08, 0x4208, 0x39E8, 0x39C7, 0x3186, 0x2966, 0x2945, 0x1904, 0x18E4,
  0x18C3, 0x18E3, 0x18E3, 0x2104, 0x2986, 0x31A7, 0x39E8, 0x4A49, 0x4229, 0x0000, 0x4A69, 0x52CB, 0x5AEC, 0x3187, 0x528A, 0x9D14,
  0x8C52, 0x8C52, 0x8C72, 0x8431, 0x8C51, 0x8451, 0x8451, 0x8C51, 0x8C51, 0x8C52, 0x8C51, 0x8C72, 0x9CD3, 0x4208, 0x10A3, 0xFFFF,
  0xFFFF, 0x528A, 0x4A49, 0x5ACB, 0x31A6, 0x0000, 0x0020, 0x0841, 0x0020, 0x0020, 0x1082, 0x0000, 0x0020, 0x4208, 0xFFFF, 0xCE59,
  0x7BCF, 0x1082, 0xD6BA, 0xFFFF, 0x630C, 0x10A3, 0x9493, 0x9492, 0x94B3, 0x94B3, 0x94B3, 0x94B3, 0x9493, 0x9CD4, 0x94D3, 0x94B3,
  0x9CF4, 0x9D14, 0xA514, 0xBDF8, 0xBDD7, 0x2124, 0x0841, 0x0861, 0x0841, 0x0000, 0x31C7, 0x8451, 0x6B4E, 0x6B6E, 0x6B4E, 0x6B6E,
  0x73AF, 0x7BF0, 0x6B6E, 0x52CB, 0x4229, 0x2145, 0x18E4, 0x18A2, 0x0861, 0x0861, 0x0861, 0x0861, 0x0861, 0x0861, 0x0861, 0x0861,
  0x0861, 0x0861, 0x0861, 0x0862, 0x2104, 0x0861, 0x0021, 0x0020, 0x1082, 0x18C3, 0x1082, 0x10A2, 0x0841, 0x0841, 0x0000, 0x0861,
  0x31C7, 0x2104, 0x0000, 0x0020, 0x18C3, 0x2104, 0x0861, 0x0841, 0x0861, 0x0861, 0x0861, 0x0861, 0x0861, 0x0861, 0x0861, 0x0861,
  0x0861, 0x0861, 0x0861, 0x0861, 0x0861, 0x0861, 0x0861, 0x0861, 0x10A2, 0x18C3, 0x2124, 0x31A6, 0x39C7, 0x0862, 0x0821, 0x0841,
  0x0841, 0x0861, 0x0841, 0x0861, 0x0841, 0x0861, 0x0841, 0x0841, 0x0841, 0x0841, 0x0841, 0x0861, 0x0841, 0x0841, 0x0841, 0x0841,
  0x4A6A, 0x4A6A, 0x4A8A, 0x4A6A, 0x4A6A, 0x528A, 0x4A49, 0x4A6A, 0x4A6A, 0x528A, 0x4A6A, 0x4A6A, 0x4A6A, 0x4A6A, 0x528A, 0x4A49,
  0x4A49, 0x4A6A, 0x4229, 0x4229, 0x4A49, 0x4229, 0x4229, 0x4229, 0x39E8, 0x31A7, 0x3186, 0x2966, 0x3186, 0x31C7, 0x4A6A, 0x630C,
  0x7BCF, 0x9493, 0x9492, 0x8C72, 0x73AF, 0x630C, 0x528A, 0x1082, 0x4A49, 0x9CD4, 0x8C72, 0x9CF4, 0xA535, 0x0000, 0x2104, 0x0862,
  0x0000, 0x1082, 0x39E7, 0x2125, 0x0000, 0x0020, 0x0021, 0x1082, 0x0861, 0x2965, 0x2124, 0x0000, 0x0020, 0x0020, 0x10A2, 0x0861,
  0x18E4, 0x52AB, 0x4229, 0x4A49, 0x4229, 0x4208, 0x4229, 0x4208, 0x4208, 0x3A08, 0x39E8, 0x31A7, 0x2966, 0x2965, 0x2124, 0x18E4,
  0x18C3, 0x18C3, 0x18E3, 0x2104, 0x2966, 0x3186, 0x39E8, 0x4229, 0x52AB, 0x1082, 0x39E8, 0x52AB, 0x5ACB, 0x4A6A, 0x3186, 0x8C72,
  0x8C52, 0x8C72, 0x8C52, 0x8431, 0x8431, 0x8451, 0x8C51, 0x8411, 0x8C51, 0x8431, 0x8C51, 0x8431, 0x94B3, 0x632D, 0x18E4, 0xFFFF,
  0xFFFF, 0x9CF4, 0x1082, 0x0000, 0x0000, 0x0020, 0x0021, 0x0841, 0x31A6, 0x4228, 0x39E7, 0x18E3, 0x2965, 0x18C3, 0x31A6, 0xCE79,
  0x94B2, 0x630C, 0xF7BE, 0xFFFF, 0x31A7, 0x31A7, 0x9CF4, 0x9493, 0x94B3, 0x94B3, 0x9492, 0x9492, 0x9493, 0x94B3, 0x94D3, 0x9CD3,
  0x9CD3, 0x9CF4, 0x9CF4, 0xD6BB, 0x7C10, 0x0000, 0x0841, 0x0841, 0x0841, 0x0000, 0x52AB, 0x8431, 0x6B6E, 0x6B4D, 0x6B4D, 0x6B6E,
  0x73AF, 0x7BF0, 0x6B6E, 0x52AB, 0x3A08, 0x2125, 0x18C3, 0x1082, 0x0861, 0x0861, 0x0861, 0x0861, 0x0861, 0x0861, 0x0861, 0x0861,
  0x0861, 0x0861, 0x1082, 0x0861, 0x31A7, 0x1082, 0x0021, 0x0841, 0x0020, 0x10A2, 0x0861, 0x1082, 0x1082, 0x0020, 0x0841, 0x0020,
  0x31A7, 0x31A6, 0x1082, 0x0000, 0x0841, 0x18E4, 0x0861, 0x0841, 0x0861, 0x0861, 0x0861, 0x0861, 0x0861, 0x0861, 0x0861, 0x0861,
  0x0861, 0x0861, 0x0861, 0x0861, 0x0861, 0x0861, 0x0861, 0x0861, 0x10A2, 0x18C3, 0x18E4, 0x3186, 0x2124, 0x0841, 0x1082, 0x0862,
  0x0861, 0x0861, 0x0861, 0x0861, 0x0861, 0x0861, 0x0861, 0x0861, 0x0861, 0x0861, 0x0861, 0x0861, 0x0861, 0x0861, 0x0861, 0x0861,
  0x4A6A, 0x4A6A, 0x4A8A, 0x4A49, 0x4A6A, 0x4A8A, 0x4A49, 0x4A49, 0x4A49, 0x4A49, 0x4A6A, 0x4A49, 0x4229, 0x4208, 0x4229, 0x4208,
  0x4208, 0x4229, 0x39E8, 0x4208, 0x4208, 0x39E8, 0x39E8, 0x3A08, 0x31A7, 0x31A7, 0x2986, 0x2945, 0x2125, 0x2965, 0x4208, 0x52CB,
  0x6B6E, 0x8451, 0x8C72, 0x8C51, 0x738E, 0x5AEC, 0x4229, 0x2125, 0x8431, 0x9CD4, 0x9492, 0xA555, 0x6B6E, 0x10A2, 0x18E3, 0x0000,
  0x0000, 0x2945, 0x4228, 0x0020, 0x0000, 0x0020, 0x0862, 0x1082, 0x0841, 0x2125, 0x0000, 0x0000, 0x0020, 0x1082, 0x1082, 0x0841,
  0x18C3, 0x528A, 0x4229, 0x4229, 0x4229, 0x4208, 0x3A08, 0x4208, 0x39E8, 0x4208, 0x39E8, 0x31A7, 0x2986, 0x2965, 0x2124, 0x18E4,
  0x18E3, 0x18C3, 0x18E3, 0x2104, 0x2945, 0x3186, 0x31C7, 0x4208, 0x4A6A, 0x2124, 0x31A6, 0x52AB, 0x528B, 0x5AEC, 0x2966, 0x630C,
  0x9492, 0x9493, 0x8431, 0x8C72, 0x8431, 0x8C51, 0x8C51, 0x8451, 0x8C52, 0x8C51, 0x8C51, 0x8C51, 0x9492, 0x8431, 0x4208, 0xFFFF,
  0xFFFF, 0xFFDF, 0x0000, 0x0000, 0x3186, 0x0021, 0x0020, 0x0841, 0x39E7, 0x52AA, 0x632C, 0x2104, 0x4228, 0xAD76, 0x6B4D, 0x39C7,
  0x5ACB, 0xDEDB, 0xFFFF, 0xFFFF, 0x18C4, 0x7BF0, 0x9CF4, 0x94B3, 0x94B3, 0x94B3, 0x94B3, 0x9CD3, 0x9492, 0x94D3, 0x94B3, 0x9CD3,
  0x9CF4, 0xA514, 0xAD76, 0xBDF8, 0x31A7, 0x0000, 0x0841, 0x0841, 0x0841, 0x0841, 0x634D, 0x7BF0, 0x6B6E, 0x634D, 0x6B4E, 0x6B6E,
  0x73CF, 0x7BD0, 0x632D, 0x52AB, 0x3A08, 0x18E4, 0x10A2, 0x1082, 0x0861, 0x0861, 0x0861, 0x0861, 0x0861, 0x0861, 0x0861, 0x0861,
  0x0861, 0x0861, 0x0861, 0x0862, 0x2104, 0x0841, 0x10A2, 0x0841, 0x0841, 0x0020, 0x18C3, 0x0861, 0x1082, 0x0020, 0x0841, 0x0020,
  0x2104, 0x31C7, 0x2945, 0x0000, 0x0020, 0x1082, 0x1082, 0x0861, 0x0841, 0x0861, 0x0841, 0x0861, 0x0861, 0x0861, 0x0861, 0x0861,
  0x0861, 0x0861, 0x0861, 0x0861, 0x0841, 0x0861, 0x0861, 0x0861, 0x10A2, 0x10A3, 0x18C3, 0x2966, 0x18E4, 0x1082, 0x0862, 0x0861,
  0x0861, 0x0861, 0x0861, 0x0861, 0x0861, 0x0861, 0x0861, 0x0861, 0x0861, 0x0861, 0x0861, 0x0861, 0x0861, 0x0861, 0x0861, 0x0861,
  0x4A6A, 0x4A49, 0x4229, 0x4249, 0x4229, 0x4229, 0x4249, 0x4229, 0x39E8, 0x39E8, 0x39E8, 0x3A08, 0x39E8, 0x39C7, 0x31C7, 0x31C7,
  0x31A7, 0x39C7, 0x39C7, 0x3186, 0x31A7, 0x31A7, 0x3186, 0x3186, 0x2966, 0x2945, 0x2945, 0x2104, 0x2124, 0x2145, 0x4208, 0x528B,
  0x5B0C, 0x8431, 0x8431, 0x8411, 0x634D, 0x528A, 0x3186, 0x5B0C, 0x9CD3, 0x8C51, 0x94D3, 0x94B3, 0x2104, 0x1903, 0x0841, 0x0000,
  0x10A2, 0x31A7, 0x39E8, 0x0000, 0x0020, 0x0000, 0x1082, 0x0841, 0x2124, 0x0000, 0x0000, 0x0020, 0x1081, 0x1082, 0x0841, 0x0841,
  0x10C3, 0x4A6A, 0x4249, 0x4229, 0x4229, 0x4229, 0x39E8, 0x4208, 0x4208, 0x4208, 0x39E8, 0x31A7, 0x3186, 0x2966, 0x2104, 0x1904,
  0x18E3, 0x18C3, 0x18C3, 0x18E4, 0x2145, 0x3186, 0x31A7, 0x4208, 0x4A6A, 0x31A6, 0x2104, 0x4A8A, 0x52AB, 0x630C, 0x4229, 0x31A7,
  0x9CD3, 0x8C72, 0x8C51, 0x8C52, 0x8C51, 0x8451, 0x8431, 0x8451, 0x8451, 0x8C51, 0x8C52, 0x8C51, 0x8C52, 0x9492, 0x7BF0, 0xD6BA,
  0xFFFF, 0xFFFF, 0x7BEF, 0x10A3, 0x0000, 0x0000, 0x0000, 0x0020, 0x0020, 0x0841, 0x0841, 0x0000, 0x0000, 0x0861, 0xCE79, 0x9CF4,
  0x5AEB, 0xFFFF, 0xFFDF, 0xA514, 0x738E, 0x9CF4, 0x9492, 0x9492, 0x8C72, 0x8C72, 0x9493, 0x94B3, 0x9492, 0x94B3, 0x94B3, 0x94D3,
  0xA514, 0xAD55, 0xAD76, 0x8431, 0x0000, 0x0020, 0x0841, 0x0841, 0x0020, 0x18E3, 0x73AF, 0x73AF, 0x6B4D, 0x632D, 0x6B4D, 0x6B6E,
  0x73CF, 0x73CF, 0x630D, 0x4A6A, 0x39E8, 0x18E4, 0x18C3, 0x1082, 0x0861, 0x0861, 0x0861, 0x0861, 0x0861, 0x0861, 0x0861, 0x0861,
  0x0861, 0x0861, 0x0862, 0x1082, 0x18C3, 0x0021, 0x1082, 0x0020, 0x0020, 0x0841, 0x10A2, 0x18C3, 0x0861, 0x1082, 0x0020, 0x0840,
  0x0862, 0x2966, 0x31A6, 0x0000, 0x0020, 0x0841, 0x10A2, 0x0861, 0x0841, 0x0861, 0x0861, 0x0861, 0x0861, 0x0861, 0x0861, 0x0861,
  0x0861, 0x0861, 0x0861, 0x0861, 0x0841, 0x0861, 0x0841, 0x0861, 0x0862, 0x10A2, 0x18C3, 0x2125, 0x0862, 0x0841, 0x0862, 0x0862,
  0x0861, 0x0861, 0x0861, 0x0861, 0x0861, 0x0861, 0x0861, 0x0861, 0x0861, 0x0861, 0x0861, 0x0861, 0x0861, 0x1061, 0x1061, 0x1061,
  0x39E8, 0x39E8, 0x4208, 0x39C7, 0x39C7, 0x39C7, 0x39C7, 0x31C7, 0x31A7, 0x39C7, 0x31A7, 0x31A7, 0x31A7, 0x31A7, 0x2986, 0x3186,
  0x2966, 0x2966, 0x2945, 0x2966, 0x2966, 0x2966, 0x2945, 0x2965, 0x2124, 0x2125, 0x2125, 0x18E3, 0x2104, 0x2124, 0x39E8, 0x4A6A,
  0x5AEC, 0x7BF0, 0x8410, 0x7BF0, 0x630C, 0x4229, 0x18E3, 0x8C72, 0x8C92, 0x8431, 0xA535, 0x52CB, 0x0000, 0x10A2, 0x0000, 0x0000,
  0x2104, 0x31A7, 0x2125, 0x0020, 0x0000, 0x0841, 0x0020, 0x18E4, 0x2945, 0x0000, 0x0020, 0x0000, 0x10A2, 0x0841, 0x0862, 0x0861,
  0x10A2, 0x4208, 0x4A6A, 0x4229, 0x4208, 0x4229, 0x4208, 0x4208, 0x39E8, 0x39E8, 0x39E8, 0x31A7, 0x3186, 0x2986, 0x2124, 0x2104,
  0x18E3, 0x18C3, 0x18C3, 0x18E3, 0x2125, 0x2966, 0x31C7, 0x39E8, 0x4229, 0x39E8, 0x1082, 0x4A49, 0x52CB, 0x5AEC, 0x5ACB, 0x2946,
  0xA535, 0x8C51, 0x8C72, 0x8451, 0x8C51, 0x8C51, 0x8451, 0x8431, 0x8C72, 0x8451, 0x8C52, 0x8C51, 0x8C51, 0x8C51, 0x9492, 0x8C51,
  0xDEFC, 0xFFFF, 0xFFFF, 0xC638, 0x6B4D, 0x1082, 0x0000, 0x0000, 0x18C3, 0x31A7, 0x31A7, 0x0000, 0x10A3, 0x2104, 0x73AE, 0xE71C,
  0xFFFF, 0xE71C, 0x8431, 0x39C7, 0xA515, 0x94B3, 0x8C92, 0x94B3, 0x8C72, 0x8C72, 0x8C92, 0x9492, 0x94B3, 0x94B3, 0x94D3, 0x9CD3,
  0xA514, 0xA535, 0xB597, 0x39C7, 0x0000, 0x0841, 0x0841, 0x0841, 0x0020, 0x39C7, 0x7C10, 0x6B4E, 0x6B4D, 0x632D, 0x634D, 0x738E,
  0x73AF, 0x7BF0, 0x5AEC, 0x4249, 0x31C7, 0x18E3, 0x10A2, 0x1082, 0x0861, 0x0861, 0x0861, 0x0861, 0x0861, 0x0861, 0x0861, 0x0861,
  0x0861, 0x0861, 0x1082, 0x1082, 0x18C3, 0x0861, 0x0861, 0x0861, 0x0020, 0x0020, 0x0020, 0x18C3, 0x18C3, 0x10A2, 0x1082, 0x0020,
  0x0000, 0x18C3, 0x31A7, 0x0861, 0x0000, 0x0020, 0x18C3, 0x1082, 0x0841, 0x0861, 0x0861, 0x0861, 0x0861, 0x0861, 0x0861, 0x0861,
  0x0861, 0x0861, 0x0861, 0x0861, 0x0841, 0x0841, 0x0841, 0x0861, 0x0862, 0x1082, 0x18C3, 0x18E3, 0x0021, 0x0841, 0x0862, 0x0862,
  0x0861, 0x0861, 0x0861, 0x0861, 0x0861, 0x0861, 0x0861, 0x0882, 0x1061, 0x1061, 0x1061, 0x1061, 0x1061, 0x0862, 0x0861, 0x0861,
  0x3186, 0x2966, 0x2986, 0x3186, 0x3186, 0x2966, 0x2966, 0x3186, 0x2965, 0x2966, 0x2966, 0x2945, 0x2125, 0x2124, 0x2145, 0x2125,
  0x2124, 0x2104, 0x2104, 0x2125, 0x2125, 0x2124, 0x2124, 0x2124, 0x2104, 0x18E4, 0x18E3, 0x18E3, 0x18E3, 0x2104, 0x31C7, 0x4A6A,
  0x630C, 0x7BCF, 0x7BF0, 0x73CF, 0x52AB, 0x2986, 0x18E3, 0x94B3, 0x8431, 0x8C51, 0x9492, 0x10A2, 0x0020, 0x0841, 0x0000, 0x0000,
  0x2945, 0x2966, 0x0841, 0x0000, 0x0841, 0x10A3, 0x18C3, 0x2965, 0x0020, 0x0020, 0x0000, 0x0861, 0x0840, 0x0841, 0x2966, 0x0021,
  0x1082, 0x39E8, 0x4A6A, 0x4229, 0x4229, 0x4229, 0x4208, 0x4208, 0x39E8, 0x4208, 0x4208, 0x31A7, 0x2986, 0x2966, 0x2125, 0x2104,
  0x18E3, 0x18C3, 0x18E3, 0x18E3, 0x2125, 0x2966, 0x31A7, 0x39E8, 0x3A08, 0x4249, 0x0820, 0x4208, 0x528A, 0x5AEC, 0x5AEC, 0x39E8,
  0x9CD3, 0x9CF4, 0x8C72, 0x8C72, 0x8C72, 0x8C52, 0x8C52, 0x8C51, 0x8C72, 0x8451, 0x8C52, 0x8C51, 0x8C72, 0x8C51, 0x8431, 0x8411,
  0x94B3, 0xD69A, 0xFFFF, 0xFFFF, 0xFFFF, 0xC638, 0x9CD3, 0x73AE, 0x5AEB, 0x6B6D, 0x7BEF, 0x8430, 0xBDF8, 0xF79E, 0xFFFF, 0xF7BE,
  0xDEDB, 0x5AEC, 0x52CB, 0x9CD4, 0x8C92, 0x9493, 0x9492, 0x94D3, 0x94B3, 0x9492, 0x94D3, 0x94B3, 0x94B3, 0x94D3, 0x9CF4, 0x9CD4,
  0xA555, 0xAD56, 0xCE7A, 0x0000, 0x0000, 0x0861, 0x0841, 0x0861, 0x0000, 0x52AB, 0x7BF0, 0x634D, 0x632D, 0x632D, 0x634D, 0x73AF,
  0x7BF0, 0x7BF0, 0x5ACB, 0x4229, 0x31A7, 0x18C3, 0x1082, 0x1082, 0x0861, 0x0861, 0x0861, 0x0861, 0x0861, 0x0861, 0x0861, 0x0861,
  0x0861, 0x0861, 0x1082, 0x1082, 0x1082, 0x18E3, 0x1081, 0x10A2, 0x0861, 0x0020, 0x0020, 0x0020, 0x18E3, 0x0861, 0x18C3, 0x0861,
  0x0020, 0x0021, 0x2125, 0x18E3, 0x0020, 0x0020, 0x10A2, 0x10A2, 0x0861, 0x0841, 0x0861, 0x0861, 0x0861, 0x0861, 0x0861, 0x0841,
  0x0861, 0x0861, 0x0861, 0x0861, 0x0861, 0x0841, 0x0841, 0x0841, 0x0862, 0x0862, 0x18C3, 0x18C3, 0x0020, 0x0861, 0x0861, 0x0861,
  0x0861, 0x0861, 0x0861, 0x0861, 0x1082, 0x1082, 0x1082, 0x0882, 0x1061, 0x1082, 0x0040, 0x0040, 0x0041, 0x0040, 0x0040, 0x0041,
  0x2965, 0x2945, 0x2124, 0x2945, 0x2945, 0x2145, 0x2125, 0x2125, 0x2104, 0x2125, 0x2104, 0x18E4, 0x2104, 0x2104, 0x2104, 0x1904,
  0x18E4, 0x1904, 0x18E4, 0x1904, 0x2104, 0x18E4, 0x1904, 0x18E4, 0x18E4, 0x18E3, 0x18C3, 0x10A3, 0x18C3, 0x2124, 0x31A7, 0x4229,
  0x5AEC, 0x73AF, 0x7BCF, 0x738E, 0x39E8, 0x18C3, 0x39E8, 0x8C72, 0x8431, 0x8431, 0x4A49, 0x0000, 0x10A3, 0x0000, 0x0000, 0x0841,
  0x2965, 0x18E3, 0x0000, 0x0000, 0x2124, 0x18E3, 0x3186, 0x0861, 0x0000, 0x0000, 0x0020, 0x10A2, 0x0841, 0x2945, 0x2104, 0x0021,
  0x10A3, 0x39C7, 0x4A6A, 0x4229, 0x4249, 0x39E8, 0x4208, 0x4208, 0x3A08, 0x4208, 0x4208, 0x39C7, 0x31A7, 0x2986, 0x2145, 0x2124,
  0x18E4, 0x18C3, 0x18C3, 0x18E3, 0x2125, 0x2945, 0x3186, 0x39E8, 0x4229, 0x4A8A, 0x0000, 0x39C7, 0x528A, 0x5AEC, 0x5ACB, 0x52AB,
  0x5AEC, 0xAD76, 0x8C72, 0x8C92, 0x8C72, 0x8C72, 0x8C72, 0x8C51, 0x8C51, 0x8451, 0x8C51, 0x8C72, 0x8431, 0x8431, 0x8C52, 0x8C72,
  0x8410, 0x8431, 0xD6BB, 0xEF7E, 0xF7BE, 0xEF7D, 0xFFFF, 0xFFFF, 0xFFFF, 0xF7BE, 0xF7BE, 0xFFFF, 0xFFFF, 0xE71C, 0xBDD7, 0x8C51,
  0x6B4D, 0x8431, 0x9CF4, 0x9CD3, 0x9492, 0x94B3, 0x94B3, 0x8C72, 0x94B3, 0x94B3, 0x94B3, 0x9CD3, 0x94D3, 0x9CD3, 0x9CF4, 0x9CF4,
  0xA515, 0xC639, 0xC639, 0x0000, 0x0841, 0x0841, 0x0841, 0x0841, 0x0000, 0x6B4E, 0x73D0, 0x634D, 0x630D, 0x632D, 0x632D, 0x73AF,
  0x7BF0, 0x73AF, 0x5ACC, 0x4229, 0x2986, 0x10C3, 0x10A3, 0x1082, 0x0861, 0x0861, 0x0861, 0x0861, 0x0861, 0x0861, 0x0861, 0x0861,
  0x0861, 0x0861, 0x10A2, 0x1082, 0x0020, 0x1082, 0x18E3, 0x0861, 0x10A2, 0x0861, 0x0841, 0x0020, 0x0841, 0x10A2, 0x10A2, 0x2104,
  0x0020, 0x0000, 0x1082, 0x2945, 0x1082, 0x0000, 0x0861, 0x18C3, 0x0861, 0x0841, 0x0861, 0x0861, 0x0861, 0x0861, 0x0861, 0x0861,
  0x0861, 0x0861, 0x0861, 0x0861, 0x0861, 0x0861, 0x0841, 0x0861, 0x0862, 0x1082, 0x10A2, 0x18C3, 0x0020, 0x0861, 0x0861, 0x0861,
  0x0861, 0x0861, 0x0861, 0x0861, 0x1082, 0x1082, 0x1082, 0x0862, 0x0882, 0x0062, 0x1041, 0x2861, 0x2881, 0x50C2, 0x60E3, 0x7124,
  0x2124, 0x2125, 0x2104, 0x18E4, 0x1904, 0x2104, 0x18E4, 0x18E3, 0x18E4, 0x1904, 0x18E4, 0x18E3, 0x18E3, 0x18E3, 0x18E4, 0x18E3,
  0x18C3, 0x18C3, 0x18E4, 0x18E3, 0x18E3, 0x18E4, 0x18E4, 0x18E3, 0x18C3, 0x18C3, 0x10A3, 0x18C3, 0x18E3, 0x2104, 0x39E7, 0x4A49,
  0x630C, 0x7BD0, 0x7BD0, 0x632D, 0x2945, 0x18C4, 0x6B6E, 0x8431, 0x8431, 0x9CF4, 0x0841, 0x0020, 0x18C3, 0x0000, 0x0020, 0x0861,
  0x2124, 0x0020, 0x0000, 0x1082, 0x31A7, 0x2945, 0x10A2, 0x0000, 0x0020, 0x0841, 0x10A2, 0x0861, 0x2124, 0x2104, 0x0000, 0x0021,
  0x10A3, 0x3186, 0x528A, 0x4229, 0x4229, 0x4229, 0x4208, 0x3A08, 0x4208, 0x3A08, 0x3A08, 0x39C7, 0x31C7, 0x3186, 0x2945, 0x2124,
  0x1904, 0x18C3, 0x18C3, 0x18C3, 0x2104, 0x2145, 0x2986, 0x39E8, 0x3A08, 0x4A69, 0x0000, 0x2104, 0x52AB, 0x52AB, 0x52AB, 0x52CB,
  0x2104, 0x8411, 0xAD56, 0x8C72, 0x8431, 0x8C51, 0x8C72, 0x8C72, 0x8C72, 0x8451, 0x8C52, 0x9492, 0x8451, 0x8C51, 0x8C72, 0x8431,
  0x8C52, 0x8451, 0x8430, 0x94D3, 0xA535, 0x8410, 0x83F0, 0xAD75, 0xF77E, 0xF79E, 0xF7BE, 0xB596, 0x8431, 0x7BEF, 0x7BD0, 0x7BF0,
  0x8C72, 0x9CF4, 0x8C52, 0x8C92, 0x94B3, 0x94D3, 0x9492, 0x9493, 0x8C92, 0x94B3, 0x94B3, 0x94B3, 0x9CD4, 0x9CF4, 0xA514, 0xA535,
  0xBDB7, 0xDEFC, 0x630C, 0x0020, 0x0841, 0x0841, 0x0861, 0x0821, 0x0000, 0x73AF, 0x6B6E, 0x632D, 0x630D, 0x632D, 0x6B6E, 0x738E,
  0x7BF0, 0x73AF, 0x528A, 0x3A08, 0x2965, 0x10A3, 0x1082, 0x1081, 0x0861, 0x0861, 0x0861, 0x0861, 0x0861, 0x0861, 0x0861, 0x0861,
  0x0861, 0x0861, 0x1082, 0x1082, 0x0841, 0x0020, 0x10A2, 0x0861, 0x1082, 0x10A2, 0x0020, 0x0841, 0x0000, 0x18E3, 0x18C3, 0x2966,
  0x0000, 0x0020, 0x0020, 0x2945, 0x18E3, 0x0841, 0x0020, 0x10A2, 0x10A2, 0x0861, 0x0841, 0x0861, 0x0861, 0x0861, 0x0861, 0x0861,
  0x0861, 0x0861, 0x0861, 0x0861, 0x0861, 0x0861, 0x0841, 0x0841, 0x0862, 0x1082, 0x1082, 0x2104, 0x0841, 0x0020, 0x1082, 0x1082,
  0x1082, 0x1082, 0x1082, 0x1082, 0x1082, 0x1082, 0x1082, 0x1062, 0x0081, 0x0060, 0xC1A9, 0xE1C8, 0xE207, 0xFA48, 0xFA49, 0xFA4A,
  0x18E4, 0x18E3, 0x18E4, 0x18C3, 0x18E3, 0x18E3, 0x18E3, 0x18C3, 0x18E3, 0x18C3, 0x18E3, 0x18E3, 0x18C3, 0x10C3, 0x18C3, 0x18C3,
  0x18C3, 0x10A3, 0x18C3, 0x10C3, 0x18C3, 0x18E4, 0x18E3, 0x18C3, 0x18C3, 0x10A3, 0x10A3, 0x10A2, 0x18C3, 0x2124, 0x3A08, 0x52AB,
  0x632D, 0x7BCF, 0x6B6E, 0x52CB, 0x10A3, 0x39E8, 0x8431, 0x8431, 0x8C51, 0xA535, 0x0000, 0x10A2, 0x0841, 0x0020, 0x0841, 0x1082,
  0x0862, 0x0000, 0x0000, 0x2945, 0x4228, 0x4208, 0x0000, 0x0000, 0x0000, 0x1082, 0x1082, 0x0841, 0x2104, 0x0000, 0x0000, 0x0000,
  0x1082, 0x2965, 0x528A, 0x4229, 0x4229, 0x4229, 0x4208, 0x4208, 0x4229, 0x4208, 0x4229, 0x39C7, 0x31A7, 0x3186, 0x2945, 0x2124,
  0x2104, 0x18C3, 0x10C3, 0x18C3, 0x2104, 0x2125, 0x2966, 0x39E8, 0x39E8, 0x4249, 0x0000, 0x0861, 0x4A49, 0x52AB, 0x52AB, 0x52AB,
  0x39C7, 0x2945, 0x94B3, 0x8C72, 0x8C52, 0x8C72, 0x8C72, 0x8451, 0x8C72, 0x8C72, 0x8C72, 0x8C92, 0x9492, 0x8C92, 0x8C52, 0x8C52,
  0x8C51, 0x8C72, 0x8431, 0x8431, 0x8431, 0x8C72, 0x8411, 0x8C51, 0x9CF4, 0xA514, 0x9CF4, 0x8C52, 0x8C52, 0x9493, 0x94D3, 0x9CF4,
  0x9CF4, 0x9492, 0x94B3, 0x9493, 0x94D3, 0x94B3, 0x94B3, 0x9CF4, 0x9CD3, 0x94B3, 0x9CF4, 0x9CF4, 0x9CF4, 0xA514, 0xA535, 0xAD55,
  0xE73D, 0x8C72, 0x0000, 0x0861, 0x0861, 0x0861, 0x0861, 0x0020, 0x0000, 0x7BCF, 0x634D, 0x632D, 0x5B0C, 0x632D, 0x634D, 0x73CF,
  0x7BF0, 0x7BF0, 0x4229, 0x31C7, 0x2966, 0x18C3, 0x1082, 0x1082, 0x0861, 0x0861, 0x0861, 0x0861, 0x0861, 0x0861, 0x0861, 0x0861,
  0x0861, 0x0861, 0x1082, 0x0861, 0x0841, 0x0841, 0x0020, 0x18E3, 0x0861, 0x1082, 0x0841, 0x0020, 0x0841, 0x0841, 0x2945, 0x31A7,
  0x0021, 0x0020, 0x0020, 0x2125, 0x2104, 0x1082, 0x0020, 0x0841, 0x18C3, 0x0861, 0x0841, 0x0861, 0x0861, 0x0861, 0x0861, 0x0861,
  0x0861, 0x0861, 0x0861, 0x0861, 0x0861, 0x0861, 0x0861, 0x0841, 0x0861, 0x1082, 0x1082, 0x18E3, 0x1082, 0x0020, 0x1082, 0x1082,
  0x1082, 0x1082, 0x1082, 0x1082, 0x1082, 0x1082, 0x1082, 0x1061, 0x0040, 0x50A2, 0xFA89, 0xFA69, 0xFA69, 0xFA49, 0xFA69, 0xFA49,
  0x18C3, 0x18C3, 0x18E3, 0x18E3, 0x18C3, 0x18C3, 0x18C3, 0x18C3, 0x18C3, 0x10C3, 0x18C3, 0x18C3, 0x18C3, 0x10A3, 0x10A3, 0x10A2,
  0x10A3, 0x10A2, 0x18C3, 0x18C3, 0x18C3, 0x18E3, 0x18E3, 0x18C3, 0x18C3, 0x18C3, 0x10A3, 0x18A3, 0x1904, 0x2125, 0x4249, 0x52CB,
  0x6B4D, 0x738E, 0x5B0C, 0x4229, 0x18C3, 0x6B6E, 0x8C72, 0x8451, 0xA514, 0x7BCF, 0x0020, 0x10A2, 0x0000, 0x0020, 0x0841, 0x10A2,
  0x0000, 0x0000, 0x0000, 0x39C7, 0x4208, 0x2104, 0x0000, 0x0020, 0x0020, 0x1082, 0x0841, 0x18E3, 0x0000, 0x0000, 0x0021, 0x10A3,
  0x18C3, 0x2125, 0x52AB, 0x4229, 0x4A49, 0x3A08, 0x3A08, 0x4229, 0x4208, 0x4208, 0x4208, 0x39C7, 0x31C7, 0x3186, 0x2965, 0x2124,
  0x2104, 0x18C3, 0x10C3, 0x18C3, 0x2104, 0x2125, 0x2945, 0x39C7, 0x39E8, 0x4228, 0x0020, 0x0021, 0x4208, 0x52AB, 0x52AB, 0x52AB,
  0x634D, 0x39E8, 0x2946, 0xA514, 0x9CD3, 0x9492, 0x8C72, 0x8C72, 0x9492, 0x9492, 0x9493, 0x8C72, 0x94B3, 0x9492, 0x8C72, 0x9493,
  0x8C72, 0x8C52, 0x9492, 0x94B3, 0x94B3, 0x9CD4, 0x9CD3, 0x9492, 0x8C92, 0x8C52, 0x8C72, 0x94B3, 0x9CF4, 0x9CD4, 0x94B3, 0x94B3,
  0x94B3, 0x9CD3, 0x94B3, 0x94B3, 0x94B3, 0x9CD3, 0x9CF4, 0x9CF4, 0x9D14, 0x9CF4, 0x9D14, 0xA535, 0xA555, 0xA515, 0xAD96, 0xCE7A,
  0x8C71, 0x0861, 0x0000, 0x0861, 0x0861, 0x0861, 0x0841, 0x0000, 0x0000, 0x7BCF, 0x634D, 0x5B0C, 0x632D, 0x630D, 0x632D, 0x7BF0,
  0x7BF0, 0x73AF, 0x4249, 0x31C7, 0x2145, 0x10A2, 0x1082, 0x1082, 0x0861, 0x0861, 0x0861, 0x1082, 0x0861, 0x0861, 0x0861, 0x0861,
  0x0861, 0x1082, 0x1082, 0x10A3, 0x0021, 0x0841, 0x0021, 0x10A2, 0x18E3, 0x1082, 0x1082, 0x0021, 0x0020, 0x0000, 0x10A3, 0x31A6,
  0x18E4, 0x0020, 0x0020, 0x10A2, 0x2104, 0x10A2, 0x0020, 0x0020, 0x1082, 0x0861, 0x0841, 0x0841, 0x0861, 0x0861, 0x0861, 0x0861,
  0x0861, 0x0861, 0x0861, 0x1082, 0x0861, 0x0861, 0x0861, 0x0841, 0x0841, 0x0862, 0x1082, 0x18C3, 0x1082, 0x0000, 0x1082, 0x1082,
  0x1082, 0x1082, 0x1082, 0x1082, 0x1082, 0x1082, 0x1082, 0x0081, 0x0041, 0x80E4, 0xFA28, 0xFA08, 0xFA28, 0xFA08, 0xFA08, 0xFA28,
  0x18E3, 0x18E3, 0x18C3, 0x18C3, 0x10A3, 0x18C3, 0x18C3, 0x18C3, 0x18C3, 0x18C3, 0x10A3, 0x18C3, 0x18C3, 0x10A3, 0x10A3, 0x10A2,
  0x10A3, 0x10A3, 0x18C3, 0x18E4, 0x18C3, 0x18C3, 0x18C3, 0x10A3, 0x18C3, 0x18C3, 0x10A2, 0x18C3, 0x2124, 0x2966, 0x4A8A, 0x5B0C,
  0x6B8E, 0x634D, 0x528A, 0x3186, 0x39C7, 0x8C51, 0x8431, 0x8C72, 0xA535, 0x3186, 0x10A2, 0x0841, 0x0000, 0x0841, 0x0861, 0x18C3,
  0x0000, 0x0000, 0x0020, 0x39E7, 0x2945, 0x0000, 0x0020, 0x0020, 0x0861, 0x0861, 0x18C3, 0x18E3, 0x0000, 0x0020, 0x0020, 0x1082,
  0x1082, 0x2124, 0x52AB, 0x4249, 0x4249, 0x4208, 0x4208, 0x4229, 0x4208, 0x3A08, 0x3A08, 0x39E8, 0x39C7, 0x31A7, 0x2965, 0x2945,
  0x2104, 0x18C3, 0x18C3, 0x18C3, 0x18E4, 0x2125, 0x2965, 0x31C7, 0x39E8, 0x39E8, 0x18E3, 0x0000, 0x31A7, 0x52AB, 0x52AB, 0x52AB,
  0x632D, 0x73CF, 0x5ACC, 0x5AEC, 0x8431, 0x9CD3, 0x9CD3, 0x9CD3, 0x94B3, 0x94B3, 0x94D3, 0x94B3, 0x94B3, 0x94B3, 0x94B3, 0x94B3,
  0x94B3, 0x94B3, 0x9492, 0x9492, 0x94B3, 0x94B3, 0x94B3, 0x9493, 0x94B3, 0x94B3, 0x9CD4, 0x8C92, 0x9492, 0x94B3, 0x9CD3, 0x9CD3,
  0x94D3, 0x9CD3, 0x9CF4, 0xA514, 0x94B3, 0x9CF4, 0x9D14, 0x9CF4, 0x9CD3, 0xA515, 0xA535, 0xAD76, 0xB5B7, 0xC639, 0xCE59, 0xAD76,
  0x0020, 0x0000, 0x0841, 0x0861, 0x0861, 0x0861, 0x0841, 0x0000, 0x0862, 0x738F, 0x632D, 0x5AEC, 0x630D, 0x630C, 0x632D, 0x7BD0,
  0x7BF0, 0x6B6E, 0x4229, 0x31A6, 0x2104, 0x1082, 0x0861, 0x0861, 0x0861, 0x0861, 0x0861, 0x0861, 0x0861, 0x0861, 0x0861, 0x0861,
  0x0861, 0x1082, 0x0862, 0x2104, 0x0862, 0x0841, 0x0841, 0x0020, 0x10A2, 0x18C3, 0x10A3, 0x1082, 0x0000, 0x0841, 0x0000, 0x18E4,
  0x2966, 0x1082, 0x0000, 0x0020, 0x18C3, 0x10A2, 0x0841, 0x0020, 0x0841, 0x1082, 0x0841, 0x0841, 0x0861, 0x0861, 0x0861, 0x0861,
  0x0861, 0x0861, 0x0861, 0x1082, 0x1082, 0x0861, 0x0841, 0x0841, 0x0841, 0x0861, 0x0862, 0x18C3, 0x18E3, 0x0020, 0x0861, 0x1082,
  0x1082, 0x1082, 0x1082, 0x1082, 0x1082, 0x1082, 0x1082, 0x0881, 0x0041, 0x7104, 0xFA49, 0xFA29, 0xFA28, 0xFA28, 0xFA28, 0xFA28,
  0x18C3, 0x18C3, 0x18C3, 0x18C3, 0x18C3, 0x18C3, 0x18C3, 0x18C3, 0x18C3, 0x18C3, 0x10A3, 0x18C3, 0x18E3, 0x18C3, 0x10A3, 0x10A3,
  0x18C3, 0x10A3, 0x18C3, 0x18C3, 0x18C3, 0x18C3, 0x10A3, 0x10A3, 0x18C3, 0x10A2, 0x10A2, 0x18C3, 0x2125, 0x31A7, 0x52EC, 0x6B6E,
  0x73AF, 0x52CB, 0x39E8, 0x18E4, 0x632D, 0x8C51, 0x7BF0, 0xA514, 0x73AF, 0x0020, 0x1082, 0x0000, 0x0020, 0x0020, 0x1082, 0x1082,
  0x0000, 0x0000, 0x10A2, 0x2986, 0x0861, 0x0000, 0x0000, 0x0020, 0x1082, 0x10A2, 0x18E3, 0x0020, 0x0020, 0x0020, 0x0861, 0x0020,
  0x0862, 0x2104, 0x52AB, 0x4A49, 0x4A49, 0x4208, 0x4208, 0x4229, 0x4229, 0x4229, 0x4208, 0x3A08, 0x39C7, 0x31A7, 0x2966, 0x2945,
  0x2104, 0x18E3, 0x18C3, 0x18C3, 0x18C3, 0x2124, 0x2945, 0x31A7, 0x31E7, 0x39E8, 0x2965, 0x0000, 0x2125, 0x52AB, 0x52AB, 0x5ACC,
  0x630D, 0x738F, 0x8C72, 0x738E, 0x5B0C, 0x632D, 0x8C92, 0xA514, 0xA535, 0xAD55, 0xAD55, 0xA535, 0xA535, 0xA535, 0xA535, 0xA515,
  0x9D14, 0x9D14, 0x9CF4, 0x9D14, 0x9CF4, 0xA514, 0xA515, 0xA514, 0x9CF4, 0xA514, 0xA514, 0xA514, 0xA515, 0xA535, 0xA535, 0xA535,
  0xA515, 0xAD55, 0xAD55, 0xAD55, 0xAD76, 0xAD76, 0xAD76, 0xB596, 0xB597, 0xBDD7, 0xC639, 0xC639, 0xB5B7, 0x8C51, 0x52AB, 0x18C3,
  0x0000, 0x0841, 0x0861, 0x0861, 0x0861, 0x0861, 0x0020, 0x0000, 0x2125, 0x6B4D, 0x630C, 0x630C, 0x5AEC, 0x630C, 0x6B4D, 0x7BD0,
  0x8411, 0x6B6E, 0x4208, 0x2986, 0x2124, 0x1082, 0x0861, 0x0861, 0x0861, 0x0861, 0x0861, 0x0861, 0x0861, 0x0861, 0x0861, 0x0861,
  0x0861, 0x1082, 0x1082, 0x18E4, 0x1082, 0x1082, 0x0021, 0x0020, 0x0020, 0x18C3, 0x1082, 0x10A3, 0x0862, 0x0841, 0x0020, 0x0841,
  0x3186, 0x2104, 0x0020, 0x0020, 0x10A2, 0x18C3, 0x0841, 0x0020, 0x0000, 0x18C3, 0x0861, 0x0841, 0x0861, 0x0861, 0x1082, 0x0861,
  0x0841, 0x0861, 0x0861, 0x1082, 0x1082, 0x0861, 0x0861, 0x0841, 0x0861, 0x0861, 0x0862, 0x10A3, 0x18E3, 0x0861, 0x0861, 0x1082,
  0x1082, 0x1082, 0x1082, 0x1082, 0x1082, 0x1082, 0x1082, 0x0861, 0x0020, 0x7104, 0xFA88, 0xFA49, 0xFA49, 0xFA69, 0xFA69, 0xFA49,
  0x18C3, 0x18C3, 0x18E3, 0x18C3, 0x18C3, 0x18C3, 0x10A3, 0x10A3, 0x10A3, 0x18C3, 0x18C3, 0x10A3, 0x18C3, 0x10A3, 0x10A3, 0x18C3,
  0x18C3, 0x10A2, 0x10A3, 0x18C3, 0x18C3, 0x18C3, 0x10A3, 0x18C3, 0x10A3, 0x1082, 0x1082, 0x2104, 0x2945, 0x39E8, 0x5AEC, 0x6B4E,
  0x6B8E, 0x4229, 0x3186, 0x0862, 0x8431, 0x8431, 0x7BF0, 0x9D14, 0x2966, 0x0000, 0x0840, 0x0000, 0x0020, 0x0841, 0x18C3, 0x0841,
  0x0000, 0x0841, 0x18E3, 0x10C3, 0x0000, 0x0020, 0x0020, 0x1082, 0x0861, 0x2945, 0x0841, 0x0000, 0x0020, 0x0841, 0x1082, 0x0000,
  0x1082, 0x2125, 0x52CB, 0x4A49, 0x4249, 0x4229, 0x4208, 0x4229, 0x4229, 0x4229, 0x4208, 0x39E8, 0x39C7, 0x39C7, 0x2986, 0x2945,
  0x2124, 0x18E4, 0x18C3, 0x18C3, 0x18E3, 0x2104, 0x2125, 0x3186, 0x31C7, 0x39E8, 0x39C7, 0x0000, 0x1082, 0x52CB, 0x52CB, 0x5AEC,
  0x6B4E, 0x73AF, 0x8431, 0xB596, 0xA535, 0x738F, 0x4209, 0x4249, 0x52AB, 0x73AF, 0x7BCF, 0x7C10, 0x8C72, 0x9492, 0x9492, 0x9CD3,
  0x9CF4, 0x9CF4, 0xA535, 0xA535, 0xA535, 0xAD76, 0xA535, 0xA555, 0xAD56, 0xAD56, 0xAD76, 0xAD55, 0xAD55, 0xAD56, 0xAD76, 0xA555,
  0xAD55, 0xA535, 0x9D14, 0x9CD3, 0x9CF4, 0x9CD4, 0x94B3, 0x8C51, 0x8411, 0x7BF0, 0x632C, 0x4A69, 0x3186, 0x0000, 0x0000, 0x0000,
  0x0020, 0x0861, 0x0861, 0x1082, 0x0861, 0x0861, 0x0020, 0x0000, 0x39E8, 0x632D, 0x630C, 0x5B0C, 0x5AEC, 0x630D, 0x6B8E, 0x7BCF,
  0x7BD0, 0x6B4D, 0x39E8, 0x2965, 0x1904, 0x1082, 0x1082, 0x0861, 0x0861, 0x0861, 0x0861, 0x0861, 0x0861, 0x0861, 0x0861, 0x0861,
  0x0861, 0x1082, 0x1082, 0x18E4, 0x1082, 0x10A3, 0x0841, 0x0841, 0x0020, 0x0841, 0x18C3, 0x10A2, 0x18C3, 0x0020, 0x0841, 0x0000,
  0x2966, 0x2945, 0x1082, 0x0020, 0x0841, 0x18C3, 0x0861, 0x0841, 0x0020, 0x10A2, 0x1082, 0x0841, 0x0861, 0x0861, 0x0861, 0x1081,
  0x0861, 0x0841, 0x0861, 0x1082, 0x1082, 0x0861, 0x0861, 0x0861, 0x0861, 0x0861, 0x0861, 0x1082, 0x18C3, 0x10A2, 0x0841, 0x1082,
  0x1082, 0x1082, 0x1082, 0x1082, 0x1082, 0x1082, 0x1082, 0x0881, 0x0041, 0x3082, 0xE1E8, 0xD1C7, 0xC9C7, 0xA165, 0x9945, 0x8124,
  0x18C3, 0x18C3, 0x18C3, 0x18C3, 0x10A3, 0x10A3, 0x18C3, 0x18C3, 0x10A3, 0x18C3, 0x10A2, 0x10A2, 0x10A2, 0x10A2, 0x10A3, 0x18C3,
  0x10A2, 0x10A2, 0x10A3, 0x10A3, 0x18C3, 0x18C3, 0x18C3, 0x18C3, 0x10A2, 0x1082, 0x10A3, 0x2125, 0x3186, 0x4208, 0x632D, 0x6B4E,
  0x6B4E, 0x31A7, 0x18E3, 0x0882, 0x8C51, 0x7BF0, 0x8410, 0x6B6D, 0x0000, 0x0861, 0x0000, 0x0000, 0x0020, 0x10A2, 0x1082, 0x0000,
  0x0000, 0x1082, 0x2104, 0x0020, 0x0020, 0x0000, 0x1082, 0x0862, 0x1082, 0x1082, 0x0000, 0x0020, 0x0841, 0x1082, 0x0862, 0x1082,
  0x10A3, 0x2104, 0x52CB, 0x4A49, 0x4229, 0x4229, 0x4208, 0x4229, 0x4208, 0x3A08, 0x4208, 0x39E8, 0x39E7, 0x31C7, 0x2986, 0x2965,
  0x2145, 0x18E3, 0x18C3, 0x18C3, 0x18E3, 0x18E4, 0x2104, 0x31A6, 0x31A7, 0x31C7, 0x4229, 0x0862, 0x0000, 0x5ACB, 0x5ACB, 0x5B0C,
  0x738E, 0x7BCF, 0x8C92, 0xA514, 0x9CD3, 0x8C72, 0x39C7, 0x18E4, 0x10A3, 0x10A3, 0x18E3, 0x18C3, 0x2104, 0x2104, 0x2125, 0x2945,
  0x2966, 0x31A7, 0x39C7, 0x39E8, 0x39E8, 0x4229, 0x39E8, 0x4208, 0x4229, 0x4229, 0x4249, 0x4208, 0x3A08, 0x4208, 0x39E8, 0x31C7,
  0x39C7, 0x2966, 0x2986, 0x2945, 0x2125, 0x1904, 0x18E4, 0x10A3, 0x0882, 0x0841, 0x0000, 0x0000, 0x0000, 0x0000, 0x0020, 0x0020,
  0x0841, 0x0841, 0x0841, 0x1082, 0x0861, 0x0861, 0x0000, 0x0000, 0x52AA, 0x630D, 0x5AEC, 0x5AEC, 0x5AEC, 0x630C, 0x6B4E, 0x7BF0,
  0x6B6E, 0x5AEC, 0x39E8, 0x2945, 0x18E3, 0x1082, 0x1082, 0x0861, 0x0861, 0x0861, 0x0861, 0x0861, 0x0861, 0x0861, 0x0861, 0x0861,
  0x0861, 0x1081, 0x10A2, 0x18E3, 0x0862, 0x1082, 0x10A2, 0x0020, 0x0841, 0x0020, 0x2104, 0x10A3, 0x10A2, 0x0841, 0x0020, 0x0841,
  0x18E4, 0x2945, 0x18E3, 0x0020, 0x0000, 0x1082, 0x0861, 0x0861, 0x0020, 0x0861, 0x10A2, 0x0841, 0x0861, 0x1082, 0x1082, 0x1082,
  0x0861, 0x0841, 0x0861, 0x0861, 0x1082, 0x0862, 0x0861, 0x0861, 0x0861, 0x0861, 0x0861, 0x0862, 0x10A2, 0x18C3, 0x0020, 0x1082,
  0x1082, 0x1082, 0x1082, 0x0861, 0x1082, 0x1082, 0x1082, 0x1061, 0x0862, 0x0061, 0x2061, 0x1881, 0x1061, 0x0041, 0x0041, 0x0041,
  0x18C3, 0x18C3, 0x18C3, 0x18C3, 0x18C3, 0x10A3, 0x18C3, 0x18E3, 0x18C3, 0x10A3, 0x10A2, 0x10A2, 0x10A3, 0x10A2, 0x10A3, 0x1082,
  0x10A3, 0x18C3, 0x18C3, 0x18C3, 0x18C3, 0x18C3, 0x10A2, 0x10A2, 0x10A2, 0x10A2, 0x18C3, 0x2945, 0x39C8, 0x4A6A, 0x6B4E, 0x6B4D,
  0x5AEC, 0x2945, 0x0020, 0x2965, 0x8431, 0x7BF0, 0x94B3, 0x20E3, 0x0000, 0x10A2, 0x0000, 0x0020, 0x0020, 0x18C3, 0x0020, 0x0000,
  0x0841, 0x1082, 0x18C3, 0x0000, 0x0000, 0x0000, 0x1082, 0x0862, 0x2125, 0x0000, 0x0020, 0x0000, 0x1082, 0x1082, 0x0021, 0x2945,
  0x1082, 0x18E4, 0x52AB, 0x4A6A, 0x4229, 0x4229, 0x4229, 0x4229, 0x4208, 0x4208, 0x4229, 0x4208, 0x39E8, 0x39C7, 0x3186, 0x2966,
  0x2145, 0x18E3, 0x18C3, 0x18C3, 0x18E3, 0x18E4, 0x2104, 0x3186, 0x31A7, 0x31A7, 0x4249, 0x1904, 0x0000, 0x5AEC, 0x5AEC, 0x632D,
  0x73AF, 0x8431, 0x94B3, 0xA555, 0x9493, 0x73AF, 0x3A08, 0x2966, 0x2945, 0x2124, 0x2125, 0x2124, 0x18E4, 0x1904, 0x2104, 0x18E4,
  0x18E4, 0x18C3, 0x10A3, 0x10A3, 0x1082, 0x10A3, 0x1082, 0x1082, 0x18C3, 0x10A3, 0x1082, 0x10A3, 0x10A3, 0x10A3, 0x0862, 0x10A3,
  0x10A3, 0x10A3, 0x18C3, 0x18C3, 0x18C3, 0x18C3, 0x18E4, 0x18E4, 0x1904, 0x2104, 0x10A3, 0x10A2, 0x1082, 0x0841, 0x0841, 0x0020,
  0x0841, 0x0841, 0x0861, 0x0861, 0x0861, 0x0861, 0x0000, 0x10A2, 0x634D, 0x5AEC, 0x5AEC, 0x5ACC, 0x630C, 0x632D, 0x6B4D, 0x7BF0,
  0x6B6E, 0x5B0C, 0x39E8, 0x2945, 0x18E3, 0x1082, 0x1082, 0x0862, 0x0861, 0x0861, 0x0861, 0x0861, 0x0861, 0x0861, 0x0861, 0x0861,
  0x0861, 0x1082, 0x1082, 0x0862, 0x18C3, 0x0862, 0x1082, 0x0841, 0x0020, 0x0841, 0x0862, 0x2104, 0x10A2, 0x18C3, 0x0020, 0x0020,
  0x0861, 0x2104, 0x18E3, 0x0020, 0x0020, 0x0020, 0x10A2, 0x0861, 0x0841, 0x0020, 0x10A2, 0x10A2, 0x0841, 0x0862, 0x1082, 0x1082,
  0x1082, 0x0861, 0x0861, 0x0861, 0x1082, 0x1082, 0x1082, 0x0862, 0x0841, 0x0841, 0x0861, 0x1082, 0x10A2, 0x18C3, 0x0020, 0x0841,
  0x1082, 0x1082, 0x0861, 0x0861, 0x1082, 0x1082, 0x1082, 0x1082, 0x1061, 0x1082, 0x0041, 0x0061, 0x0061, 0x0861, 0x0861, 0x0862,
  0x10A3, 0x10A3, 0x18C3, 0x18C3, 0x18C3, 0x10A2, 0x18C3, 0x10A3, 0x18C3, 0x10A2, 0x10A3, 0x10A2, 0x10A3, 0x1082, 0x18C3, 0x10A2,
  0x10A3, 0x10A3, 0x18C3, 0x18C3, 0x18C3, 0x10A3, 0x10A3, 0x10A2, 0x10C2, 0x10A2, 0x18C3, 0x3186, 0x4208, 0x52CB, 0x632D, 0x630C,
  0x4A6A, 0x10A3, 0x0020, 0x5ACB, 0x8411, 0x8431, 0xA535, 0x0000, 0x0861, 0x1082, 0x0020, 0x0020, 0x0020, 0x0861, 0x0000, 0x0000,
  0x0861, 0x1082, 0x1082, 0x0020, 0x0000, 0x1082, 0x0841, 0x2124, 0x18E4, 0x0021, 0x0020, 0x0000, 0x10A2, 0x0841, 0x18E3, 0x0861,
  0x0841, 0x2125, 0x528A, 0x4A6A, 0x4249, 0x4229, 0x4229, 0x4229, 0x4229, 0x4229, 0x4229, 0x4208, 0x3A08, 0x39E8, 0x31A7, 0x2966,
  0x2145, 0x18E4, 0x18C3, 0x18C3, 0x18C3, 0x18E3, 0x2104, 0x2965, 0x31A7, 0x31C7, 0x4229, 0x3186, 0x0000, 0x630C, 0x632D, 0x634E,
  0x7BF0, 0x8C72, 0x94D3, 0xA514, 0x8C51, 0x632D, 0x39E8, 0x2945, 0x2124, 0x2945, 0x2965, 0x2966, 0x3186, 0x3186, 0x3186, 0x31A7,
  0x31A7, 0x3186, 0x31A7, 0x31A7, 0x31A7, 0x31A7, 0x31A7, 0x31A7, 0x31A7, 0x31A7, 0x31A7, 0x31A7, 0x31A7, 0x3186, 0x31C7, 0x31A7,
  0x3186, 0x3186, 0x3186, 0x3186, 0x2986, 0x2986, 0x2966, 0x2945, 0x2945, 0x2945, 0x18C3, 0x18C3, 0x10A2, 0x0841, 0x0020, 0x0841,
  0x0841, 0x0861, 0x0861, 0x1082, 0x0862, 0x0861, 0x0000, 0x2986, 0x738E, 0x5AEC, 0x5AEC, 0x5ACB, 0x5AEC, 0x632D, 0x6B4D, 0x7BF0,
  0x6B4D, 0x5ACB, 0x31C7, 0x2124, 0x10A3, 0x1082, 0x1082, 0x0861, 0x0861, 0x0861, 0x0861, 0x0861, 0x0861, 0x0861, 0x0861, 0x0861,
  0x0861, 0x1082, 0x10A2, 0x0861, 0x18E3, 0x18C3, 0x0862, 0x10A2, 0x0020, 0x0020, 0x0000, 0x10A3, 0x2104, 0x18E3, 0x18C3, 0x0000,
  0x0021, 0x10A2, 0x18E3, 0x0841, 0x0020, 0x0020, 0x18C3, 0x1082, 0x0861, 0x0000, 0x0861, 0x18C3, 0x0841, 0x0861, 0x1082, 0x1082,
  0x10A2, 0x1082, 0x0861, 0x0861, 0x1082, 0x10A2, 0x1082, 0x1082, 0x0861, 0x0861, 0x0861, 0x1082, 0x1082, 0x10A2, 0x0841, 0x0021,
  0x0861, 0x1082, 0x0861, 0x1082, 0x1082, 0x1082, 0x1082, 0x1082, 0x0861, 0x1061, 0x1082, 0x1082, 0x1082, 0x1082, 0x1082, 0x1081,
  0x18C3, 0x18C3, 0x10A3, 0x18C3, 0x18C3, 0x18C3, 0x10A3, 0x10A3, 0x10A3, 0x10A2, 0x10A2, 0x18C3, 0x10A3, 0x10A2, 0x10A2, 0x10A3,
  0x10A3, 0x18C3, 0x18C3, 0x10A2, 0x18C3, 0x10A3, 0x10A3, 0x10A3, 0x10A2, 0x10C3, 0x1904, 0x31C7, 0x4A49, 0x5ACB, 0x630D, 0x52AB,
  0x3A08, 0x0001, 0x18E4, 0x7C10, 0x7BF0, 0x94B3, 0x94B3, 0x0000, 0x10A2, 0x0020, 0x0020, 0x0020, 0x0861, 0x0000, 0x0000, 0x0020,
  0x0841, 0x18C3, 0x0861, 0x0000, 0x0000, 0x2124, 0x2104, 0x2945, 0x0020, 0x0020, 0x0000, 0x0861, 0x0841, 0x10A2, 0x39C7, 0x0000,
  0x1082, 0x2124, 0x528A, 0x4A6A, 0x4249, 0x4229, 0x4229, 0x4208, 0x4229, 0x4208, 0x4208, 0x4229, 0x3A08, 0x39E8, 0x31A7, 0x3186,
  0x2945, 0x18E4, 0x18C3, 0x18C3, 0x18C3, 0x18E3, 0x1904, 0x2965, 0x2966, 0x31A7, 0x39E8, 0x4208, 0x0841, 0x52AB, 0x6B8E, 0x6B8E,
  0x8431, 0x9493, 0x9CF4, 0x9CD3, 0x7BF0, 0x52CB, 0x31A6, 0x2965, 0x2945, 0x2965, 0x3186, 0x3186, 0x3186, 0x3186, 0x3186, 0x31A7,
  0x3186, 0x31A7, 0x31A7, 0x31C7, 0x31A7, 0x31C7, 0x31A7, 0x31A7, 0x3186, 0x2986, 0x2986, 0x3186, 0x31A7, 0x31A7, 0x3186, 0x3186,
  0x2966, 0x31A7, 0x2966, 0x3186, 0x3186, 0x3186, 0x2965, 0x2966, 0x2966, 0x2945, 0x2104, 0x18E4, 0x18C3, 0x0861, 0x0841, 0x0861,
  0x0841, 0x0861, 0x0861, 0x0861, 0x1082, 0x0861, 0x0000, 0x528A, 0x6B6E, 0x5B0C, 0x5ACB, 0x5ACB, 0x5ACB, 0x632D, 0x738E, 0x7BCF,
  0x632D, 0x52AB, 0x2966, 0x1904, 0x1082, 0x1082, 0x0862, 0x0861, 0x0861, 0x0861, 0x0861, 0x0861, 0x0861, 0x0861, 0x0861, 0x0861,
  0x0861, 0x1082, 0x10A2, 0x0861, 0x0841, 0x18E4, 0x18C3, 0x18C2, 0x10A2, 0x0020, 0x0021, 0x0020, 0x18E3, 0x18E3, 0x2945, 0x0841,
  0x0841, 0x0861, 0x18C3, 0x1082, 0x0020, 0x0020, 0x10A2, 0x10A2, 0x0861, 0x0020, 0x0020, 0x10A2, 0x0841, 0x0841, 0x1082, 0x0862,
  0x1082, 0x1082, 0x0861, 0x0861, 0x1082, 0x1082, 0x1082, 0x1082, 0x0861, 0x0861, 0x0841, 0x0861, 0x0862, 0x1082, 0x1082, 0x0021,
  0x0841, 0x1082, 0x1082, 0x1082, 0x1082, 0x1082, 0x1082, 0x0861, 0x1082, 0x1082, 0x1082, 0x1082, 0x1082, 0x1082, 0x1082, 0x1082,
  0x18C3, 0x18E3, 0x18C3, 0x18C3, 0x18C3, 0x10A3, 0x18C3, 0x18C3, 0x10A2, 0x10A3, 0x10A3, 0x10A2, 0x10A3, 0x10A3, 0x10A3, 0x10A2,
  0x10A2, 0x18C3, 0x18C3, 0x18C3, 0x10A3, 0x10A3, 0x10A3, 0x10A3, 0x10A2, 0x10C2, 0x2104, 0x39E8, 0x528A, 0x5B0C, 0x5AEC, 0x4229,
  0x2985, 0x0000, 0x4A6A, 0x8451, 0x8410, 0x9CF4, 0x5AEC, 0x0861, 0x1082, 0x0000, 0x0841, 0x0841, 0x10A2, 0x0000, 0x0020, 0x0020,
  0x1082, 0x10A2, 0x0020, 0x0000, 0x1082, 0x2104, 0x2966, 0x0841, 0x0000, 0x0000, 0x0841, 0x18C3, 0x1082, 0x31A6, 0x18C3, 0x0000,
  0x0841, 0x2104, 0x52AB, 0x4A6A, 0x4208, 0x4229, 0x4208, 0x4208, 0x4229, 0x4208, 0x4208, 0x4208, 0x3A08, 0x39E8, 0x39C7, 0x3187,
  0x2945, 0x2104, 0x18E3, 0x10C3, 0x18C3, 0x18E3, 0x18E3, 0x2945, 0x2966, 0x31A7, 0x31A7, 0x4229, 0x2104, 0x3A08, 0x7BD0, 0x7BF0,
  0x8C72, 0x94D3, 0x9CD4, 0x8C72, 0x6B6E, 0x4A8A, 0x2966, 0x2965, 0x2986, 0x2966, 0x3186, 0x31A7, 0x31A7, 0x31A7, 0x31C7, 0x31A7,
  0x31A7, 0x31C7, 0x31C7, 0x39C7, 0x39C7, 0x31A7, 0x31A7, 0x31A7, 0x39C7, 0x31C7, 0x31A7, 0x39C7, 0x39E8, 0x39C7, 0x31A7, 0x31A7,
  0x31C7, 0x31C7, 0x31A6, 0x31A6, 0x31A7, 0x31A6, 0x31A6, 0x3186, 0x3186, 0x2966, 0x2945, 0x2104, 0x18C3, 0x1082, 0x0861, 0x0841,
  0x0841, 0x0861, 0x0861, 0x0861, 0x0861, 0x0861, 0x10A2, 0x632D, 0x6B2D, 0x5ACB, 0x5ACB, 0x52AB, 0x630D, 0x630D, 0x738F, 0x6B6E,
  0x632D, 0x528B, 0x2966, 0x2104, 0x18C3, 0x0862, 0x0861, 0x0862, 0x0861, 0x0861, 0x1082, 0x0861, 0x0861, 0x0861, 0x0861, 0x0861,
  0x0861, 0x1082, 0x1082, 0x0861, 0x0020, 0x0862, 0x2104, 0x1082, 0x18C3, 0x1082, 0x0841, 0x0021, 0x0020, 0x2125, 0x2945, 0x18C3,
  0x0021, 0x0020, 0x1082, 0x0861, 0x0861, 0x0020, 0x0841, 0x10A2, 0x1082, 0x0841, 0x0000, 0x0841, 0x0861, 0x0841, 0x0862, 0x1082,
  0x1082, 0x1082, 0x0841, 0x0861, 0x0861, 0x1082, 0x10A2, 0x10A2, 0x0861, 0x0861, 0x0841, 0x0841, 0x0862, 0x1082, 0x18C3, 0x0841,
  0x0020, 0x1082, 0x1082, 0x1082, 0x1082, 0x1082, 0x1082, 0x0861, 0x0861, 0x0861, 0x1082, 0x1082, 0x1082, 0x1082, 0x1082, 0x0862,
  0x1082, 0x10A2, 0x10A2, 0x10A3, 0x18C3, 0x10A3, 0x18C3, 0x10A2, 0x10A2, 0x18C3, 0x10A2, 0x1082, 0x10A2, 0x10A2, 0x10A3, 0x10A2,
  0x10A2, 0x10A2, 0x18C3, 0x18C3, 0x10A2, 0x10A3, 0x10A2, 0x10A3, 0x10A2, 0x18C3, 0x2125, 0x4249, 0x5ACB, 0x632D, 0x4A6A, 0x31A6,
  0x2104, 0x18C3, 0x73CF, 0x8C72, 0x8C92, 0x8C72, 0x18C3, 0x10A2, 0x0020, 0x0000, 0x0020, 0x1082, 0x1082, 0x0020, 0x0020, 0x0020,
  0x18C3, 0x0861, 0x0000, 0x0021, 0x18C3, 0x2124, 0x0861, 0x0000, 0x0020, 0x0841, 0x10A2, 0x1082, 0x3186, 0x2104, 0x0000, 0x0000,
  0x0861, 0x2125, 0x528A, 0x4A6A, 0x4229, 0x4229, 0x4229, 0x4208, 0x4229, 0x4229, 0x4229, 0x4208, 0x4208, 0x39E8, 0x31C7, 0x31A7,
  0x2966, 0x2104, 0x18E4, 0x18C3, 0x18C3, 0x18E3, 0x18E3, 0x2945, 0x2966, 0x31A7, 0x31A7, 0x3A08, 0x31A6, 0x10C2, 0x73AE, 0x8431,
  0x9492, 0x9CF4, 0xA535, 0x8431, 0x630C, 0x4229, 0x2945, 0x2945, 0x2966, 0x3186, 0x31A7, 0x31A7, 0x31A7, 0x31A7, 0x39C7, 0x31A7,
  0x39C7, 0x39C7, 0x39C7, 0x31A7, 0x39C7, 0x31A7, 0x31A7, 0x31C7, 0x39E8, 0x39E8, 0x39E8, 0x31C7, 0x39C7, 0x31A7, 0x39E8, 0x39E8,
  0x39C7, 0x39C7, 0x31A7, 0x31A7, 0x39E8, 0x39C7, 0x31C7, 0x31A7, 0x31A7, 0x3186, 0x2945, 0x2124, 0x18E4, 0x1082, 0x0862, 0x0841,
  0x0841, 0x0861, 0x0841, 0x0841, 0x0861, 0x0020, 0x39E8, 0x6BAE, 0x5AEC, 0x52AB, 0x52CB, 0x52CB, 0x630C, 0x630D, 0x738E, 0x738F,
  0x5B0C, 0x4A8A, 0x2965, 0x18E3, 0x10A3, 0x0862, 0x0861, 0x0862, 0x0861, 0x1082, 0x1082, 0x0861, 0x0861, 0x0861, 0x0861, 0x0861,
  0x0861, 0x1082, 0x0862, 0x0841, 0x0841, 0x0020, 0x1082, 0x10A2, 0x10A3, 0x18C3, 0x0020, 0x0841, 0x0000, 0x2124, 0x2945, 0x2124,
  0x0000, 0x0000, 0x0841, 0x1082, 0x0861, 0x0841, 0x0020, 0x1082, 0x10A2, 0x0841, 0x0020, 0x0000, 0x1082, 0x0861, 0x0861, 0x0861,
  0x1082, 0x1082, 0x0861, 0x0861, 0x0861, 0x1082, 0x10A3, 0x10A3, 0x1082, 0x0861, 0x0841, 0x0861, 0x0861, 0x0861, 0x18C3, 0x1082,
  0x0841, 0x0861, 0x1082, 0x1082, 0x1081, 0x0862, 0x1082, 0x0861, 0x1082, 0x0861, 0x1082, 0x1082, 0x1082, 0x1082, 0x1082, 0x1082,
  0x0020, 0x0020, 0x0020, 0x0841, 0x0861, 0x10A3, 0x10A3, 0x10A3, 0x10A2, 0x10A2, 0x10A2, 0x10A3, 0x10A2, 0x10A2, 0x10A3, 0x10A2,
  0x10A2, 0x10A2, 0x18C3, 0x10A3, 0x10A2, 0x1082, 0x1082, 0x10A2, 0x10A2, 0x18E4, 0x2966, 0x4A8A, 0x5ACB, 0x630C, 0x39E8, 0x2945,
  0x1082, 0x4229, 0x94B3, 0x8451, 0x9CD4, 0x5AEB, 0x0000, 0x1081, 0x0000, 0x0000, 0x0841, 0x0861, 0x0841, 0x0000, 0x0841, 0x0841,
  0x1082, 0x0020, 0x0020, 0x0862, 0x18E3, 0x2945, 0x0000, 0x0020, 0x0000, 0x1082, 0x1082, 0x0861, 0x2124, 0x0000, 0x0000, 0x0000,
  0x10A2, 0x2945, 0x4A6A, 0x4A49, 0x4A49, 0x4229, 0x4208, 0x4208, 0x4229, 0x4229, 0x4229, 0x4208, 0x4208, 0x39E8, 0x39C7, 0x31A7,
  0x2986, 0x2104, 0x18E3, 0x18C3, 0x10A3, 0x18C3, 0x18C3, 0x2945, 0x2966, 0x3186, 0x31A7, 0x31A7, 0x3A08, 0x0000, 0x52AA, 0x9CD3,
  0x94B3, 0xA535, 0xA555, 0x73AF, 0x52AB, 0x39E8, 0x2966, 0x2945, 0x3186, 0x31A7, 0x39C7, 0x39C7, 0x39C7, 0x31C7, 0x31C7, 0x39C7,
  0x39E8, 0x31C7, 0x39E8, 0x39E8, 0x39E8, 0x39C7, 0x39E8, 0x39E8, 0x3A08, 0x39E8, 0x39E8, 0x39C7, 0x39C7, 0x39E8, 0x39E8, 0x39E8,
  0x31A7, 0x39E8, 0x39E8, 0x39E8, 0x39E8, 0x39E8, 0x31A7, 0x39C7, 0x39C7, 0x31C7, 0x3186, 0x2945, 0x2124, 0x10A2, 0x0862, 0x0841,
  0x0841, 0x0861, 0x0841, 0x0861, 0x1081, 0x0000, 0x632C, 0x6B6E, 0x52AB, 0x52AB, 0x52AB, 0x52AB, 0x5AEC, 0x6B6E, 0x73AF, 0x6B8E,
  0x5AEC, 0x4A49, 0x2145, 0x18C3, 0x1082, 0x0862, 0x0862, 0x0862, 0x0861, 0x0861, 0x1082, 0x0861, 0x0861, 0x0861, 0x0861, 0x0861,
  0x0861, 0x0862, 0x1082, 0x1082, 0x0841, 0x0841, 0x0000, 0x2104, 0x18C3, 0x18C3, 0x0841, 0x0020, 0x0841, 0x0861, 0x2945, 0x2125,
  0x0020, 0x0020, 0x0020, 0x18C3, 0x1082, 0x0861, 0x0020, 0x0020, 0x1082, 0x0841, 0x0841, 0x0020, 0x10A2, 0x0861, 0x0841, 0x1081,
  0x0861, 0x1082, 0x1082, 0x0861, 0x0861, 0x1082, 0x10A2, 0x10A3, 0x1082, 0x0861, 0x0861, 0x0861, 0x0861, 0x0861, 0x10A2, 0x18C3,
  0x0861, 0x0841, 0x0861, 0x1082, 0x1081, 0x1082, 0x1082, 0x1082, 0x1082, 0x1082, 0x0861, 0x1082, 0x0862, 0x0862, 0x0861, 0x0861,
  0x0000, 0x0000, 0x0000, 0x0000, 0x0000, 0x0021, 0x10A2, 0x18C3, 0x18C3, 0x10A2, 0x10A2, 0x10A2, 0x10A2, 0x10A2, 0x10A3, 0x10A2,
  0x10A2, 0x10A2, 0x10A3, 0x18C3, 0x18C3, 0x1082, 0x1082, 0x1082, 0x18E3, 0x2945, 0x31A7, 0x4A8A, 0x5ACC, 0x52AB, 0x31A6, 0x18E3,
  0x0020, 0x738E, 0x94B3, 0x8431, 0x8C72, 0x18E3, 0x0000, 0x0020, 0x0020, 0x0020, 0x0861, 0x0861, 0x0000, 0x0020, 0x0841, 0x0841,
  0x0020, 0x0000, 0x0000, 0x1082, 0x2104, 0x2104, 0x0000, 0x0020, 0x0000, 0x10A2, 0x0862, 0x2965, 0x0000, 0x0000, 0x0020, 0x0861,
  0x10A3, 0x2945, 0x4A8A, 0x4A6A, 0x4208, 0x4229, 0x4229, 0x4229, 0x4229, 0x4229, 0x4208, 0x4208, 0x4229, 0x3A08, 0x39C7, 0x31A7,
  0x2966, 0x2124, 0x18E4, 0x18C3, 0x18C3, 0x18C3, 0x18E3, 0x2125, 0x2945, 0x3186, 0x31A7, 0x2986, 0x39E8, 0x0000, 0x10A2, 0x8431,
  0xA535, 0xAD55, 0xA535, 0x634D, 0x4229, 0x39C7, 0x2966, 0x2986, 0x31A7, 0x31C7, 0x39C7, 0x39C7, 0x39E8, 0x39E8, 0x39C7, 0x3A08,
  0x39E8, 0x39E8, 0x4208, 0x3A08, 0x39E8, 0x31C7, 0x39E8, 0x4208, 0x4208, 0x3A08, 0x4208, 0x39E8, 0x4208, 0x4229, 0x39E8, 0x39E8,
  0x39E8, 0x39C7, 0x39E8, 0x4208, 0x31C7, 0x39C7, 0x31A7, 0x39E8, 0x39C7, 0x3186, 0x31A6, 0x2965, 0x1904, 0x18C3, 0x1082, 0x0861,
  0x0841, 0x0841, 0x0841, 0x1082, 0x0841, 0x0000, 0x6B8E, 0x5AEC, 0x52AB, 0x52AB, 0x52AB, 0x52AB, 0x630C, 0x6B6E, 0x738E, 0x6B6E,
  0x5ACB, 0x4229, 0x2125, 0x18E3, 0x10A2, 0x0862, 0x0862, 0x1082, 0x0861, 0x0861, 0x1082, 0x0861, 0x0861, 0x0861, 0x0861, 0x0861,
  0x0861, 0x0861, 0x10A2, 0x10A3, 0x0861, 0x0021, 0x0841, 0x18C3, 0x2104, 0x10A3, 0x10A2, 0x0020, 0x0020, 0x0000, 0x18C3, 0x2125,
  0x0862, 0x0020, 0x0020, 0x10A2, 0x10A2, 0x0861, 0x0020, 0x0020, 0x0861, 0x0861, 0x0841, 0x0020, 0x1082, 0x1082, 0x0841, 0x1082,
  0x1082, 0x0861, 0x1082, 0x0861, 0x0861, 0x1082, 0x1082, 0x10A2, 0x10A2, 0x1082, 0x0861, 0x0861, 0x0841, 0x0861, 0x0861, 0x18C3,
  0x18C3, 0x0841, 0x0861, 0x0862, 0x0861, 0x0861, 0x0861, 0x0841, 0x0841, 0x0841, 0x0841, 0x0841, 0x0841, 0x0841, 0x0841, 0x0841,
  0x0861, 0x0861, 0x0841, 0x0000, 0x0000, 0x0000, 0x0841, 0x1082, 0x10A3, 0x10A3, 0x18C3, 0x10A3, 0x1082, 0x10A3, 0x10A3, 0x10A2,
  0x10A2, 0x10A2, 0x10A2, 0x10A3, 0x18C3, 0x1082, 0x10A2, 0x10A2, 0x18E4, 0x2965, 0x39E7, 0x52CB, 0x5ACB, 0x4A6A, 0x2945, 0x1082,
  0x0000, 0x8451, 0x8C92, 0x8451, 0x632D, 0x0000, 0x0861, 0x0000, 0x0020, 0x0020, 0x1082, 0x0020, 0x0020, 0x0841, 0x0841, 0x10A2,
  0x0000, 0x0020, 0x0020, 0x10A3, 0x2124, 0x0862, 0x0020, 0x0000, 0x0861, 0x0861, 0x2945, 0x3186, 0x0000, 0x0021, 0x0000, 0x10A2,
  0x1082, 0x2125, 0x4A6A, 0x4A6A, 0x4229, 0x4A49, 0x4229, 0x4229, 0x4229, 0x4229, 0x4229, 0x4208, 0x4229, 0x4208, 0x39C7, 0x31A7,
  0x2966, 0x2125, 0x2104, 0x18C3, 0x18C3, 0x18C3, 0x18C3, 0x2104, 0x2125, 0x2966, 0x31A7, 0x31C7, 0x3187, 0x2124, 0x0000, 0x3186,
  0xBE18, 0xB5D7, 0xA535, 0x5AEC, 0x4229, 0x31A7, 0x2965, 0x3186, 0x3186, 0x39E8, 0x39C7, 0x39C7, 0x39E8, 0x3A08, 0x39E8, 0x4208,
  0x3A08, 0x4208, 0x39E8, 0x4208, 0x3A08, 0x4208, 0x4208, 0x4249, 0x4208, 0x39E8, 0x4208, 0x4229, 0x4208, 0x39E8, 0x4208, 0x39E8,
  0x3A08, 0x4208, 0x4208, 0x39E8, 0x39E8, 0x4208, 0x39E8, 0x39E8, 0x39E8, 0x31A7, 0x31C7, 0x3186, 0x2125, 0x18E3, 0x10A2, 0x0862,
  0x0841, 0x0841, 0x0020, 0x0861, 0x0000, 0x2104, 0x632D, 0x52AB, 0x52AB, 0x52AB, 0x52AB, 0x52AB, 0x632D, 0x6B6E, 0x73AF, 0x6B6E,
  0x52AB, 0x4208, 0x2124, 0x18C3, 0x1082, 0x1082, 0x0862, 0x0861, 0x1082, 0x0861, 0x1082, 0x0861, 0x0861, 0x0861, 0x0861, 0x0861,
  0x0861, 0x0861, 0x10A2, 0x10A2, 0x10A2, 0x0841, 0x0841, 0x0020, 0x18C3, 0x2104, 0x18C3, 0x1082, 0x0020, 0x0020, 0x0841, 0x2104,
  0x10A3, 0x0841, 0x0020, 0x0861, 0x18C3, 0x1082, 0x0841, 0x0020, 0x0020, 0x1082, 0x0861, 0x0020, 0x0841, 0x1082, 0x0861, 0x0861,
  0x1082, 0x1082, 0x1082, 0x0861, 0x0861, 0x0862, 0x1082, 0x10A2, 0x10A2, 0x1082, 0x0861, 0x0861, 0x0841, 0x0861, 0x0861, 0x1082,
  0x18C3, 0x1082, 0x0862, 0x0862, 0x0841, 0x0020, 0x0020, 0x0020, 0x0020, 0x0020, 0x0841, 0x0841, 0x0841, 0x0862, 0x1082, 0x1082,
  0x1062, 0x0861, 0x0881, 0x0861, 0x0000, 0x0000, 0x0020, 0x0841, 0x0862, 0x10A2, 0x10A2, 0x10A2, 0x10A3, 0x10A2, 0x10A2, 0x10A3,
  0x10A2, 0x18C3, 0x10A3, 0x10A3, 0x10A3, 0x1082, 0x10A2, 0x10A3, 0x2104, 0x2966, 0x41E8, 0x52AB, 0x52AB, 0x4229, 0x18E4, 0x0841,
  0x0000, 0x9CD3, 0x8C52, 0x94B2, 0x2104, 0x0020, 0x10A2, 0x0000, 0x0020, 0x0020, 0x0861, 0x0020, 0x0020, 0x0020, 0x1082, 0x18C3,
  0x0000, 0x0020, 0x0841, 0x18E4, 0x18C3, 0x0000, 0x0020, 0x0841, 0x10A3, 0x2104, 0x31A6, 0x0861, 0x0020, 0x0000, 0x0861, 0x1082,
  0x10A3, 0x2945, 0x4A6A, 0x4A49, 0x4249, 0x4229, 0x4229, 0x4229, 0x4229, 0x4229, 0x4208, 0x4229, 0x4208, 0x39E8, 0x39C7, 0x31C7,
  0x31A7, 0x2145, 0x2104, 0x18C3, 0x10C3, 0x10A3, 0x18C3, 0x2104, 0x2145, 0x2966, 0x31A6, 0x31A7, 0x2966, 0x4228, 0x10C2, 0x0000,
  0x7BCF, 0xB597, 0xAD76, 0x52AB, 0x4208, 0x3186, 0x3186, 0x31A7, 0x31A7, 0x39E8, 0x39E8, 0x31C7, 0x4229, 0x4229, 0x4228, 0x39E8,
  0x3A08, 0x4249, 0x4229, 0x4208, 0x39E8, 0x4A49, 0x4229, 0x4229, 0x4228, 0x4208, 0x4229, 0x4249, 0x3A08, 0x3A08, 0x3A08, 0x4229,
  0x4A49, 0x3A08, 0x39E7, 0x39E8, 0x4228, 0x4229, 0x4228, 0x3A08, 0x3A08, 0x39E7, 0x31C7, 0x31A6, 0x2965, 0x2104, 0x10A3, 0x1082,
  0x0841, 0x0840, 0x0841, 0x0000, 0x1082, 0x5AEC, 0x5ACB, 0x52CB, 0x528B, 0x528A, 0x4A8A, 0x52AB, 0x632D, 0x738E, 0x7BF0, 0x632D,
  0x52AB, 0x39E8, 0x1904, 0x18C3, 0x10A2, 0x0862, 0x0862, 0x0861, 0x1082, 0x0861, 0x1082, 0x0861, 0x0861, 0x0861, 0x0861, 0x0861,
  0x0861, 0x1081, 0x1082, 0x1082, 0x18C3, 0x1082, 0x0021, 0x0021, 0x0841, 0x18E3, 0x18C3, 0x18C3, 0x1082, 0x0841, 0x0000, 0x10A2,
  0x18C3, 0x0862, 0x0020, 0x0020, 0x10A2, 0x10A2, 0x0841, 0x0020, 0x0020, 0x10A2, 0x0861, 0x0841, 0x0020, 0x1082, 0x1082, 0x0861,
  0x0861, 0x1082, 0x1082, 0x1082, 0x0861, 0x0862, 0x1082, 0x10A2, 0x10A3, 0x10A2, 0x1082, 0x0861, 0x0861, 0x0861, 0x1082, 0x10A2,
  0x10A2, 0x18E3, 0x18E3, 0x18E4, 0x10A2, 0x0862, 0x0861, 0x10C3, 0x18C3, 0x18E3, 0x2104, 0x2124, 0x2104, 0x2945, 0x2965, 0x2945,
  0x0000, 0x0000, 0x0000, 0x10A2, 0x2125, 0x1082, 0x0000, 0x0020, 0x0841, 0x10A2, 0x10A2, 0x1082, 0x10A3, 0x10A2, 0x10A2, 0x10A2,
  0x10A3, 0x18C3, 0x10A3, 0x10A2, 0x1082, 0x1082, 0x1082, 0x18C3, 0x2145, 0x31A7, 0x4229, 0x52AB, 0x4A8A, 0x39E8, 0x10A3, 0x0000,
  0x10A2, 0x9CD3, 0x8431, 0x9CD3, 0x0000, 0x0861, 0x0861, 0x0020, 0x0020, 0x0841, 0x0841, 0x0020, 0x0020, 0x0841, 0x10A2, 0x0861,
  0x0020, 0x0020, 0x0841, 0x18E3, 0x0020, 0x0000, 0x0020, 0x10A2, 0x1082, 0x39C7, 0x1082, 0x0000, 0x0000, 0x0820, 0x10A3, 0x0862,
  0x10C3, 0x2965, 0x4A6A, 0x4A6A, 0x4A49, 0x4229, 0x4229, 0x4249, 0x4229, 0x4229, 0x4229, 0x4229, 0x4229, 0x4208, 0x39E8, 0x39C7,
  0x31A7, 0x2945, 0x2104, 0x18E4, 0x10C3, 0x10C3, 0x10C3, 0x1904, 0x2125, 0x2945, 0x3186, 0x3186, 0x3186, 0x31A7, 0x4228, 0x10A2,
  0x0000, 0x3186, 0x528B, 0x528A, 0x39E8, 0x39C7, 0x31C7, 0x39E8, 0x4229, 0x3A08, 0x4229, 0x4249, 0x4249, 0x4249, 0x4249, 0x3A28,
  0x4249, 0x4249, 0x4249, 0x4A69, 0x4249, 0x4A49, 0x4249, 0x4229, 0x4A6A, 0x4249, 0x4229, 0x4A49, 0x4A8A, 0x4249, 0x39E8, 0x4249,
  0x4249, 0x4229, 0x4229, 0x4249, 0x3A08, 0x4229, 0x4229, 0x4229, 0x4229, 0x4229, 0x3A08, 0x39E8, 0x31C7, 0x2945, 0x18C3, 0x1082,
  0x0000, 0x0000, 0x0000, 0x10A2, 0x5ACB, 0x634D, 0x52AB, 0x52AB, 0x528A, 0x52AB, 0x52AB, 0x52AB, 0x632D, 0x738E, 0x8410, 0x630C,
  0x4A8A, 0x39E8, 0x18E4, 0x10A2, 0x1082, 0x0861, 0x0861, 0x0861, 0x0861, 0x0861, 0x0861, 0x0861, 0x0861, 0x0861, 0x0861, 0x0861,
  0x0861, 0x0861, 0x10A2, 0x10A3, 0x18C3, 0x18C3, 0x0861, 0x0861, 0x0020, 0x0841, 0x18E3, 0x18C3, 0x18E3, 0x0021, 0x0021, 0x0021,
  0x18C3, 0x1082, 0x0841, 0x0020, 0x0861, 0x18C3, 0x0861, 0x0020, 0x0020, 0x1082, 0x1082, 0x0841, 0x0020, 0x0841, 0x1082, 0x0841,
  0x0861, 0x0861, 0x0861, 0x1082, 0x0861, 0x0862, 0x1082, 0x1082, 0x18E4, 0x10A3, 0x1082, 0x0862, 0x0861, 0x0861, 0x0861, 0x1082,
  0x1082, 0x18C3, 0x2104, 0x2124, 0x2125, 0x2145, 0x2945, 0x2966, 0x2965, 0x2965, 0x2965, 0x2945, 0x2145, 0x2125, 0x2125, 0x2104,
  0x2965, 0x4249, 0x3187, 0x0000, 0x2145, 0x1904, 0x0000, 0x0000, 0x0841, 0x1082, 0x10A2, 0x10A2, 0x1082, 0x10A2, 0x10A3, 0x10A2,
  0x10A3, 0x10A2, 0x10A3, 0x10A3, 0x1082, 0x10A2, 0x1082, 0x18C3, 0x2945, 0x39E8, 0x528A, 0x4A8A, 0x3A08, 0x2945, 0x1082, 0x0000,
  0x39C7, 0x9493, 0x9492, 0x9CD3, 0x0000, 0x10A2, 0x0020, 0x0020, 0x0020, 0x1082, 0x0000, 0x0020, 0x0020, 0x0861, 0x0861, 0x0000,
  0x0020, 0x0841, 0x0841, 0x1082, 0x0000, 0x0020, 0x0862, 0x10A3, 0x10A3, 0x18C3, 0x0000, 0x0020, 0x0020, 0x10A2, 0x10C3, 0x1082,
  0x18C3, 0x2966, 0x528A, 0x4A6A, 0x4229, 0x4229, 0x4249, 0x4229, 0x4229, 0x4229, 0x4229, 0x4208, 0x4229, 0x4229, 0x39E8, 0x39E8,
  0x31C7, 0x2965, 0x2124, 0x2104, 0x18C3, 0x10C3, 0x10C3, 0x18E3, 0x2124, 0x2945, 0x2986, 0x31A6, 0x31A6, 0x2945, 0x31A6, 0x39E8,
  0x0000, 0x0000, 0x0000, 0x18C3, 0x18E3, 0x2125, 0x31A6, 0x4208, 0x4A69, 0x4229, 0x4A69, 0x52AB, 0x52AB, 0x52AB, 0x52AB, 0x5ACB,
  0x52AB, 0x52AB, 0x5ACB, 0x52AB, 0x5AEC, 0x5ACB, 0x52AB, 0x528B, 0x5AEC, 0x5ACC, 0x52AB, 0x5ACB, 0x630C, 0x5ACB, 0x5ACB, 0x52AB,
  0x52CB, 0x52AB, 0x5ACB, 0x5ACB, 0x528A, 0x52AB, 0x52AA, 0x52AA, 0x4A69, 0x4A6A, 0x4208, 0x39C7, 0x39C7, 0x18C3, 0x1082, 0x0021,
  0x0000, 0x0000, 0x0000, 0x630C, 0x6B4D, 0x52AB, 0x528B, 0x528A, 0x4A8A, 0x4A6A, 0x528A, 0x52AB, 0x634D, 0x6B6E, 0x7BF0, 0x5AEC,
  0x4249, 0x31A7, 0x18C3, 0x18C3, 0x0861, 0x0861, 0x0861, 0x0861, 0x0861, 0x0861, 0x0861, 0x1082, 0x0861, 0x0861, 0x0861, 0x0861,
  0x0861, 0x0861, 0x1082, 0x10A3, 0x10A2, 0x18C3, 0x18E3, 0x0020, 0x0841, 0x0000, 0x2104, 0x18E3, 0x18E4, 0x0021, 0x0020, 0x0020,
  0x18E3, 0x10A2, 0x0861, 0x0020, 0x0000, 0x1082, 0x0861, 0x0841, 0x0020, 0x0861, 0x10A2, 0x0861, 0x0020, 0x0020, 0x0861, 0x0841,
  0x0861, 0x1082, 0x0861, 0x1082, 0x0862, 0x0862, 0x0862, 0x1082, 0x18C3, 0x10A3, 0x10A2, 0x1082, 0x0861, 0x0841, 0x0861, 0x0861,
  0x0862, 0x10A3, 0x10A3, 0x18C3, 0x18E3, 0x2104, 0x2145, 0x2124, 0x2124, 0x2104, 0x18E4, 0x18E4, 0x1904, 0x1904, 0x18E4, 0x18E3,
  0x6BF0, 0x6C10, 0x7410, 0x18C3, 0x0000, 0x0841, 0x0020, 0x0000, 0x0020, 0x1082, 0x10A2, 0x10A3, 0x1082, 0x10A2, 0x1082, 0x1082,
  0x10A2, 0x10A3, 0x10A2, 0x10A2, 0x10A2, 0x10A3, 0x10A3, 0x18C3, 0x3186, 0x4208, 0x4A49, 0x4229, 0x31A6, 0x2104, 0x0841, 0x0000,
  0x5ACB, 0x8431, 0x9CD3, 0x6B6D, 0x0841, 0x0861, 0x0000, 0x0020, 0x0841, 0x10A2, 0x0000, 0x0000, 0x0020, 0x0861, 0x0841, 0x0000,
  0x0020, 0x0841, 0x1082, 0x0000, 0x0020, 0x0000, 0x18C3, 0x10A2, 0x2966, 0x0000, 0x0020, 0x0000, 0x1082, 0x18E3, 0x1082, 0x2125,
  0x2104, 0x2965, 0x4A8A, 0x4A49, 0x4A49, 0x4229, 0x4229, 0x4208, 0x4229, 0x4208, 0x4229, 0x4229, 0x4229, 0x4229, 0x3A08, 0x39E8,
  0x31A7, 0x2965, 0x2125, 0x18E4, 0x18C3, 0x18C3, 0x18C3, 0x18E4, 0x18E4, 0x2145, 0x2966, 0x3186, 0x3186, 0x31A6, 0x2945, 0x3186,
  0x2124, 0x0882, 0x0000, 0x0000, 0x0000, 0x0000, 0x0841, 0x0862, 0x10A2, 0x18E3, 0x18E4, 0x1904, 0x2945, 0x2945, 0x3186, 0x2986,
  0x2965, 0x31A6, 0x31A7, 0x2986, 0x39C7, 0x39E8, 0x31C7, 0x39E8, 0x4208, 0x39E8, 0x39E8, 0x39C7, 0x39C7, 0x39C7, 0x3A08, 0x39E8,
  0x39C7, 0x2966, 0x2986, 0x2966, 0x3186, 0x2125, 0x2145, 0x2124, 0x18E3, 0x18E3, 0x1082, 0x0861, 0x0841, 0x0000, 0x0000, 0x0000,
  0x0020, 0x2104, 0x4A6A, 0x630C, 0x528B, 0x52AB, 0x4A8A, 0x4A6A, 0x528A, 0x4A6A, 0x4A8A, 0x528B, 0x632D, 0x73AF, 0x73AF, 0x52CB,
  0x4228, 0x31A7, 0x10A3, 0x10A3, 0x1082, 0x0861, 0x0861, 0x0861, 0x0861, 0x0861, 0x0861, 0x1082, 0x0861, 0x0861, 0x0861, 0x0861,
  0x0861, 0x0861, 0x0862, 0x0862, 0x18E4, 0x10A2, 0x18E3, 0x0020, 0x0020, 0x0841, 0x10A2, 0x2124, 0x18C3, 0x1082, 0x0000, 0x0020,
  0x18C3, 0x10A3, 0x1081, 0x0020, 0x0020, 0x0020, 0x1082, 0x0861, 0x0841, 0x0020, 0x1082, 0x1082, 0x0020, 0x0000, 0x0841, 0x0841,
  0x0841, 0x0861, 0x0861, 0x1082, 0x1082, 0x0862, 0x0862, 0x1082, 0x18E3, 0x18E4, 0x18C3, 0x1082, 0x0861, 0x0841, 0x0861, 0x0861,
  0x0861, 0x10A2, 0x10A2, 0x18C3, 0x18E4, 0x18E3, 0x18E4, 0x2104, 0x2104, 0x1904, 0x18E4, 0x2104, 0x2104, 0x18E4, 0x18E4, 0x18E3,
  0x9C51, 0x9BCF, 0x8BCF, 0x21C7, 0x0000, 0x0820, 0x0841, 0x0000, 0x0000, 0x0862, 0x1082, 0x10A2, 0x10A2, 0x10A2, 0x10A2, 0x10A2,
  0x10A3, 0x10A2, 0x1082, 0x1082, 0x10A2, 0x10A3, 0x10A3, 0x18E3, 0x39C7, 0x4229, 0x4249, 0x39E8, 0x2965, 0x18E3, 0x0020, 0x10A2,
  0x73CF, 0x8431, 0x8C72, 0x2945, 0x1082, 0x0020, 0x0020, 0x0020, 0x1082, 0x0861, 0x0020, 0x0020, 0x0020, 0x0861, 0x0000, 0x0000,
  0x0841, 0x0841, 0x18C3, 0x0000, 0x0000, 0x0000, 0x18C3, 0x2945, 0x2965, 0x0000, 0x0020, 0x0000, 0x18C3, 0x10A2, 0x18E4, 0x10A3,
  0x2104, 0x2966, 0x4A6A, 0x4A49, 0x4249, 0x4229, 0x4229, 0x4229, 0x4229, 0x4229, 0x4229, 0x4229, 0x4229, 0x4229, 0x3A08, 0x39E8,
  0x31A7, 0x2965, 0x2125, 0x18E4, 0x18C3, 0x18C3, 0x10A3, 0x18E3, 0x2104, 0x2124, 0x2966, 0x2986, 0x2986, 0x3186, 0x3186, 0x2966,
  0x31A7, 0x3186, 0x2104, 0x0861, 0x0020, 0x0000, 0x0000, 0x0000, 0x0000, 0x0000, 0x0000, 0x0000, 0x0000, 0x0000, 0x0000, 0x0000,
  0x0000, 0x0000, 0x0000, 0x0000, 0x0000, 0x0000, 0x0000, 0x0000, 0x0020, 0x0000, 0x0000, 0x0000, 0x0000, 0x0000, 0x0000, 0x0000,
  0x0000, 0x0000, 0x0000, 0x0000, 0x0000, 0x0000, 0x0000, 0x0000, 0x0000, 0x0000, 0x0000, 0x0000, 0x0000, 0x0020, 0x0861, 0x18C3,
  0x4A49, 0x5B0C, 0x632D, 0x4A6A, 0x528B, 0x52AB, 0x4A6A, 0x4A6A, 0x4A6A, 0x4A8A, 0x52AB, 0x52CB, 0x634D, 0x73AF, 0x7BCF, 0x52AB,
  0x3A08, 0x31A7, 0x10A2, 0x1082, 0x1082, 0x1082, 0x0861, 0x0861, 0x0861, 0x0861, 0x0861, 0x0861, 0x0861, 0x0861, 0x0861, 0x0861,
  0x0861, 0x1081, 0x1082, 0x0862, 0x18E4, 0x18C3, 0x10A2, 0x10A2, 0x0020, 0x0020, 0x0020, 0x18C3, 0x2104, 0x18E4, 0x0841, 0x0020,
  0x0861, 0x18C3, 0x10A2, 0x0841, 0x0020, 0x0020, 0x10A2, 0x0861, 0x0841, 0x0000, 0x0841, 0x10A2, 0x0841, 0x0020, 0x0020, 0x1082,
  0x0841, 0x0861, 0x0861, 0x0861, 0x1082, 0x0862, 0x0862, 0x1082, 0x18C3, 0x18E3, 0x18E3, 0x1082, 0x0861, 0x0861, 0x0861, 0x0861,
  0x0862, 0x1082, 0x10A3, 0x18C3, 0x18E3, 0x18E4, 0x18E3, 0x18E4, 0x1904, 0x1904, 0x18E3, 0x18E3, 0x18C3, 0x18E3, 0x18C3, 0x18C3,
  0x9B0C, 0x9B2C, 0x9B8D, 0x2103, 0x0000, 0x0821, 0x0841, 0x0020, 0x0000, 0x0861, 0x1082, 0x1082, 0x10A2, 0x1082, 0x10A2, 0x10A2,
  0x10A3, 0x10A2, 0x10A2, 0x1082, 0x1082, 0x10A3, 0x18C3, 0x2124, 0x39E8, 0x4229, 0x4A49, 0x31A7, 0x2104, 0x10A2, 0x0000, 0x2945,
  0x7C10, 0x8411, 0x6B4E, 0x0841, 0x0861, 0x0000, 0x0020, 0x0841, 0x10A2, 0x0020, 0x0020, 0x0841, 0x0841, 0x0841, 0x0000, 0x0000,
  0x0841, 0x10A2, 0x10A2, 0x0020, 0x0000, 0x0841, 0x2104, 0x2965, 0x0841, 0x0841, 0x0000, 0x0841, 0x10A3, 0x18C3, 0x31A6, 0x0841,
  0x2945, 0x2966, 0x4A6A, 0x4249, 0x4229, 0x4249, 0x4249, 0x4229, 0x4229, 0x4208, 0x4229, 0x4229, 0x4229, 0x4249, 0x3A08, 0x39E8,
  0x39C7, 0x2966, 0x2145, 0x2104, 0x18C3, 0x18A3, 0x10A3, 0x18C3, 0x2104, 0x2124, 0x2965, 0x2986, 0x3186, 0x2966, 0x2986, 0x31A7,
  0x2966, 0x2966, 0x3186, 0x2945, 0x2104, 0x18C3, 0x1082, 0x0861, 0x0861, 0x0841, 0x0841, 0x0841, 0x0020, 0x0020, 0x0020, 0x0020,
  0x0000, 0x0000, 0x0000, 0x0000, 0x0000, 0x0000, 0x0000, 0x0000, 0x0000, 0x0000, 0x0000, 0x0000, 0x0000, 0x0000, 0x0000, 0x0000,
  0x0000, 0x0020, 0x0020, 0x0021, 0x0021, 0x0841, 0x0841, 0x0862, 0x1082, 0x1082, 0x18C3, 0x18C3, 0x2124, 0x39C7, 0x4229, 0x4A49,
  0x5AEC, 0x52AB, 0x4A8A, 0x4A6A, 0x528B, 0x4A6A, 0x4A6A, 0x4A49, 0x4A49, 0x4A6A, 0x52AB, 0x5ACB, 0x6B6E, 0x73AF, 0x73CF, 0x52AB,
  0x39E8, 0x2966, 0x10A2, 0x1082, 0x1081, 0x0861, 0x0861, 0x1082, 0x0861, 0x0861, 0x0861, 0x0861, 0x0861, 0x0861, 0x0861, 0x0861,
  0x0861, 0x0861, 0x1082, 0x1082, 0x0841, 0x18E4, 0x18C3, 0x18E3, 0x1082, 0x0020, 0x0021, 0x0841, 0x18E4, 0x18E4, 0x10A2, 0x0020,
  0x0020, 0x10A3, 0x18C3, 0x0861, 0x0020, 0x0020, 0x10A2, 0x1082, 0x0861, 0x0020, 0x0000, 0x1082, 0x0861, 0x0020, 0x0000, 0x1082,
  0x0841, 0x0841, 0x0861, 0x0861, 0x1082, 0x0861, 0x0861, 0x0861, 0x18C3, 0x18E4, 0x2104, 0x1082, 0x1082, 0x0861, 0x0861, 0x0861,
  0x0861, 0x1082, 0x1082, 0x18C3, 0x18C3, 0x18E3, 0x18E3, 0x18E3, 0x18E3, 0x18E3, 0x18E4, 0x18E4, 0x18E3, 0x18C3, 0x18E3, 0x18C3,
  0x1841, 0x1862, 0x48C2, 0x9165, 0x2041, 0x0021, 0x0841, 0x0841, 0x0000, 0x0841, 0x1082, 0x1082, 0x10A2, 0x1082, 0x10A2, 0x1082,
  0x10A2, 0x10A3, 0x1082, 0x10A2, 0x1082, 0x10A3, 0x18E4, 0x2945, 0x3A08, 0x4228, 0x4208, 0x2945, 0x18C3, 0x1082, 0x0021, 0x39E8,
  0x73AF, 0x73AF, 0x39C8, 0x0000, 0x0020, 0x0020, 0x0020, 0x1082, 0x0861, 0x0020, 0x0020, 0x0020, 0x0861, 0x0000, 0x0020, 0x0841,
  0x0861, 0x18C3, 0x0841, 0x0020, 0x0020, 0x1082, 0x2124, 0x0861, 0x0000, 0x0000, 0x0021, 0x18C3, 0x18C3, 0x2965, 0x18C3, 0x18C3,
  0x2945, 0x2986, 0x4A6A, 0x4249, 0x4A49, 0x4208, 0x4229, 0x4229, 0x4229, 0x4208, 0x4229, 0x4229, 0x4249, 0x4229, 0x4209, 0x4208,
  0x39E8, 0x3186, 0x2945, 0x2124, 0x18C3, 0x18C3, 0x18C3, 0x18C3, 0x2104, 0x2124, 0x2965, 0x2966, 0x2986, 0x2986, 0x3186, 0x2986,
  0x2986, 0x2966, 0x2986, 0x2966, 0x2965, 0x2945, 0x2145, 0x2125, 0x2124, 0x2124, 0x2104, 0x2104, 0x2104, 0x1904, 0x1904, 0x2104,
  0x2104, 0x1904, 0x2104, 0x2104, 0x2104, 0x2104, 0x2104, 0x2104, 0x1904, 0x18E4, 0x2104, 0x2104, 0x2104, 0x2104, 0x2124, 0x2124,
  0x2124, 0x2925, 0x2945, 0x2945, 0x2945, 0x2966, 0x2965, 0x3186, 0x31A6, 0x3186, 0x39C7, 0x39E7, 0x4208, 0x4249, 0x4A6A, 0x4A6A,
  0x4A4A, 0x4A6A, 0x4A6A, 0x4A6A, 0x4A6A, 0x4249, 0x4A49, 0x4A49, 0x4A49, 0x528A, 0x52AB, 0x5ACB, 0x738F, 0x7BF0, 0x73AF, 0x4A6A,
  0x39C7, 0x2945, 0x10A2, 0x1082, 0x1082, 0x0861, 0x0861, 0x0861, 0x0861, 0x0861, 0x0861, 0x0861, 0x0861, 0x0861, 0x0861, 0x0861,
  0x0861, 0x0861, 0x0861, 0x1082, 0x0020, 0x1081, 0x18E3, 0x18C3, 0x18E3, 0x0861, 0x0841, 0x0020, 0x0841, 0x2104, 0x18C3, 0x0841,
  0x0021, 0x0841, 0x18C3, 0x0861, 0x0841, 0x0020, 0x0861, 0x10A2, 0x0861, 0x0020, 0x0000, 0x0841, 0x0861, 0x0841, 0x0020, 0x0861,
  0x0861, 0x0841, 0x1082, 0x0861, 0x1082, 0x0861, 0x0861, 0x0861, 0x10A3, 0x18E4, 0x2104, 0x10A3, 0x1082, 0x0862, 0x0861, 0x0861,
  0x0861, 0x0861, 0x1082, 0x10A2, 0x10A3, 0x18C3, 0x18C3, 0x18C3, 0x18C3, 0x18C3, 0x18C3, 0x18C3, 0x18C3, 0x10A3, 0x18C3, 0x18C3,
  0x0020, 0x0000, 0x0000, 0x90C4, 0x90A3, 0x0040, 0x0841, 0x0841, 0x0000, 0x0841, 0x1082, 0x1082, 0x10A2, 0x1082, 0x1082, 0x1082,
  0x10A2, 0x10A3, 0x1082, 0x1082, 0x1082, 0x18C3, 0x2104, 0x2965, 0x4208, 0x4208, 0x39C7, 0x1904, 0x10A2, 0x1082, 0x1062, 0x528A,
  0x634D, 0x6B4D, 0x2104, 0x0000, 0x0000, 0x0020, 0x0020, 0x1082, 0x0020, 0x0000, 0x0841, 0x0841, 0x1082, 0x0000, 0x0000, 0x0841,
  0x10A2, 0x1082, 0x0000, 0x0000, 0x0861, 0x1082, 0x18C3, 0x0000, 0x0020, 0x0000, 0x10A3, 0x18E3, 0x2925, 0x18C3, 0x0000, 0x2104,
  0x2145, 0x31A7, 0x4229, 0x4229, 0x4249, 0x4229, 0x4208, 0x4229, 0x4229, 0x4229, 0x4229, 0x4229, 0x4229, 0x4229, 0x4229, 0x3A08,
  0x39E8, 0x3186, 0x2965, 0x2124, 0x18C3, 0x18C3, 0x10A3, 0x18C3, 0x18E4, 0x2124, 0x2965, 0x2966, 0x2966, 0x2966, 0x2966, 0x2986,
  0x2966, 0x2966, 0x3186, 0x2986, 0x2965, 0x2966, 0x2966, 0x2965, 0x2965, 0x2966, 0x2965, 0x2965, 0x2966, 0x2966, 0x2966, 0x2986,
  0x2986, 0x3186, 0x3186, 0x3186, 0x3186, 0x3186, 0x3186, 0x3186, 0x31A6, 0x3186, 0x3186, 0x31A6, 0x31A6, 0x31A6, 0x31A6, 0x31A6,
  0x31A7, 0x31A7, 0x39C7, 0x39C7, 0x39C7, 0x39C7, 0x39E7, 0x31C7, 0x39E8, 0x39E8, 0x39E8, 0x39E8, 0x4208, 0x4229, 0x4229, 0x4249,
  0x4A49, 0x4A6A, 0x4A6A, 0x4A49, 0x4249, 0x4249, 0x4249, 0x4A49, 0x4A49, 0x4A6A, 0x528A, 0x5AEC, 0x738F, 0x7BF0, 0x6B6E, 0x4249,
  0x31A7, 0x2145, 0x10A2, 0x1082, 0x1082, 0x0861, 0x0861, 0x0861, 0x0861, 0x0861, 0x0861, 0x0861, 0x0861, 0x0861, 0x0861, 0x0861,
  0x0861, 0x0861, 0x0861, 0x1082, 0x0841, 0x0020, 0x1082, 0x18C3, 0x18C3, 0x18C3, 0x0021, 0x0841, 0x0000, 0x2104, 0x18E3, 0x1082,
  0x0021, 0x0020, 0x1082, 0x1082, 0x0861, 0x0020, 0x0020, 0x10A2, 0x1082, 0x0020, 0x0000, 0x0020, 0x1082, 0x0861, 0x0020, 0x0841,
  0x1082, 0x0841, 0x1082, 0x0861, 0x1082, 0x0861, 0x0861, 0x0861, 0x10A2, 0x18E3, 0x2104, 0x18C3, 0x10A2, 0x0862, 0x0841, 0x0841,
  0x0861, 0x0861, 0x1082, 0x1082, 0x10A2, 0x10A3, 0x18C3, 0x18C3, 0x18C3, 0x18C3, 0x18C3, 0x18C3, 0x18C3, 0x18C3, 0x10A3, 0x18C3,
  0x0861, 0x0840, 0x0041, 0x3841, 0x90A4, 0x2041, 0x0841, 0x0841, 0x0000, 0x0020, 0x1082, 0x1082, 0x1082, 0x1082, 0x1082, 0x10A2,
  0x1082, 0x1082, 0x1082, 0x1082, 0x1082, 0x18C3, 0x2104, 0x2986, 0x39E8, 0x39E8, 0x31A7, 0x18E4, 0x1082, 0x0862, 0x18C3, 0x52AB,
  0x4A8A, 0x5ACB, 0x0841, 0x0020, 0x0000, 0x0020, 0x0020, 0x0861, 0x0020, 0x0020, 0x0020, 0x1082, 0x0861, 0x0020, 0x0020, 0x0841,
  0x10A2, 0x0020, 0x0000, 0x0020, 0x0861, 0x18C3, 0x0020, 0x0000, 0x0020, 0x0862, 0x18E4, 0x18C3, 0x18E3, 0x0000, 0x0000, 0x2104,
  0x2125, 0x39E8, 0x4A49, 0x4229, 0x4229, 0x4A49, 0x4229, 0x4229, 0x4229, 0x4249, 0x4229, 0x4229, 0x4229, 0x4249, 0x4208, 0x3A08,
  0x39E8, 0x3186, 0x2966, 0x2145, 0x18C3, 0x18C3, 0x18C3, 0x18C3, 0x18E4, 0x2104, 0x2945, 0x2966, 0x2986, 0x2966, 0x2966, 0x2986,
  0x2966, 0x2966, 0x2986, 0x3186, 0x3186, 0x3186, 0x2986, 0x2966, 0x2986, 0x3186, 0x3186, 0x2986, 0x31A6, 0x31A6, 0x3186, 0x31A6,
  0x31A7, 0x31A7, 0x31C7, 0x31A7, 0x31A7, 0x31C7, 0x31A7, 0x31A7, 0x31C7, 0x39C7, 0x31C7, 0x39C7, 0x39C7, 0x31C7, 0x39E7, 0x39E7,
  0x39E8, 0x39C7, 0x39E8, 0x39E8, 0x39E8, 0x3A08, 0x3A08, 0x3A08, 0x3A08, 0x3A08, 0x4229, 0x4229, 0x4208, 0x4229, 0x4A49, 0x4229,
  0x4A49, 0x4A4A, 0x4A49, 0x4A49, 0x4A49, 0x4A49, 0x4A49, 0x4A49, 0x4A49, 0x4A6A, 0x52AB, 0x5AEC, 0x6B6E, 0x738E, 0x6B8E, 0x4229,
  0x2986, 0x2104, 0x10A2, 0x1081, 0x0861, 0x0861, 0x0861, 0x0861, 0x0861, 0x0861, 0x0861, 0x0861, 0x0861, 0x0861, 0x0861, 0x0861,
  0x0861, 0x0861, 0x0861, 0x0861, 0x0841, 0x0841, 0x0020, 0x18E4, 0x18C3, 0x18C3, 0x0021, 0x0841, 0x0841, 0x18C3, 0x18E4, 0x10A3,
  0x0020, 0x0021, 0x0841, 0x10A2, 0x1082, 0x0841, 0x0020, 0x0861, 0x10A2, 0x0841, 0x0020, 0x0000, 0x1082, 0x0861, 0x0841, 0x0020,
  0x0861, 0x0841, 0x1082, 0x0861, 0x0861, 0x0861, 0x0861, 0x0861, 0x1082, 0x18E3, 0x2104, 0x2104, 0x18C3, 0x10A2, 0x0861, 0x0841,
  0x0841, 0x0861, 0x0861, 0x1082, 0x1082, 0x10A2, 0x10A3, 0x10A2, 0x10A2, 0x10A3, 0x18C3, 0x18C3, 0x10A2, 0x18C3, 0x10A3, 0x10A2,
  0x0841, 0x0861, 0x0840, 0x1841, 0x9083, 0x3841, 0x0841, 0x0020, 0x0000, 0x0020, 0x1082, 0x1082, 0x1082, 0x10A2, 0x1082, 0x1082,
  0x1082, 0x1082, 0x1082, 0x10A2, 0x10A2, 0x18E4, 0x2945, 0x3186, 0x39E8, 0x39C7, 0x2966, 0x18C3, 0x0862, 0x0862, 0x2104, 0x4A8A,
  0x3A28, 0x39E7, 0x0000, 0x0020, 0x0020, 0x0020, 0x0841, 0x0020, 0x0000, 0x0020, 0x0841, 0x1082, 0x0020, 0x0020, 0x0841, 0x0841,
  0x1082, 0x0020, 0x0020, 0x0841, 0x0861, 0x2104, 0x0000, 0x0000, 0x0000, 0x18E3, 0x18C3, 0x2125, 0x0000, 0x0000, 0x0000, 0x2125,
  0x2965, 0x4208, 0x4A49, 0x4229, 0x4229, 0x4229, 0x4249, 0x4229, 0x4229, 0x4229, 0x4229, 0x4229, 0x4229, 0x4A49, 0x4229, 0x4208,
  0x39E8, 0x31A7, 0x3186, 0x2945, 0x18C3, 0x18C3, 0x18C3, 0x18C3, 0x18E3, 0x1904, 0x2945, 0x2965, 0x2966, 0x2966, 0x2966, 0x2966,
  0x2986, 0x3186, 0x2966, 0x3186, 0x3186, 0x2986, 0x3186, 0x3186, 0x3186, 0x31C7, 0x31A7, 0x31A7, 0x31C7, 0x31C7, 0x31C7, 0x31C7,
  0x31C7, 0x31C7, 0x31C7, 0x31E7, 0x31C7, 0x39E8, 0x39E7, 0x31C7, 0x39E8, 0x39E8, 0x39E8, 0x39E8, 0x39E8, 0x39E8, 0x39E8, 0x39E8,
  0x3A08, 0x3A08, 0x3A08, 0x3A08, 0x3A08, 0x3A08, 0x3A08, 0x3A08, 0x3A08, 0x39E8, 0x4229, 0x4229, 0x4229, 0x4229, 0x4229, 0x4229,
  0x4229, 0x4A49, 0x4A49, 0x4A49, 0x4A49, 0x4229, 0x4229, 0x4249, 0x4229, 0x4A8A, 0x52AB, 0x5AEC, 0x738E, 0x73AF, 0x6B6E, 0x4229,
  0x2966, 0x1904, 0x10A2, 0x0861, 0x0861, 0x0861, 0x1082, 0x1082, 0x0861, 0x0861, 0x0861, 0x0861, 0x0861, 0x0861, 0x0861, 0x0861,
  0x0861, 0x0861, 0x1082, 0x1082, 0x0861, 0x0841, 0x0841, 0x10A3, 0x18E3, 0x18C3, 0x1082, 0x0000, 0x0841, 0x0861, 0x2104, 0x18C3,
  0x0841, 0x0021, 0x0020, 0x18C3, 0x1082, 0x0861, 0x0020, 0x0020, 0x1082, 0x0861, 0x0841, 0x0000, 0x1082, 0x1082, 0x0841, 0x0000,
  0x0841, 0x0841, 0x10A2, 0x1082, 0x0861, 0x0861, 0x0861, 0x0861, 0x1082, 0x18C3, 0x2104, 0x2124, 0x18E4, 0x18C3, 0x0861, 0x0841,
  0x0841, 0x0841, 0x0861, 0x0861, 0x1082, 0x10A2, 0x10A2, 0x10A2, 0x10A2, 0x10A2, 0x10A3, 0x10A3, 0x1082, 0x10A2, 0x10A2, 0x1082,
  0x0820, 0x0840, 0x0022, 0x4861, 0x90A3, 0x1840, 0x0841, 0x0020, 0x0000, 0x0841, 0x1082, 0x1082, 0x1082, 0x1082, 0x1082, 0x1082,
  0x1082, 0x1082, 0x1082, 0x1082, 0x10A2, 0x2104, 0x2945, 0x2986, 0x39E7, 0x31A6, 0x2945, 0x1082, 0x0861, 0x0861, 0x2945, 0x4208,
  0x39E7, 0x2104, 0x0000, 0x0020, 0x0020, 0x0020, 0x0861, 0x0020, 0x0020, 0x0841, 0x1082, 0x0861, 0x0000, 0x0020, 0x0841, 0x0861,
  0x0020, 0x0020, 0x0020, 0x0841, 0x18C3, 0x18E3, 0x0000, 0x0020, 0x0021, 0x18E3, 0x2124, 0x2966, 0x0000, 0x0020, 0x0841, 0x2104,
  0x2966, 0x4A69, 0x4229, 0x4229, 0x4229, 0x4229, 0x4229, 0x4229, 0x4229, 0x4229, 0x4208, 0x4249, 0x4249, 0x4A49, 0x4229, 0x4228,
  0x39E8, 0x39C7, 0x3186, 0x2945, 0x18E4, 0x18E3, 0x10C3, 0x10C3, 0x18C3, 0x18E4, 0x2145, 0x2945, 0x2945, 0x3186, 0x2966, 0x2966,
  0x2966, 0x3186, 0x2986, 0x2966, 0x2986, 0x3186, 0x3186, 0x3186, 0x3186, 0x31A7, 0x3186, 0x31A7, 0x31A7, 0x31C7, 0x39C7, 0x39C7,
  0x39C7, 0x39C7, 0x39C7, 0x39E7, 0x39E8, 0x39E8, 0x39E8, 0x39E8, 0x39E8, 0x39E8, 0x39E8, 0x39E8, 0x39E8, 0x4208, 0x39E8, 0x39E8,
  0x39E8, 0x4208, 0x4208, 0x4208, 0x3A08, 0x39E8, 0x4208, 0x4228, 0x4208, 0x4208, 0x4208, 0x4208, 0x4229, 0x4229, 0x4229, 0x4229,
  0x4229, 0x4249, 0x4229, 0x4A49, 0x4229, 0x4229, 0x4249, 0x4249, 0x4A49, 0x4A8A, 0x52AB, 0x5ACB, 0x73CF, 0x73CF, 0x632D, 0x39C7,
  0x2965, 0x18E3, 0x1082, 0x0882, 0x0861, 0x0861, 0x0861, 0x0861, 0x0861, 0x1082, 0x1082, 0x0861, 0x1082, 0x1082, 0x1082, 0x1082,
  0x1082, 0x1082, 0x1082, 0x0861, 0x0861, 0x0841, 0x0861, 0x0020, 0x18C3, 0x18E3, 0x18E4, 0x0841, 0x0020, 0x0020, 0x10A3, 0x18E3,
  0x0861, 0x0841, 0x0020, 0x10A2, 0x10A2, 0x0861, 0x0020, 0x0020, 0x0841, 0x1082, 0x0841, 0x0020, 0x0841, 0x1082, 0x0841, 0x0000,
  0x0020, 0x0841, 0x18E4, 0x10A3, 0x0862, 0x0861, 0x0861, 0x0861, 0x0862, 0x10A2, 0x18E4, 0x2145, 0x2124, 0x18E4, 0x0862, 0x0841,
  0x0841, 0x0841, 0x0861, 0x0861, 0x1082, 0x1082, 0x1082, 0x10A3, 0x10A2, 0x1082, 0x10A2, 0x10A2, 0x1082, 0x1082, 0x1082, 0x1082,
  0x0021, 0x0000, 0x0021, 0x90E3, 0x6862, 0x0040, 0x0020, 0x0000, 0x0000, 0x0841, 0x1082, 0x0861, 0x1082, 0x1082, 0x1082, 0x1082,
  0x1082, 0x1082, 0x1082, 0x1082, 0x10A2, 0x2104, 0x2945, 0x3186, 0x31A6, 0x2945, 0x2104, 0x0861, 0x0861, 0x0861, 0x2966, 0x31A7,
  0x39C7, 0x0861, 0x0000, 0x0841, 0x0020, 0x0841, 0x1082, 0x0020, 0x0020, 0x0020, 0x1082, 0x0020, 0x0020, 0x0020, 0x0841, 0x10A2,
  0x0000, 0x0000, 0x0000, 0x0861, 0x18E3, 0x0861, 0x0020, 0x0000, 0x10A3, 0x18E4, 0x31A6, 0x10A2, 0x0021, 0x0000, 0x1082, 0x2104,
  0x31C7, 0x4A6A, 0x4229, 0x4229, 0x4208, 0x4229, 0x4249, 0x4A49, 0x4229, 0x4229, 0x4229, 0x4A49, 0x4A49, 0x4A49, 0x4229, 0x4229,
  0x3A08, 0x39C7, 0x3186, 0x2946, 0x2104, 0x18E3, 0x18C3, 0x10C3, 0x18C3, 0x18E4, 0x2125, 0x2945, 0x2965, 0x2986, 0x2965, 0x2965,
  0x2966, 0x2966, 0x3186, 0x2966, 0x3186, 0x3187, 0x3186, 0x31A7, 0x3186, 0x3186, 0x31A7, 0x31A7, 0x31A7, 0x31C7, 0x31A7, 0x39E8,
  0x39C7, 0x39C7, 0x39E8, 0x39E8, 0x39E8, 0x39E8, 0x39E8, 0x39E8, 0x39E8, 0x39E8, 0x39E8, 0x39E8, 0x39E8, 0x4208, 0x39E8, 0x3A08,
  0x3A08, 0x3A08, 0x39E8, 0x4208, 0x3A08, 0x4208, 0x4208, 0x39E8, 0x4208, 0x4208, 0x4208, 0x3A08, 0x4208, 0x4229, 0x4208, 0x4208,
  0x4208, 0x4229, 0x4229, 0x4229, 0x4229, 0x4229, 0x4249, 0x4229, 0x4A49, 0x528A, 0x52CB, 0x5AEC, 0x7BF0, 0x7BCF, 0x630C, 0x39C7,
  0x2966, 0x2104, 0x0861, 0x0882, 0x0861, 0x0861, 0x1082, 0x1082, 0x0861, 0x1082, 0x1082, 0x1082, 0x0861, 0x0861, 0x0861, 0x1082,
  0x1082, 0x1082, 0x0861, 0x0861, 0x0861, 0x0841, 0x0841, 0x0000, 0x0861, 0x2104, 0x18E4, 0x18C3, 0x0841, 0x0021, 0x0841, 0x18C3,
  0x0862, 0x0841, 0x0020, 0x0861, 0x18C3, 0x0861, 0x0020, 0x0020, 0x0000, 0x10A2, 0x0861, 0x0841, 0x0020, 0x0861, 0x0861, 0x0020,
  0x0020, 0x0841, 0x18E4, 0x18E4, 0x0861, 0x0861, 0x0861, 0x0861, 0x0862, 0x1082, 0x18C3, 0x2965, 0x2945, 0x2104, 0x1082, 0x0861,
  0x0861, 0x0841, 0x0861, 0x0861, 0x0862, 0x0862, 0x1082, 0x1082, 0x10A2, 0x1082, 0x1082, 0x1082, 0x1082, 0x10A2, 0x10A2, 0x1082,
  0x58A2, 0x4082, 0x78C3, 0x78A3, 0x0841, 0x08A3, 0x0000, 0x0000, 0x0000, 0x0861, 0x1082, 0x0861, 0x1082, 0x1082, 0x1082, 0x1082,
  0x1082, 0x1082, 0x1082, 0x1082, 0x10A2, 0x2104, 0x2966, 0x31A7, 0x2966, 0x2145, 0x18C3, 0x0861, 0x0861, 0x0861, 0x2965, 0x2966,
  0x31A7, 0x0020, 0x0020, 0x0020, 0x0020, 0x1082, 0x0861, 0x0020, 0x0841, 0x0020, 0x0861, 0x0000, 0x0020, 0x0020, 0x0861, 0x10A2,
  0x0000, 0x0020, 0x0020, 0x18C3, 0x10A2, 0x0000, 0x0000, 0x0861, 0x18E3, 0x2965, 0x18E3, 0x0000, 0x0020, 0x0020, 0x18C3, 0x2125,
  0x4229, 0x4A69, 0x4229, 0x4208, 0x4208, 0x4229, 0x4249, 0x4229, 0x4229, 0x4229, 0x4229, 0x4249, 0x4249, 0x4249, 0x4229, 0x4229,
  0x4208, 0x39C7, 0x31A7, 0x2986, 0x18E4, 0x18C3, 0x10C3, 0x10C3, 0x18C3, 0x18E4, 0x2124, 0x2145, 0x2945, 0x2966, 0x2965, 0x2945,
  0x2966, 0x2965, 0x2986, 0x3186, 0x2986, 0x2966, 0x3186, 0x3186, 0x31A7, 0x31A7, 0x31A7, 0x31A7, 0x31A7, 0x39C7, 0x39C7, 0x39C7,
  0x39E7, 0x39C7, 0x39E8, 0x39E8, 0x39E8, 0x39C7, 0x39E8, 0x39E8, 0x39E8, 0x39E8, 0x39E8, 0x39E8, 0x4208, 0x39E8, 0x39E8, 0x4208,
  0x4208, 0x3A08, 0x39E8, 0x39E8, 0x4208, 0x4208, 0x4208, 0x39E8, 0x4208, 0x4208, 0x3A08, 0x3A08, 0x4208, 0x4208, 0x4208, 0x4208,
  0x4208, 0x4229, 0x4229, 0x4229, 0x4229, 0x4208, 0x4229, 0x4249, 0x4A49, 0x528A, 0x5ACC, 0x632D, 0x7BF0, 0x6B6E, 0x5ACB, 0x31A7,
  0x2965, 0x1904, 0x1081, 0x0861, 0x0861, 0x0861, 0x1082, 0x1082, 0x0861, 0x1082, 0x1082, 0x1082, 0x0861, 0x0861, 0x0861, 0x1082,
  0x1082, 0x1082, 0x0861, 0x0861, 0x0861, 0x0861, 0x0841, 0x0861, 0x0020, 0x1082, 0x18C3, 0x2104, 0x1082, 0x0841, 0x0020, 0x1082,
  0x10A2, 0x0861, 0x0020, 0x0000, 0x1082, 0x10A2, 0x0841, 0x0020, 0x0020, 0x10A2, 0x1082, 0x0841, 0x0020, 0x0841, 0x1082, 0x0021,
  0x0000, 0x0841, 0x18C3, 0x2104, 0x0862, 0x0861, 0x0861, 0x0861, 0x0862, 0x1082, 0x18C3, 0x2965, 0x2945, 0x2945, 0x1082, 0x1082,
  0x0861, 0x0841, 0x0841, 0x0841, 0x0862, 0x0861, 0x1082, 0x0862, 0x1082, 0x1082, 0x1082, 0x1082, 0x1082, 0x1082, 0x1082, 0x1082,
  0x88A3, 0x88A3, 0x80A3, 0x0041, 0x0082, 0x1082, 0x0000, 0x0000, 0x0020, 0x1082, 0x1082, 0x1082, 0x0862, 0x1082, 0x1082, 0x1082,
  0x1082, 0x1082, 0x1082, 0x1082, 0x10C2, 0x2124, 0x2966, 0x3186, 0x2145, 0x2104, 0x10A2, 0x1081, 0x0861, 0x0861, 0x2145, 0x2945,
  0x31A6, 0x0020, 0x0020, 0x0020, 0x0841, 0x1082, 0x0020, 0x0020, 0x0020, 0x0841, 0x0020, 0x0020, 0x0020, 0x0841, 0x10A2, 0x0861,
  0x0020, 0x0020, 0x0861, 0x18E3, 0x0020, 0x0000, 0x0020, 0x10A2, 0x18E3, 0x2104, 0x0000, 0x0000, 0x0000, 0x0861, 0x2104, 0x31A6,
  0x4A69, 0x4229, 0x4229, 0x4208, 0x4229, 0x4229, 0x4229, 0x4229, 0x4A49, 0x4229, 0x4229, 0x4229, 0x4249, 0x4229, 0x4229, 0x4229,
  0x4229, 0x39E8, 0x31A7, 0x3186, 0x2104, 0x18C3, 0x18C3, 0x10A3, 0x18C3, 0x18E3, 0x1904, 0x2124, 0x2945, 0x2966, 0x2965, 0x2965,
  0x2966, 0x2986, 0x2966, 0x3186, 0x2966, 0x2966, 0x3186, 0x3186, 0x3186, 0x31A7, 0x31A7, 0x31A7, 0x31A7, 0x31C7, 0x31C7, 0x39C7,
  0x39C7, 0x39C7, 0x39C7, 0x39E8, 0x39C7, 0x39E8, 0x39C7, 0x39E8, 0x39E8, 0x39E8, 0x39C7, 0x39E8, 0x4208, 0x39E8, 0x39E8, 0x39E8,
  0x39E8, 0x39E8, 0x39E8, 0x39E8, 0x4208, 0x3A08, 0x3A08, 0x4208, 0x4208, 0x4208, 0x3A08, 0x4208, 0x4208, 0x4208, 0x4208, 0x4229,
  0x4208, 0x4229, 0x4229, 0x4229, 0x4229, 0x4208, 0x4229, 0x4249, 0x4A49, 0x4A8A, 0x5ACB, 0x5B0C, 0x7BF0, 0x632D, 0x4A6A, 0x3186,
  0x2124, 0x18C3, 0x1082, 0x0861, 0x1082, 0x0861, 0x0861, 0x0861, 0x0861, 0x1082, 0x1082, 0x1082, 0x0861, 0x0861, 0x1082, 0x1082,
  0x1082, 0x1082, 0x1082, 0x1082, 0x0861, 0x0861, 0x0841, 0x0841, 0x0841, 0x0020, 0x18E3, 0x18E4, 0x18E4, 0x0021, 0x0021, 0x0021,
  0x10A3, 0x1082, 0x0841, 0x0020, 0x0841, 0x18C3, 0x0861, 0x0841, 0x0020, 0x0861, 0x1082, 0x0861, 0x0020, 0x0020, 0x0861, 0x0841,
  0x0020, 0x0021, 0x18C3, 0x2966, 0x1082, 0x1082, 0x0861, 0x0861, 0x1082, 0x0862, 0x18C3, 0x2945, 0x31A6, 0x31A6, 0x18C3, 0x1082,
  0x0861, 0x0841, 0x0861, 0x0861, 0x0861, 0x0862, 0x0862, 0x1082, 0x0862, 0x1082, 0x0862, 0x0862, 0x1082, 0x1082, 0x1082, 0x1082,
  0x10C3, 0x18A2, 0x0883, 0x0061, 0x0841, 0x0020, 0x0000, 0x0021, 0x1082, 0x0861, 0x0861, 0x1081, 0x1082, 0x0861, 0x1082, 0x1082,
  0x1082, 0x1082, 0x1082, 0x10A2, 0x18C3, 0x2145, 0x3186, 0x2966, 0x2125, 0x18C3, 0x1082, 0x1082, 0x0861, 0x0861, 0x2124, 0x2124,
  0x2945, 0x0041, 0x0841, 0x0020, 0x0861, 0x0861, 0x0000, 0x0020, 0x0020, 0x0861, 0x0000, 0x0020, 0x0020, 0x1082, 0x10A2, 0x0000,
  0x0020, 0x0841, 0x0861, 0x1082, 0x0000, 0x0020, 0x0861, 0x10A3, 0x2125, 0x0020, 0x0000, 0x0021, 0x0000, 0x10A2, 0x18E3, 0x4208,
  0x4249, 0x4229, 0x4229, 0x4229, 0x4229, 0x4229, 0x4229, 0x4229, 0x4A49, 0x4229, 0x4229, 0x4229, 0x4229, 0x4229, 0x4A6A, 0x4249,
  0x4229, 0x39E8, 0x39C7, 0x31A7, 0x2124, 0x18E4, 0x18C3, 0x10A3, 0x18C3, 0x18C3, 0x2104, 0x2124, 0x2145, 0x2965, 0x2945, 0x2965,
  0x2945, 0x2966, 0x3186, 0x2966, 0x2966, 0x2986, 0x3186, 0x3186, 0x3186, 0x31A7, 0x31A7, 0x31A7, 0x31A7, 0x31C7, 0x31A7, 0x39C7,
  0x31C7, 0x31A7, 0x31C7, 0x39C7, 0x39C7, 0x39E8, 0x39E8, 0x39C7, 0x39E8, 0x39E8, 0x39E8, 0x39E8, 0x39E8, 0x39E8, 0x39E8, 0x39E8,
  0x39E8, 0x3A08, 0x39E8, 0x39E8, 0x39E8, 0x39E8, 0x39E8, 0x4208, 0x4208, 0x3A08, 0x4208, 0x39E8, 0x4208, 0x3A08, 0x4208, 0x4208,
  0x4208, 0x4208, 0x4208, 0x4229, 0x4229, 0x4229, 0x4229, 0x4229, 0x4229, 0x52AB, 0x5ACC, 0x632D, 0x6B8E, 0x634D, 0x528A, 0x3186,
  0x2104, 0x18C3, 0x1082, 0x1082, 0x0861, 0x0861, 0x0861, 0x0861, 0x0861, 0x0861, 0x1082, 0x0861, 0x0861, 0x0861, 0x1082, 0x1082,
  0x1082, 0x0861, 0x1082, 0x1082, 0x0861, 0x0861, 0x0861, 0x0841, 0x0841, 0x0841, 0x18C3, 0x18E4, 0x18E3, 0x0020, 0x0841, 0x0020,
  0x18C3, 0x1082, 0x0861, 0x0020, 0x0000, 0x1082, 0x0861, 0x0841, 0x0020, 0x0841, 0x1082, 0x1082, 0x0020, 0x0020, 0x0841, 0x0841,
  0x0020, 0x0020, 0x2104, 0x31A7, 0x10A2, 0x1082, 0x1082, 0x1082, 0x1082, 0x1082, 0x1082, 0x2945, 0x31A7, 0x31A7, 0x2104, 0x1082,
  0x0861, 0x0861, 0x0861, 0x0841, 0x0861, 0x0862, 0x0861, 0x1082, 0x0861, 0x0862, 0x0861, 0x1082, 0x1082, 0x0862, 0x0861, 0x0861,
  0x1904, 0x1104, 0x1904, 0x0000, 0x0000, 0x0000, 0x10A2, 0x18C3, 0x0862, 0x0861, 0x0861, 0x0861, 0x1082, 0x0861, 0x1082, 0x1081,
  0x1082, 0x1082, 0x1082, 0x10A2, 0x18C3, 0x2145, 0x2945, 0x2945, 0x1904, 0x18C3, 0x1082, 0x1082, 0x0861, 0x0861, 0x2104, 0x2104,
  0x2125, 0x0861, 0x0020, 0x0000, 0x0861, 0x0841, 0x0020, 0x0020, 0x0841, 0x0861, 0x0020, 0x0020, 0x0020, 0x10A2, 0x0841, 0x0000,
  0x0020, 0x0841, 0x1082, 0x0000, 0x0020, 0x0020, 0x1082, 0x18C3, 0x3186, 0x0000, 0x0021, 0x0841, 0x0841, 0x18E3, 0x18C3, 0x4A6A,
  0x4229, 0x4229, 0x4229, 0x4208, 0x4208, 0x4229, 0x4229, 0x4229, 0x4249, 0x4229, 0x4229, 0x4229, 0x4249, 0x4A49, 0x4A49, 0x4229,
  0x4229, 0x39E8, 0x39E8, 0x31A7, 0x2125, 0x18E3, 0x18C3, 0x10C3, 0x18C3, 0x18C3, 0x2124, 0x2124, 0x2125, 0x2945, 0x2945, 0x2965,
  0x2966, 0x2965, 0x2966, 0x2966, 0x2986, 0x2986, 0x3186, 0x3186, 0x31A7, 0x3186, 0x31A7, 0x31A7, 0x31A7, 0x31C7, 0x31A7, 0x31A7,
  0x39C7, 0x39C7, 0x39C7, 0x39C7, 0x39C7, 0x39C7, 0x39E8, 0x39C7, 0x39E8, 0x39C7, 0x39E8, 0x39E8, 0x39E8, 0x39E8, 0x3A08, 0x39E8,
  0x39E8, 0x39E8, 0x39E8, 0x39E8, 0x39E8, 0x39E8, 0x39E8, 0x3A08, 0x4208, 0x4208, 0x39E8, 0x4208, 0x39E8, 0x3A08, 0x4208, 0x4208,
  0x4208, 0x4229, 0x4208, 0x4208, 0x4208, 0x4229, 0x39E8, 0x4229, 0x4A49, 0x528B, 0x5AEC, 0x6B6E, 0x738F, 0x632D, 0x528A, 0x2966,
  0x2104, 0x10A3, 0x0862, 0x0862, 0x0861, 0x0861, 0x0861, 0x0861, 0x0861, 0x0861, 0x1082, 0x0861, 0x0861, 0x0861, 0x1082, 0x1082,
  0x1082, 0x0861, 0x0861, 0x1082, 0x0861, 0x0861, 0x0861, 0x0841, 0x0841, 0x0841, 0x0862, 0x18E3, 0x18E3, 0x0861, 0x0020, 0x0840,
  0x10A2, 0x10A2, 0x1082, 0x0020, 0x0020, 0x0020, 0x1082, 0x0861, 0x0841, 0x0020, 0x0861, 0x1082, 0x0020, 0x0020, 0x0020, 0x0861,
  0x0020, 0x0000, 0x2986, 0x4A49, 0x18E3, 0x0861, 0x1082, 0x1082, 0x0862, 0x0862, 0x1082, 0x2945, 0x31A7, 0x31A7, 0x2945, 0x18E4,
  0x1082, 0x0861, 0x0841, 0x0841, 0x0841, 0x0861, 0x0861, 0x0861, 0x0861, 0x0861, 0x0861, 0x0861, 0x0861, 0x0861, 0x0861, 0x0861,
  0x0861, 0x0841, 0x0841, 0x0020, 0x0841, 0x18A3, 0x18E4, 0x1082, 0x0841, 0x0861, 0x0861, 0x0861, 0x0861, 0x1082, 0x1082, 0x1082,
  0x1082, 0x1082, 0x1082, 0x10A3, 0x18E3, 0x2125, 0x2145, 0x2945, 0x10A3, 0x10A3, 0x1082, 0x0862, 0x0861, 0x0861, 0x2104, 0x2104,
  0x2945, 0x1082, 0x0000, 0x0020, 0x0861, 0x0020, 0x0020, 0x0020, 0x0861, 0x0841, 0x0020, 0x0020, 0x0020, 0x1082, 0x0000, 0x0000,
  0x0841, 0x0861, 0x10A2, 0x0000, 0x0020, 0x0000, 0x1082, 0x2124, 0x18E4, 0x0020, 0x0021, 0x0021, 0x10A2, 0x18E3, 0x18E4, 0x4A6A,
  0x4229, 0x4229, 0x4208, 0x4229, 0x4229, 0x4249, 0x4229, 0x4229, 0x4229, 0x4229, 0x4229, 0x4229, 0x4229, 0x4249, 0x4A49, 0x4229,
  0x4229, 0x39E8, 0x39C7, 0x31A7, 0x2145, 0x18E4, 0x18C3, 0x18C3, 0x18C3, 0x18C3, 0x2104, 0x2124, 0x2145, 0x2945, 0x2945, 0x2965,
  0x2966, 0x2965, 0x2965, 0x2966, 0x2966, 0x2986, 0x2986, 0x3186, 0x3186, 0x3186, 0x31A7, 0x31A7, 0x31C7, 0x31A7, 0x31C7, 0x31A7,
  0x39C7, 0x39C7, 0x31C7, 0x39C7, 0x39C7, 0x39E8, 0x39C7, 0x39C7, 0x39E8, 0x39E8, 0x39E8, 0x39E8, 0x39E8, 0x39E8, 0x3A08, 0x39E8,
  0x39E8, 0x39E8, 0x39E8, 0x39E8, 0x39E8, 0x39E8, 0x39E8, 0x39E8, 0x39E8, 0x39E8, 0x39E8, 0x4208, 0x39E8, 0x39E8, 0x4208, 0x4208,
  0x4208, 0x4208, 0x4208, 0x4208, 0x4208, 0x4208, 0x4208, 0x4229, 0x4A49, 0x528B, 0x630C, 0x738E, 0x73AF, 0x632D, 0x4A6A, 0x2966,
  0x18E4, 0x10A3, 0x1082, 0x0862, 0x0861, 0x0861, 0x0861, 0x0861, 0x0861, 0x0861, 0x1082, 0x1082, 0x1082, 0x0861, 0x0861, 0x1082,
  0x1082, 0x0861, 0x0861, 0x0861, 0x0861, 0x0861, 0x0861, 0x0841, 0x0841, 0x0841, 0x0021, 0x1082, 0x18E4, 0x1082, 0x0020, 0x0020,
  0x0861, 0x10A2, 0x1082, 0x0020, 0x0020, 0x0020, 0x10A2, 0x0861, 0x0841, 0x0020, 0x0841, 0x1082, 0x0841, 0x0020, 0x0020, 0x1061,
  0x0841, 0x0000, 0x4A6A, 0x630C, 0x18E3, 0x1061, 0x1082, 0x1082, 0x0861, 0x0862, 0x0862, 0x2124, 0x31A7, 0x39E8, 0x3186, 0x2125,
  0x18C3, 0x0861, 0x0841, 0x0861, 0x0841, 0x0841, 0x0861, 0x0861, 0x0861, 0x0861, 0x0861, 0x0861, 0x0861, 0x0861, 0x0861, 0x0861,
  0x3186, 0x2965, 0x2945, 0x3186, 0x31A7, 0x2945, 0x0841, 0x0841, 0x0861, 0x0861, 0x0861, 0x0861, 0x0861, 0x0861, 0x1082, 0x0861,
  0x0862, 0x1082, 0x10A2, 0x18C3, 0x18E4, 0x2104, 0x2125, 0x2104, 0x1082, 0x1082, 0x0862, 0x1082, 0x0861, 0x1081, 0x2104, 0x18C3,
  0x2986, 0x10A3, 0x0000, 0x0000, 0x0841, 0x0000, 0x0020, 0x0861, 0x1082, 0x0020, 0x0020, 0x0020, 0x0841, 0x0841, 0x0000, 0x0020,
  0x0841, 0x1082, 0x10A2, 0x0020, 0x0000, 0x0020, 0x18C3, 0x2124, 0x0020, 0x0021, 0x0021, 0x0000, 0x18C3, 0x10A3, 0x2965, 0x4229,
  0x4229, 0x4229, 0x4229, 0x4229, 0x4229, 0x4229, 0x4229, 0x4229, 0x4229, 0x4249, 0x4229, 0x4229, 0x4229, 0x4249, 0x4A49, 0x4A49,
  0x4A49, 0x4208, 0x39E8, 0x31A7, 0x2945, 0x18E4, 0x18C3, 0x18C3, 0x10C3, 0x18C3, 0x18E4, 0x2124, 0x2125, 0x2945, 0x2945, 0x2945,
  0x2965, 0x2965, 0x2966, 0x2966, 0x2966, 0x2966, 0x2966, 0x3186, 0x31A7, 0x3186, 0x31A7, 0x31A7, 0x31C7, 0x31A7, 0x31A7, 0x31C7,
  0x39C7, 0x39C7, 0x31A7, 0x31C7, 0x39C7, 0x39E8, 0x39C7, 0x39E8, 0x39E8, 0x39E8, 0x39E8, 0x39E8, 0x39E8, 0x39E8, 0x39E8, 0x39E8,
  0x39E8, 0x4208, 0x39E8, 0x39E8, 0x39E8, 0x39E8, 0x39E8, 0x4208, 0x39E8, 0x39E8, 0x3A08, 0x3A08, 0x3A08, 0x39E8, 0x4208, 0x4208,
  0x4229, 0x39E8, 0x4208, 0x4208, 0x4208, 0x4208, 0x4229, 0x4229, 0x4249, 0x5ACB, 0x630D, 0x738E, 0x6B6E, 0x630C, 0x4A49, 0x2945,
  0x18E3, 0x10A2, 0x1082, 0x0862, 0x0861, 0x0861, 0x0861, 0x0861, 0x0861, 0x0861, 0x1082, 0x1082, 0x1082, 0x1082, 0x0861, 0x0861,
  0x0861, 0x1082, 0x1082, 0x1082, 0x1082, 0x1082, 0x1082, 0x0841, 0x0841, 0x0841, 0x0841, 0x0021, 0x18C3, 0x10A2, 0x0861, 0x0020,
  0x0020, 0x1082, 0x10A2, 0x0841, 0x0020, 0x0020, 0x10A2, 0x1082, 0x0861, 0x0020, 0x0020, 0x0861, 0x0861, 0x0020, 0x0020, 0x1082,
  0x0040, 0x0000, 0x73AF, 0x7BF0, 0x18C3, 0x0861, 0x1082, 0x1082, 0x0862, 0x1082, 0x1082, 0x18E4, 0x2986, 0x39E8, 0x31A7, 0x2966,
  0x18E3, 0x1081, 0x0861, 0x0841, 0x0841, 0x0841, 0x0841, 0x0841, 0x0861, 0x0861, 0x0861, 0x0841, 0x0841, 0x0861, 0x0861, 0x0861,
  0x4208, 0x4208, 0x39C7, 0x2104, 0x1082, 0x0021, 0x0841, 0x0861, 0x0861, 0x0861, 0x0861, 0x0861, 0x0861, 0x0861, 0x1082, 0x0861,
  0x0862, 0x1082, 0x10A2, 0x18C3, 0x18E3, 0x2124, 0x2104, 0x18E4, 0x10A2, 0x1082, 0x1082, 0x1082, 0x1082, 0x0861, 0x18E3, 0x10A2,
  0x3186, 0x2124, 0x0000, 0x0020, 0x0020, 0x0020, 0x0020, 0x0861, 0x0861, 0x0000, 0x0841, 0x0841, 0x1082, 0x0000, 0x0000, 0x0020,
  0x0861, 0x10A2, 0x0841, 0x0020, 0x0020, 0x0861, 0x2124, 0x10A2, 0x0000, 0x0020, 0x0000, 0x0020, 0x18A3, 0x18E3, 0x4208, 0x4229,
  0x4209, 0x4229, 0x4229, 0x4208, 0x4229, 0x4229, 0x4249, 0x4A49, 0x4229, 0x4A49, 0x4249, 0x4229, 0x4229, 0x4A49, 0x4A49, 0x4A49,
  0x4A49, 0x4208, 0x39E8, 0x39C7, 0x2945, 0x2104, 0x18E4, 0x10C3, 0x10A3, 0x18C3, 0x2104, 0x2104, 0x2125, 0x2965, 0x2945, 0x2945,
  0x2965, 0x2965, 0x2965, 0x2966, 0x2966, 0x2966, 0x3186, 0x2986, 0x31A7, 0x3186, 0x3186, 0x3186, 0x31A7, 0x31A7, 0x31A7, 0x39C7,
  0x39C7, 0x31C7, 0x31C7, 0x39C7, 0x39C7, 0x39C7, 0x39C7, 0x39E8, 0x39C7, 0x39C7, 0x39C7, 0x39E8, 0x39C7, 0x39E8, 0x39C7, 0x39E8,
  0x39E8, 0x39E8, 0x39E8, 0x3A08, 0x39E8, 0x39E8, 0x39E8, 0x39E8, 0x39E8, 0x39E8, 0x39E8, 0x4208, 0x3A08, 0x39E8, 0x39E8, 0x39E8,
  0x39E8, 0x39E8, 0x4208, 0x4208, 0x4208, 0x4208, 0x4229, 0x4229, 0x4229, 0x52AB, 0x630C, 0x6B6E, 0x634D, 0x52AB, 0x4A49, 0x2104,
  0x18C3, 0x1082, 0x0862, 0x0862, 0x0861, 0x0861, 0x0861, 0x1082, 0x1082, 0x0861, 0x0861, 0x0861, 0x1082, 0x1082, 0x0861, 0x0861,
  0x0861, 0x1082, 0x1082, 0x1082, 0x1082, 0x1082, 0x1082, 0x0841, 0x0841, 0x0841, 0x0841, 0x0021, 0x0841, 0x10A3, 0x1082, 0x0841,
  0x0020, 0x0841, 0x10A2, 0x0861, 0x0841, 0x0020, 0x0861, 0x10A2, 0x0861, 0x0020, 0x0020, 0x0841, 0x0861, 0x0841, 0x0020, 0x0861,
  0x0020, 0x0000, 0x8C51, 0x8431, 0x0862, 0x0861, 0x1082, 0x1082, 0x0862, 0x1082, 0x1082, 0x18C3, 0x2965, 0x39E8, 0x4208, 0x3186,
  0x2125, 0x1082, 0x0861, 0x0841, 0x0841, 0x0841, 0x0841, 0x0841, 0x0841, 0x0841, 0x0841, 0x0841, 0x0841, 0x0861, 0x0841, 0x0861,
  0x0000, 0x0000, 0x0000, 0x0000, 0x0000, 0x0841, 0x0861, 0x0861, 0x0861, 0x0861, 0x0861, 0x0861, 0x0861, 0x0861, 0x0861, 0x0861,
  0x1082, 0x1082, 0x1082, 0x10A3, 0x18E4, 0x2104, 0x18E4, 0x18C3, 0x1082, 0x1082, 0x1082, 0x0862, 0x1082, 0x0862, 0x18C3, 0x10A2,
  0x2965, 0x3186, 0x0000, 0x0020, 0x0020, 0x0020, 0x0020, 0x0861, 0x0020, 0x0020, 0x0841, 0x0841, 0x1082, 0x0000, 0x0020, 0x0020,
  0x1082, 0x1082, 0x0020, 0x0000, 0x0841, 0x0841, 0x2104, 0x0020, 0x0020, 0x0000, 0x0000, 0x0861, 0x1082, 0x2945, 0x4A69, 0x4208,
  0x4208, 0x4249, 0x3A08, 0x4208, 0x4229, 0x4249, 0x4229, 0x4229, 0x4A49, 0x4A49, 0x4229, 0x4A49, 0x4A6A, 0x4A49, 0x4A49, 0x4A49,
  0x4249, 0x4229, 0x3A08, 0x39E8, 0x2945, 0x2124, 0x18E4, 0x10C3, 0x10C3, 0x18C3, 0x1904, 0x2104, 0x2104, 0x2945, 0x2945, 0x2965,
  0x2966, 0x2966, 0x2966, 0x2966, 0x2966, 0x2966, 0x3186, 0x2986, 0x2986, 0x3186, 0x31A7, 0x31A7, 0x31A7, 0x31A7, 0x31C7, 0x31C7,
  0x31C7, 0x39C7, 0x39C7, 0x39C7, 0x39C7, 0x39C7, 0x39C7, 0x31C7, 0x39E8, 0x39C7, 0x39C7, 0x39E8, 0x39E8, 0x39E8, 0x39E8, 0x39E8,
  0x39E8, 0x39E8, 0x39E8, 0x39E8, 0x3A08, 0x3A08, 0x39E8, 0x39E8, 0x39E8, 0x4208, 0x39E8, 0x39E8, 0x39E8, 0x39E8, 0x39E8, 0x3A08,
  0x39E8, 0x4229, 0x4229, 0x39E8, 0x4208, 0x4208, 0x4229, 0x4249, 0x4A49, 0x52AB, 0x632D, 0x6B8E, 0x6B6E, 0x52CB, 0x4208, 0x1904,
  0x10A3, 0x1082, 0x0862, 0x0861, 0x0861, 0x0861, 0x0861, 0x0861, 0x1082, 0x1082, 0x1082, 0x0861, 0x0861, 0x0861, 0x0861, 0x1082,
  0x1082, 0x1082, 0x1082, 0x1082, 0x1082, 0x1082, 0x1082, 0x0861, 0x0841, 0x0841, 0x0841, 0x0841, 0x0020, 0x18C3, 0x10A2, 0x0861,
  0x0020, 0x0020, 0x1082, 0x1082, 0x0861, 0x0020, 0x0020, 0x1082, 0x1082, 0x0020, 0x0020, 0x0020, 0x0861, 0x0861, 0x0841, 0x0841,
  0x0020, 0x0020, 0x8430, 0x8430, 0x0020, 0x0861, 0x1082, 0x1082, 0x1082, 0x0861, 0x0861, 0x10A2, 0x2104, 0x39E8, 0x4A49, 0x39E8,
  0x2966, 0x10A2, 0x0861, 0x0841, 0x0841, 0x0841, 0x0841, 0x0841, 0x0841, 0x0841, 0x0841, 0x0861, 0x0841, 0x0841, 0x0841, 0x0841,
  0x0841, 0x0841, 0x0841, 0x0861, 0x0861, 0x0861, 0x0861, 0x0861, 0x0861, 0x0861, 0x0861, 0x0861, 0x0861, 0x0861, 0x0861, 0x0861,
  0x0862, 0x1082, 0x10A2, 0x10A3, 0x18C3, 0x2104, 0x18C3, 0x10A3, 0x1082, 0x1082, 0x1081, 0x1082, 0x1082, 0x1082, 0x18C3, 0x10A2,
  0x1904, 0x4229, 0x0020, 0x0020, 0x0020, 0x0020, 0x0020, 0x0861, 0x0000, 0x0020, 0x0020, 0x1082, 0x0861, 0x0020, 0x0020, 0x0020,
  0x18C3, 0x0841, 0x0000, 0x0020, 0x0861, 0x1082, 0x0861, 0x0000, 0x0020, 0x0000, 0x0020, 0x10A2, 0x18C3, 0x39E7, 0x4249, 0x4229,
  0x4229, 0x4229, 0x4229, 0x4229, 0x4249, 0x4229, 0x4229, 0x4229, 0x4A49, 0x4A49, 0x4229, 0x4A49, 0x4A49, 0x4229, 0x4A49, 0x4A49,
  0x4249, 0x4229, 0x4208, 0x39E8, 0x2965, 0x2145, 0x1904, 0x18C3, 0x10C3, 0x18C3, 0x18E4, 0x2104, 0x2104, 0x2145, 0x2945, 0x2965,
  0x2966, 0x2966, 0x2966, 0x2966, 0x2966, 0x3186, 0x2986, 0x3186, 0x3186, 0x3186, 0x31A7, 0x31A7, 0x31A7, 0x31A7, 0x31C7, 0x31A7,
  0x31A7, 0x39C7, 0x39C7, 0x39C7, 0x31C7, 0x39E8, 0x39C7, 0x39C7, 0x39C7, 0x39C7, 0x39E8, 0x39E8, 0x39E8, 0x39E8, 0x39E8, 0x39E8,
  0x39E8, 0x39E8, 0x39E8, 0x39E8, 0x39E8, 0x4208, 0x4208, 0x39E8, 0x39E8, 0x39E8, 0x39E8, 0x4208, 0x4208, 0x3A08, 0x39E8, 0x4208,
  0x4208, 0x4229, 0x4208, 0x39E8, 0x3A08, 0x4208, 0x39E8, 0x4229, 0x4A6A, 0x5AEC, 0x634D, 0x73AF, 0x5B0C, 0x52CB, 0x3A08, 0x1904,
  0x18C3, 0x1082, 0x0862, 0x0861, 0x0861, 0x1082, 0x0861, 0x0861, 0x0861, 0x0861, 0x1082, 0x0861, 0x0861, 0x0861, 0x0861, 0x1082,
  0x1082, 0x1082, 0x1082, 0x1082, 0x1082, 0x1082, 0x1082, 0x1082, 0x0861, 0x0841, 0x0841, 0x0841, 0x0020, 0x18C3, 0x10A2, 0x1082,
  0x0841, 0x0841, 0x0841, 0x1082, 0x0861, 0x0841, 0x0020, 0x0861, 0x10A2, 0x0841, 0x0020, 0x0020, 0x0861, 0x0861, 0x0841, 0x0820,
  0x0000, 0x0041, 0x8430, 0x5B0C, 0x0000, 0x1082, 0x1082, 0x1082, 0x1082, 0x0861, 0x1081, 0x1082, 0x18E3, 0x31A7, 0x4A6A, 0x4A49,
  0x31A7, 0x18C3, 0x1082, 0x0861, 0x0841, 0x0841, 0x0841, 0x0841, 0x0841, 0x0841, 0x0841, 0x0861, 0x0841, 0x0841, 0x0841, 0x0841,
  0x0861, 0x0861, 0x0861, 0x0861, 0x0861, 0x0861, 0x0861, 0x0861, 0x0861, 0x0861, 0x0861, 0x0861, 0x0861, 0x0861, 0x0861, 0x0861,
  0x0862, 0x1082, 0x10A3, 0x10A3, 0x18C3, 0x18E4, 0x18C3, 0x1082, 0x1082, 0x1082, 0x1082, 0x1082, 0x1082, 0x1082, 0x18C3, 0x18C3,
  0x10C3, 0x5AEC, 0x10A2, 0x0000, 0x0020, 0x0020, 0x0841, 0x0020, 0x0020, 0x0020, 0x0841, 0x10A2, 0x0020, 0x0020, 0x0020, 0x0841,
  0x10A2, 0x0000, 0x0020, 0x0841, 0x0861, 0x18E3, 0x0000, 0x0020, 0x0020, 0x0000, 0x0861, 0x10A2, 0x2986, 0x4A49, 0x4229, 0x4208,
  0x4208, 0x4208, 0x4A49, 0x4229, 0x4229, 0x4229, 0x4A49, 0x4249, 0x4249, 0x4A49, 0x4A49, 0x4249, 0x4229, 0x4A49, 0x4A6A, 0x4A6A,
  0x4249, 0x4A49, 0x4208, 0x39E8, 0x2986, 0x2945, 0x2104, 0x18C3, 0x18C3, 0x18C3, 0x18E4, 0x2104, 0x2124, 0x2125, 0x2945, 0x2945,
  0x2945, 0x2945, 0x2945, 0x2966, 0x2966, 0x3186, 0x2966, 0x3186, 0x3186, 0x3186, 0x3186, 0x31A7, 0x31A7, 0x31A7, 0x31A7, 0x31A7,
  0x31A7, 0x31A7, 0x31C7, 0x31C7, 0x39C7, 0x39C7, 0x39E7, 0x39C7, 0x39E8, 0x39C7, 0x39C7, 0x39C7, 0x39E8, 0x39E8, 0x39E8, 0x3A08,
  0x39E8, 0x39E8, 0x39E8, 0x39E8, 0x39E8, 0x39E8, 0x39E8, 0x4208, 0x3A08, 0x39E8, 0x39E8, 0x4208, 0x39E8, 0x3A08, 0x3A08, 0x4208,
  0x4208, 0x39E8, 0x39E8, 0x4208, 0x4208, 0x4208, 0x4208, 0x4229, 0x4A6A, 0x5B0C, 0x6B6E, 0x7BF0, 0x5B0C, 0x4249, 0x39C7, 0x18E3,
  0x18C3, 0x1082, 0x1082, 0x0862, 0x1082, 0x0861, 0x0861, 0x0861, 0x0861, 0x1082, 0x0861, 0x1082, 0x1082, 0x1082, 0x1082, 0x1082,
  0x1082, 0x1082, 0x1082, 0x1082, 0x1082, 0x1082, 0x1082, 0x1082, 0x1082, 0x0841, 0x0841, 0x0841, 0x0841, 0x1082, 0x18C3, 0x10A2,
  0x0841, 0x0841, 0x0020, 0x10A2, 0x0861, 0x0861, 0x0020, 0x0020, 0x1082, 0x0861, 0x0020, 0x0020, 0x0861, 0x1082, 0x0841, 0x0020,
  0x0000, 0x2945, 0x8410, 0x31A7, 0x0000, 0x1082, 0x1082, 0x1082, 0x1082, 0x1082, 0x1082, 0x0881, 0x18C3, 0x2945, 0x52AB, 0x528A,
  0x4229, 0x2104, 0x10A2, 0x0861, 0x0841, 0x0841, 0x0841, 0x0841, 0x0841, 0x0841, 0x0841, 0x0841, 0x0841, 0x0841, 0x0841, 0x0841,
  0x0861, 0x0861, 0x0861, 0x0841, 0x0841, 0x0841, 0x0861, 0x0861, 0x0861, 0x0861, 0x0861, 0x0861, 0x0861, 0x0861, 0x0861, 0x0861,
  0x0862, 0x0862, 0x10A2, 0x18C3, 0x18C3, 0x18C3, 0x18C3, 0x1082, 0x1082, 0x1082, 0x1082, 0x1082, 0x1082, 0x1082, 0x18C3, 0x18E3,
  0x10A2, 0x632D, 0x31A6, 0x0020, 0x0020, 0x0020, 0x0861, 0x0000, 0x0020, 0x0020, 0x1082, 0x0861, 0x0000, 0x0020, 0x0020, 0x0861,
  0x0841, 0x0000, 0x0000, 0x0841, 0x10A2, 0x2104, 0x0000, 0x0020, 0x0020, 0x0020, 0x1082, 0x0861, 0x4208, 0x4A49, 0x4208, 0x4208,
  0x3A08, 0x39E8, 0x4229, 0x4229, 0x4229, 0x4229, 0x4229, 0x4229, 0x4229, 0x4249, 0x4A49, 0x4A49, 0x4249, 0x4A49, 0x4A6A, 0x4A6A,
  0x4A49, 0x4249, 0x4229, 0x3A08, 0x3186, 0x2965, 0x2124, 0x18E3, 0x18C3, 0x10C3, 0x18E3, 0x2104, 0x2124, 0x2125, 0x2945, 0x2125,
  0x2966, 0x2966, 0x2966, 0x2966, 0x2966, 0x2966, 0x2986, 0x3186, 0x3186, 0x3187, 0x31A7, 0x31A7, 0x31A7, 0x31A7, 0x31A7, 0x31A7,
  0x31C7, 0x39C7, 0x39C7, 0x39C7, 0x39E8, 0x39C8, 0x39E8, 0x39E8, 0x39E8, 0x39E8, 0x39E8, 0x39E8, 0x39E8, 0x39E8, 0x39E8, 0x39E8,
  0x4208, 0x39E8, 0x3A08, 0x3A08, 0x4208, 0x39E8, 0x39E8, 0x39E8, 0x39E8, 0x4208, 0x39E8, 0x39E8, 0x3A08, 0x4208, 0x4208, 0x4229,
  0x4208, 0x3A08, 0x4208, 0x4229, 0x4209, 0x4208, 0x4229, 0x4229, 0x4A6A, 0x5B0C, 0x738F, 0x73CF, 0x5B0D, 0x4249, 0x31A7, 0x18C3,
  0x1082, 0x0862, 0x0862, 0x0862, 0x0861, 0x0861, 0x0861, 0x0861, 0x0861, 0x0861, 0x1082, 0x1082, 0x1082, 0x1082, 0x1082, 0x1082,
  0x0861, 0x1082, 0x1082, 0x0861, 0x1082, 0x1082, 0x1082, 0x0861, 0x1082, 0x0861, 0x0841, 0x0841, 0x0841, 0x0841, 0x10A2, 0x10A2,
  0x0841, 0x0020, 0x0020, 0x10A2, 0x1082, 0x0861, 0x0841, 0x0020, 0x0841, 0x1082, 0x0841, 0x0020, 0x0841, 0x1082, 0x0861, 0x0000,
  0x0000, 0x5B0C, 0x8410, 0x1082, 0x0000, 0x1082, 0x1082, 0x1082, 0x1082, 0x1082, 0x1082, 0x1082, 0x10A3, 0x2104, 0x52AB, 0x52CB,
  0x4A6A, 0x2145, 0x18C3, 0x0861, 0x0841, 0x0841, 0x0841, 0x0841, 0x0841, 0x0841, 0x0841, 0x0841, 0x0841, 0x0841, 0x0861, 0x0841,
  0x0861, 0x0861, 0x0861, 0x0861, 0x0861, 0x0861, 0x0861, 0x0861, 0x0861, 0x0861, 0x0861, 0x0861, 0x0861, 0x0861, 0x0861, 0x0861,
  0x0862, 0x1082, 0x10A2, 0x18C3, 0x18C3, 0x10A2, 0x10A2, 0x1082, 0x1081, 0x1082, 0x1082, 0x1082, 0x1082, 0x1082, 0x18C3, 0x1904,
  0x10A2, 0x634D, 0x5ACB, 0x10A2, 0x0020, 0x0841, 0x0861, 0x0000, 0x0020, 0x0841, 0x10A2, 0x0020, 0x0020, 0x0020, 0x0841, 0x10A2,
  0x0000, 0x0020, 0x0020, 0x0861, 0x18C3, 0x10A2, 0x0020, 0x0020, 0x0000, 0x1082, 0x1082, 0x1082, 0x4A49, 0x4208, 0x4208, 0x4229,
  0x4229, 0x4208, 0x4229, 0x4229, 0x4208, 0x4229, 0x4229, 0x4229, 0x4249, 0x4A49, 0x4A49, 0x4A49, 0x4A4A, 0x4A4A, 0x4A6A, 0x4A6A,
  0x4A6A, 0x4249, 0x4208, 0x39E8, 0x3186, 0x2965, 0x2124, 0x18C3, 0x10C3, 0x10C3, 0x18E3, 0x18E3, 0x2104, 0x2125, 0x2945, 0x2945,
  0x2965, 0x2966, 0x2965, 0x2966, 0x2966, 0x2966, 0x3186, 0x3186, 0x2986, 0x31A6, 0x3186, 0x31A6, 0x31A7, 0x31A7, 0x31A7, 0x31A6,
  0x3186, 0x31A6, 0x39C7, 0x31A7, 0x39C7, 0x31C7, 0x39C7, 0x31A7, 0x39C7, 0x31A7, 0x39C7, 0x39C7, 0x39E7, 0x39C7, 0x39C7, 0x39C7,
  0x39E8, 0x39C7, 0x39E7, 0x39E8, 0x39E8, 0x39E8, 0x39E8, 0x39E8, 0x4208, 0x4208, 0x4208, 0x3A08, 0x4208, 0x4229, 0x4229, 0x4229,
  0x4229, 0x4229, 0x4229, 0x4229, 0x4229, 0x4229, 0x4A4A, 0x4A6A, 0x4A8A, 0x632D, 0x6B8E, 0x73CF, 0x52CB, 0x4249, 0x31A7, 0x18C3,
  0x1082, 0x1082, 0x0862, 0x0861, 0x0861, 0x0861, 0x0861, 0x0861, 0x1082, 0x1082, 0x0861, 0x0861, 0x0861, 0x1082, 0x0862, 0x1082,
  0x1082, 0x1082, 0x1082, 0x1082, 0x1082, 0x1082, 0x1082, 0x0861, 0x1082, 0x0861, 0x0841, 0x0841, 0x0841, 0x0021, 0x0862, 0x10A2,
  0x0861, 0x0841, 0x0841, 0x0861, 0x10A2, 0x0861, 0x0020, 0x0020, 0x0020, 0x1082, 0x0861, 0x0020, 0x0020, 0x0841, 0x0861, 0x0000,
  0x18C3, 0x8410, 0x73AF, 0x0000, 0x0840, 0x10A2, 0x10A2, 0x10A2, 0x1082, 0x1082, 0x1082, 0x0862, 0x1082, 0x1904, 0x528A, 0x5AEC,
  0x52AB, 0x31A6, 0x2124, 0x10A3, 0x0861, 0x0841, 0x0841, 0x0841, 0x0841, 0x0841, 0x0841, 0x0841, 0x0841, 0x0841, 0x0841, 0x0861,
  0x0861, 0x0861, 0x0861, 0x0861, 0x0861, 0x0861, 0x0861, 0x0861, 0x0861, 0x0861, 0x0861, 0x0861, 0x0861, 0x0861, 0x0861, 0x0861,
  0x0862, 0x1082, 0x10A3, 0x18C3, 0x18C3, 0x10A3, 0x1082, 0x1082, 0x1082, 0x1082, 0x1082, 0x1082, 0x1082, 0x1082, 0x10A2, 0x18E4,
  0x10A3, 0x632D, 0x5AEC, 0x1082, 0x0020, 0x0861, 0x0841, 0x0020, 0x0020, 0x0020, 0x0861, 0x0000, 0x0020, 0x0020, 0x0861, 0x18C3,
  0x0000, 0x0020, 0x0020, 0x1082, 0x18C3, 0x0020, 0x0020, 0x0020, 0x0000, 0x1082, 0x0861, 0x1904, 0x4229, 0x3A08, 0x3A08, 0x4208,
  0x4208, 0x4208, 0x4229, 0x4229, 0x4229, 0x4229, 0x4A49, 0x4A49, 0x4229, 0x4A4A, 0x4A49, 0x4A49, 0x4A4A, 0x4A49, 0x4A6A, 0x4A6A,
  0x4A4A, 0x4A49, 0x4229, 0x3A08, 0x3186, 0x2965, 0x2125, 0x10C3, 0x10A2, 0x1082, 0x10C2, 0x18E3, 0x18E3, 0x18E3, 0x18E4, 0x2104,
  0x18E3, 0x1904, 0x1903, 0x18E4, 0x18E3, 0x18E3, 0x18E3, 0x18C3, 0x18C3, 0x18E3, 0x18C3, 0x18C3, 0x18C3, 0x18C3, 0x18C3, 0x10C3,
  0x10C3, 0x18E3, 0x10A2, 0x10A3, 0x18C3, 0x10A2, 0x10A3, 0x10A2, 0x10A3, 0x10C3, 0x10C3, 0x10A3, 0x10A3, 0x18C3, 0x10A3, 0x10A2,
  0x18C3, 0x18C3, 0x18C3, 0x18C3, 0x18C3, 0x18C3, 0x18E3, 0x1904, 0x18E4, 0x2104, 0x2124, 0x2124, 0x2124, 0x2945, 0x2965, 0x2945,
  0x3186, 0x2986, 0x31A6, 0x3186, 0x31C7, 0x39E8, 0x4249, 0x528A, 0x52CB, 0x6B8E, 0x7BCF, 0x7BCF, 0x52CB, 0x4229, 0x3186, 0x10A3,
  0x10A2, 0x1082, 0x0861, 0x0861, 0x0861, 0x0861, 0x0861, 0x0861, 0x1082, 0x1082, 0x0861, 0x0861, 0x0861, 0x1082, 0x0861, 0x1082,
  0x1082, 0x1082, 0x1082, 0x1082, 0x1082, 0x1082, 0x1082, 0x1082, 0x1082, 0x1082, 0x0841, 0x0841, 0x0841, 0x0841, 0x0841, 0x1082,
  0x1082, 0x0841, 0x0020, 0x0841, 0x1082, 0x1082, 0x0841, 0x0020, 0x0020, 0x1082, 0x1082, 0x0841, 0x0020, 0x0841, 0x1082, 0x0000,
  0x2104, 0x7BEF, 0x4A6A, 0x0000, 0x0841, 0x10A2, 0x10A3, 0x10A2, 0x1082, 0x1082, 0x1082, 0x0862, 0x1082, 0x18E3, 0x4A69, 0x5AEC,
  0x5AEC, 0x39E8, 0x2945, 0x18C3, 0x0861, 0x0841, 0x0841, 0x0841, 0x0841, 0x0841, 0x0841, 0x0841, 0x0841, 0x0841, 0x0841, 0x0861,
  0x0861, 0x0861, 0x0861, 0x0861, 0x0861, 0x0861, 0x0861, 0x0861, 0x0861, 0x0861, 0x0861, 0x0861, 0x0861, 0x0861, 0x0861, 0x0861,
  0x1082, 0x1082, 0x10A3, 0x10A3, 0x10A3, 0x10A2, 0x1082, 0x1082, 0x1082, 0x1082, 0x1082, 0x1082, 0x1082, 0x1082, 0x10A2, 0x18E3,
  0x18C3, 0x52AB, 0x52AB, 0x0861, 0x0820, 0x0861, 0x0020, 0x0020, 0x0020, 0x0841, 0x0020, 0x0020, 0x0020, 0x0841, 0x10A2, 0x0861,
  0x0020, 0x0020, 0x0841, 0x18E3, 0x1082, 0x0000, 0x0020, 0x0000, 0x0020, 0x0861, 0x1082, 0x39C7, 0x3A08, 0x3A08, 0x3A08, 0x4208,
  0x4208, 0x4208, 0x4208, 0x4229, 0x4229, 0x4A49, 0x4249, 0x4229, 0x4A49, 0x4A49, 0x4A49, 0x4A49, 0x4A49, 0x4A6A, 0x4A6A, 0x4A6A,
  0x4A4A, 0x4A49, 0x4229, 0x4209, 0x31A7, 0x2965, 0x2104, 0x0862, 0x1082, 0x18C3, 0x18E4, 0x10C3, 0x1082, 0x10A2, 0x0881, 0x0882,
  0x10A3, 0x0862, 0x1082, 0x0862, 0x0882, 0x1082, 0x10A2, 0x10A3, 0x0862, 0x1082, 0x10A2, 0x10A2, 0x1082, 0x1082, 0x10A3, 0x1082,
  0x10C3, 0x18C3, 0x1082, 0x1082, 0x10A2, 0x10A2, 0x1082, 0x1082, 0x10A2, 0x10C3, 0x10A3, 0x10A2, 0x1082, 0x10A2, 0x1082, 0x1082,
  0x0862, 0x1082, 0x0861, 0x0841, 0x0862, 0x0861, 0x0841, 0x0861, 0x0040, 0x0040, 0x0040, 0x0041, 0x0040, 0x0841, 0x0020, 0x0020,
  0x0020, 0x0841, 0x0841, 0x0841, 0x0841, 0x0861, 0x10C3, 0x1904, 0x2986, 0x634D, 0x7BEF, 0x7BEF, 0x52AB, 0x3A08, 0x2986, 0x10A3,
  0x1082, 0x0861, 0x0861, 0x0861, 0x0861, 0x0861, 0x1082, 0x1082, 0x1082, 0x0861, 0x0861, 0x1082, 0x1082, 0x1082, 0x1082, 0x1082,
  0x1082, 0x1082, 0x1082, 0x1082, 0x1082, 0x1082, 0x1082, 0x1082, 0x0861, 0x1082, 0x0861, 0x0841, 0x0841, 0x0841, 0x0020, 0x0861,
  0x1082, 0x0861, 0x0841, 0x0020, 0x0841, 0x10A2, 0x0841, 0x0020, 0x0020, 0x1082, 0x1082, 0x0861, 0x0020, 0x0020, 0x1082, 0x0000,
  0x18C3, 0x7BEF, 0x2945, 0x0000, 0x0861, 0x10A3, 0x10A3, 0x10A3, 0x10A2, 0x1082, 0x1082, 0x0862, 0x0861, 0x10A2, 0x39E7, 0x5AEC,
  0x632D, 0x4A49, 0x31A7, 0x2104, 0x0861, 0x0861, 0x0841, 0x0841, 0x0841, 0x0841, 0x0841, 0x0861, 0x0841, 0x0841, 0x0841, 0x0861,
  0x0861, 0x0861, 0x0861, 0x0861, 0x0861, 0x0861, 0x0861, 0x0861, 0x0861, 0x0861, 0x0861, 0x0861, 0x0861, 0x0861, 0x0861, 0x0861,
  0x1082, 0x1082, 0x10A2, 0x10A2, 0x10A2, 0x1082, 0x1082, 0x1082, 0x1082, 0x1082, 0x1082, 0x1082, 0x1082, 0x1082, 0x1082, 0x18C3,
  0x18E3, 0x4249, 0x632D, 0x18C3, 0x0820, 0x0841, 0x0020, 0x0020, 0x0020, 0x1082, 0x0000, 0x0020, 0x0020, 0x0861, 0x10A2, 0x0020,
  0x0020, 0x0020, 0x0841, 0x18C3, 0x0020, 0x0000, 0x0020, 0x0020, 0x0841, 0x0861, 0x2124, 0x4249, 0x4208, 0x39E8, 0x39E8, 0x4208,
  0x39E8, 0x39E8, 0x4229, 0x4249, 0x4229, 0x4229, 0x4229, 0x4229, 0x4A49, 0x4229, 0x4249, 0x4A49, 0x4A49, 0x4A4A, 0x4A4A, 0x4A4A,
  0x4A4A, 0x4A49, 0x4229, 0x4208, 0x31C7, 0x1904, 0x0862, 0x4229, 0x4A6A, 0x4A49, 0x2965, 0x2104, 0x18E4, 0x2125, 0x2124, 0x2104,
  0x2145, 0x2145, 0x2965, 0x2966, 0x2945, 0x2966, 0x31A7, 0x31A7, 0x31A7, 0x39E8, 0x39E8, 0x39C7, 0x39E8, 0x39E8, 0x4208, 0x3A08,
  0x4229, 0x4229, 0x3A08, 0x4249, 0x4249, 0x4229, 0x4A6A, 0x4A49, 0x3A08, 0x4229, 0x4229, 0x4A49, 0x4249, 0x4208, 0x4229, 0x4249,
  0x4208, 0x4249, 0x3A08, 0x3A08, 0x39C8, 0x39E8, 0x39E7, 0x31A7, 0x39C7, 0x39C7, 0x31A6, 0x3186, 0x2986, 0x2965, 0x2945, 0x2124,
  0x2104, 0x2104, 0x18E4, 0x18E3, 0x18C3, 0x10A2, 0x0841, 0x0020, 0x0020, 0x18C3, 0x39E8, 0x6B4D, 0x5B0C, 0x39E7, 0x2965, 0x10A3,
  0x1082, 0x0861, 0x1082, 0x0861, 0x0861, 0x1082, 0x1082, 0x1082, 0x0861, 0x0861, 0x1082, 0x1082, 0x1082, 0x1082, 0x1082, 0x1082,
  0x1082, 0x1082, 0x1082, 0x1082, 0x1082, 0x1082, 0x1082, 0x1082, 0x1081, 0x1082, 0x0861, 0x0841, 0x0841, 0x0841, 0x0841, 0x0021,
  0x10A2, 0x1082, 0x0861, 0x0020, 0x0020, 0x1082, 0x0861, 0x0020, 0x0841, 0x0841, 0x1082, 0x1082, 0x0020, 0x0020, 0x0861, 0x0000,
  0x3186, 0x7BEF, 0x0841, 0x0000, 0x1081, 0x10A3, 0x18C3, 0x18C3, 0x10A2, 0x1082, 0x1082, 0x1082, 0x0861, 0x0882, 0x31C7, 0x52EB,
  0x634D, 0x528A, 0x39E8, 0x2945, 0x1082, 0x0861, 0x0841, 0x0841, 0x0841, 0x0841, 0x0841, 0x0861, 0x0861, 0x0861, 0x0861, 0x0861,
  0x0861, 0x0861, 0x0861, 0x0861, 0x0861, 0x0861, 0x0861, 0x0861, 0x0861, 0x0861, 0x0861, 0x0861, 0x0861, 0x0861, 0x0861, 0x0861,
  0x1082, 0x1082, 0x10A2, 0x10A3, 0x10A2, 0x1082, 0x1082, 0x0862, 0x1082, 0x1082, 0x1082, 0x1082, 0x1082, 0x1082, 0x0862, 0x10C3,
  0x2124, 0x3186, 0x634D, 0x2945, 0x0020, 0x0841, 0x0020, 0x0020, 0x0861, 0x10A2, 0x0000, 0x0020, 0x0020, 0x18C3, 0x0861, 0x0000,
  0x0020, 0x0841, 0x0861, 0x0861, 0x0000, 0x0020, 0x0000, 0x0020, 0x1082, 0x10A2, 0x39E8, 0x4229, 0x39E8, 0x39E8, 0x39E8, 0x3A08,
  0x4208, 0x4208, 0x4229, 0x4229, 0x4229, 0x4229, 0x4229, 0x4A49, 0x4A49, 0x4A49, 0x4A6A, 0x4A49, 0x4A6A, 0x4A49, 0x4A6A, 0x4A6A,
  0x4A4A, 0x4A6A, 0x4249, 0x4229, 0x1904, 0x2125, 0x634D, 0x7BCF, 0x52AB, 0x31A7, 0x31A7, 0x39E8, 0x4229, 0x4208, 0x4229, 0x4A6A,
  0x4229, 0x4A49, 0x4249, 0x52AB, 0x528A, 0x4A49, 0x4A8A, 0x4A6A, 0x528A, 0x4A6A, 0x4A6A, 0x4A6A, 0x528A, 0x528A, 0x5AEC, 0x4AAA,
  0x52AB, 0x4A6A, 0x52AB, 0x52CB, 0x52AB, 0x4A8A, 0x52CB, 0x52CB, 0x4A6A, 0x52AA, 0x52AB, 0x4A6A, 0x4A8A, 0x52AB, 0x4A8A, 0x52AA,
  0x52CB, 0x4A8A, 0x52AB, 0x52CB, 0x52AA, 0x528A, 0x528A, 0x4A6A, 0x528A, 0x528B, 0x52AB, 0x52AB, 0x528B, 0x4A8A, 0x4AAB, 0x4AAB,
  0x4A6A, 0x4249, 0x4A69, 0x4A6A, 0x4A49, 0x4A6A, 0x39C7, 0x39C8, 0x2945, 0x0021, 0x0000, 0x1082, 0x5AEC, 0x4249, 0x2145, 0x10A2,
  0x1082, 0x1082, 0x1082, 0x1082, 0x0861, 0x0861, 0x0861, 0x0861, 0x0861, 0x1082, 0x1082, 0x1082, 0x1082, 0x0861, 0x1082, 0x1082,
  0x1082, 0x1082, 0x1082, 0x1082, 0x1082, 0x1082, 0x10A2, 0x1082, 0x1082, 0x1082, 0x1082, 0x0861, 0x0841, 0x0841, 0x0861, 0x0021,
  0x10A3, 0x1082, 0x0861, 0x0841, 0x0020, 0x0841, 0x1082, 0x0841, 0x0020, 0x0020, 0x1082, 0x1082, 0x0841, 0x0020, 0x0861, 0x0000,
  0x5AEC, 0x7BCF, 0x0000, 0x0020, 0x1082, 0x18C3, 0x18C3, 0x18C3, 0x18C3, 0x10A3, 0x1082, 0x1082, 0x1082, 0x1082, 0x2966, 0x4A8A,
  0x634D, 0x5B0C, 0x4A6A, 0x31A6, 0x1082, 0x0861, 0x0841, 0x0841, 0x0841, 0x0841, 0x0861, 0x0841, 0x0841, 0x0861, 0x0861, 0x0861,
  0x0861, 0x0861, 0x0861, 0x0861, 0x0861, 0x0861, 0x0861, 0x0861, 0x0861, 0x0861, 0x0861, 0x0861, 0x0861, 0x0861, 0x0861, 0x1082,
  0x1082, 0x1082, 0x10A2, 0x10A2, 0x10A2, 0x1082, 0x1082, 0x0862, 0x1082, 0x1082, 0x1082, 0x1082, 0x1082, 0x1082, 0x1082, 0x10A2,
  0x2104, 0x2104, 0x630C, 0x4229, 0x0020, 0x0021, 0x0020, 0x0020, 0x1082, 0x0861, 0x0020, 0x0020, 0x0020, 0x18C3, 0x0000, 0x0000,
  0x0020, 0x0841, 0x10A2, 0x0000, 0x0020, 0x0020, 0x0000, 0x0861, 0x0882, 0x2945, 0x4249, 0x39E8, 0x39E8, 0x3A08, 0x3A08, 0x4208,
  0x4208, 0x4208, 0x4229, 0x4229, 0x4229, 0x4229, 0x4229, 0x4249, 0x4A49, 0x4A4A, 0x4A6A, 0x4A4A, 0x4A6A, 0x4A6A, 0x4A6A, 0x4A6A,
  0x4A6A, 0x4A49, 0x4A49, 0x3A08, 0x4229, 0x7BCF, 0x7BCF, 0x2966, 0x2125, 0x3186, 0x4208, 0x4229, 0x4229, 0x4208, 0x39E8, 0x4229,
  0x4208, 0x39C7, 0x39C7, 0x4229, 0x4249, 0x39E8, 0x4208, 0x39E8, 0x4229, 0x39E8, 0x39C7, 0x4208, 0x4208, 0x4208, 0x4208, 0x4229,
  0x4208, 0x3A08, 0x4229, 0x4249, 0x4228, 0x4229, 0x4229, 0x4249, 0x39E8, 0x4229, 0x4229, 0x4208, 0x39E8, 0x4229, 0x4208, 0x4208,
  0x4208, 0x39E8, 0x4229, 0x4228, 0x3A08, 0x39E8, 0x4208, 0x4229, 0x39C7, 0x39E8, 0x4229, 0x4229, 0x3A08, 0x4229, 0x4229, 0x4229,
  0x3A09, 0x3A09, 0x4A49, 0x4249, 0x4249, 0x4209, 0x4A6A, 0x4A49, 0x4A49, 0x39E8, 0x2945, 0x0841, 0x10A3, 0x39E8, 0x3186, 0x10A2,
  0x1082, 0x1082, 0x0861, 0x1082, 0x0861, 0x0861, 0x0861, 0x0861, 0x0861, 0x1082, 0x1082, 0x1082, 0x1082, 0x0862, 0x1082, 0x1082,
  0x0862, 0x1082, 0x1082, 0x1082, 0x1082, 0x1082, 0x10A2, 0x10A2, 0x10A2, 0x1082, 0x1082, 0x0861, 0x0020, 0x0841, 0x0841, 0x0841,
  0x1082, 0x10A2, 0x1082, 0x0020, 0x0841, 0x0020, 0x10A2, 0x0861, 0x0020, 0x0020, 0x0841, 0x10A2, 0x0841, 0x0020, 0x0841, 0x10C3,
  0x7BCF, 0x7BCF, 0x0000, 0x0861, 0x1082, 0x18C3, 0x18C3, 0x10A3, 0x18C3, 0x10A3, 0x10A2, 0x1082, 0x0861, 0x1081, 0x2104, 0x4208,
  0x632D, 0x6B6E, 0x5ACC, 0x39E8, 0x10A3, 0x0861, 0x0861, 0x0841, 0x0841, 0x0841, 0x0861, 0x0861, 0x0861, 0x0861, 0x0861, 0x0861,
  0x0861, 0x0861, 0x0861, 0x0861, 0x0861, 0x0861, 0x0861, 0x0861, 0x0861, 0x0861, 0x0861, 0x0861, 0x0861, 0x0861, 0x0861, 0x1082,
  0x1082, 0x1082, 0x1082, 0x1082, 0x1082, 0x1082, 0x1082, 0x1082, 0x1082, 0x1082, 0x1082, 0x1082, 0x1082, 0x1082, 0x1082, 0x10A2,
  0x18E3, 0x18E3, 0x4A6A, 0x5AEC, 0x0000, 0x0020, 0x0020, 0x0841, 0x1082, 0x0020, 0x0020, 0x0841, 0x0841, 0x0861, 0x0000, 0x0020,
  0x0841, 0x0861, 0x10A2, 0x0000, 0x0020, 0x0020, 0x0020, 0x1082, 0x0861, 0x3A08, 0x4229, 0x39E8, 0x39E8, 0x39E8, 0x39E8, 0x3A08,
  0x4208, 0x4208, 0x4229, 0x4229, 0x4229, 0x4229, 0x4249, 0x4249, 0x4A49, 0x4A49, 0x4A49, 0x4A4A, 0x4A49, 0x4A6A, 0x4A4A, 0x4A49,
  0x4A49, 0x4A6A, 0x4208, 0x3186, 0x7BCF, 0x7BCF, 0x2966, 0x2945, 0x31A7, 0x39E8, 0x31A7, 0x31A7, 0x31A7, 0x31A7, 0x39C7, 0x31A7,
  0x39C7, 0x31A7, 0x39E8, 0x39C7, 0x39C7, 0x39E8, 0x39E8, 0x4208, 0x39E8, 0x4208, 0x4208, 0x4208, 0x4229, 0x4208, 0x31A7, 0x4208,
  0x4208, 0x4229, 0x39E8, 0x3A08, 0x4208, 0x39E8, 0x4229, 0x4208, 0x4209, 0x39E8, 0x4208, 0x39E8, 0x39E8, 0x4229, 0x4208, 0x4208,
  0x4208, 0x4208, 0x39E8, 0x4208, 0x3A08, 0x39C7, 0x4208, 0x39E8, 0x39E8, 0x4208, 0x4208, 0x39E8, 0x39C7, 0x4208, 0x4208, 0x39C7,
  0x3A07, 0x39E7, 0x3A09, 0x3A08, 0x39C7, 0x3187, 0x39C7, 0x39E7, 0x4208, 0x4209, 0x4A4A, 0x4249, 0x0000, 0x0000, 0x18E4, 0x10A2,
  0x1062, 0x0861, 0x0861, 0x0861, 0x1082, 0x1082, 0x0861, 0x1082, 0x1082, 0x1082, 0x1082, 0x1082, 0x1082, 0x1082, 0x1082, 0x1082,
  0x0861, 0x1082, 0x1082, 0x1082, 0x1082, 0x1082, 0x10A2, 0x1082, 0x1082, 0x1082, 0x1082, 0x1082, 0x0861, 0x0841, 0x0841, 0x0841,
  0x0841, 0x10A2, 0x1082, 0x0841, 0x0841, 0x0020, 0x10A2, 0x1082, 0x0841, 0x0020, 0x0020, 0x0861, 0x0861, 0x0020, 0x0000, 0x528A,
  0x7BCF, 0x7BCF, 0x0000, 0x1082, 0x10A2, 0x18C3, 0x18C3, 0x18C3, 0x18C3, 0x10A3, 0x10A3, 0x1082, 0x0861, 0x0861, 0x18E3, 0x39C7,
  0x5AEC, 0x73AF, 0x632D, 0x4A4A, 0x18E3, 0x1082, 0x0861, 0x0841, 0x0841, 0x0841, 0x0841, 0x0861, 0x0861, 0x0861, 0x0861, 0x0861,
  0x0861, 0x0861, 0x0861, 0x0861, 0x0861, 0x0861, 0x0861, 0x0861, 0x0861, 0x0861, 0x0861, 0x0861, 0x0861, 0x0861, 0x0861, 0x1082,
  0x1082, 0x1082, 0x1082, 0x1082, 0x1082, 0x1082, 0x1082, 0x1082, 0x1082, 0x1082, 0x1082, 0x1082, 0x1082, 0x1082, 0x1082, 0x1082,
  0x18E3, 0x18C3, 0x39C7, 0x632D, 0x0862, 0x0000, 0x0020, 0x0861, 0x0861, 0x0020, 0x0020, 0x0841, 0x1082, 0x0000, 0x0020, 0x0020,
  0x0841, 0x10A2, 0x10A2, 0x0020, 0x0020, 0x0020, 0x0861, 0x1082, 0x1082, 0x4228, 0x39E8, 0x39C7, 0x39E8, 0x39E8, 0x3A08, 0x3A08,
  0x4208, 0x4208, 0x4208, 0x4229, 0x4229, 0x4249, 0x4A49, 0x4A49, 0x4A49, 0x4A6A, 0x4A49, 0x4A6A, 0x4A4A, 0x4A6A, 0x4A6A, 0x4A4A,
  0x4A6A, 0x4A49, 0x39E8, 0x73AE, 0x73AE, 0x0862, 0x10C3, 0x31A7, 0x3186, 0x39C7, 0x31A7, 0x39E8, 0x31A7, 0x31A7, 0x39E8, 0x39E8,
  0x39C7, 0x39C7, 0x3A08, 0x39C7, 0x39E8, 0x39E8, 0x39E8, 0x39E8, 0x39E8, 0x4208, 0x3A08, 0x39E8, 0x4229, 0x3A08, 0x39E8, 0x31C7,
  0x39E8, 0x4208, 0x3A08, 0x39E8, 0x4229, 0x4208, 0x3A08, 0x3A08, 0x4208, 0x39E8, 0x4229, 0x4208, 0x3A08, 0x4229, 0x39E8, 0x39E8,
  0x4229, 0x4229, 0x4208, 0x3A08, 0x3A08, 0x4208, 0x4208, 0x39E8, 0x4229, 0x3A08, 0x4208, 0x4208, 0x39E8, 0x3A08, 0x39E7, 0x29A8,
  0x1948, 0x1949, 0x1167, 0x2989, 0x3A07, 0x4208, 0x31A7, 0x39C7, 0x39E8, 0x39C7, 0x39E8, 0x4A49, 0x39E8, 0x0861, 0x0000, 0x10A2,
  0x1082, 0x0861, 0x0861, 0x0861, 0x0861, 0x1082, 0x0861, 0x0861, 0x1082, 0x1082, 0x1082, 0x1082, 0x1082, 0x1082, 0x1082, 0x1082,
  0x1082, 0x1082, 0x1082, 0x1082, 0x10A2, 0x10A2, 0x10A2, 0x10A2, 0x1082, 0x10A3, 0x1082, 0x1082, 0x1082, 0x0841, 0x0841, 0x0841,
  0x0020, 0x0862, 0x10A2, 0x0861, 0x0020, 0x0841, 0x0861, 0x1082, 0x0861, 0x0020, 0x0020, 0x0841, 0x1081, 0x0840, 0x0000, 0x73AE,
  0x73AE, 0x73AE, 0x0000, 0x1082, 0x10A3, 0x18C3, 0x18C3, 0x18E3, 0x18C3, 0x18C3, 0x10A3, 0x1082, 0x1082, 0x0861, 0x18C3, 0x2986,
  0x4A6A, 0x73AE, 0x73AE, 0x5AEC, 0x2124, 0x18C3, 0x0861, 0x0841, 0x0841, 0x0841, 0x0841, 0x0861, 0x0861, 0x0861, 0x0861, 0x0861,
  0x0861, 0x0861, 0x0861, 0x0861, 0x0861, 0x0861, 0x0861, 0x0861, 0x0861, 0x0861, 0x0861, 0x0861, 0x0861, 0x0861, 0x0861, 0x1082,
  0x1082, 0x1082, 0x1082, 0x1082, 0x1082, 0x1081, 0x1082, 0x1082, 0x1082, 0x1082, 0x1082, 0x1082, 0x1082, 0x1082, 0x1082, 0x10A2,
  0x18C3, 0x18E3, 0x2966, 0x634D, 0x18C3, 0x0000, 0x0020, 0x1082, 0x0020, 0x0020, 0x0841, 0x0841, 0x10A2, 0x0000, 0x0020, 0x0020,
  0x0861, 0x18C3, 0x0841, 0x0020, 0x0020, 0x0000, 0x1082, 0x0861, 0x2104, 0x39E8, 0x39C7, 0x39C8, 0x39E8, 0x3A08, 0x4208, 0x39E8,
  0x39E8, 0x4208, 0x4208, 0x4229, 0x4229, 0x4229, 0x4A49, 0x4A6A, 0x4249, 0x4A49, 0x4A49, 0x4A8A, 0x4A4A, 0x4A6A, 0x4A6A, 0x4A6A,
  0x4A8A, 0x4229, 0x73AE, 0x73AE, 0x0000, 0x18E4, 0x39C7, 0x2986, 0x3186, 0x3186, 0x31A7, 0x3186, 0x3186, 0x39C7, 0x31C7, 0x39C7,
  0x31A7, 0x31A7, 0x31A7, 0x39C7, 0x31A7, 0x3A08, 0x31A7, 0x31C7, 0x39C7, 0x39C7, 0x39C7, 0x31C7, 0x39E8, 0x39E8, 0x4208, 0x39C7,
  0x39E8, 0x39E8, 0x3A08, 0x4208, 0x4208, 0x4208, 0x3A08, 0x39E8, 0x4229, 0x4229, 0x4229, 0x4208, 0x4208, 0x39E8, 0x4208, 0x39E8,
  0x4229, 0x4208, 0x39E8, 0x39C7, 0x39E8, 0x4229, 0x3A08, 0x39E8, 0x39C7, 0x39C7, 0x39C7, 0x39E8, 0x4208, 0x31E6, 0x2168, 0x39C6,
  0x73A4, 0x73A4, 0x73A2, 0x5246, 0x2987, 0x39E8, 0x39C7, 0x39E8, 0x31A7, 0x39E8, 0x39C7, 0x39E8, 0x4A49, 0x4228, 0x18C3, 0x0861,
  0x0861, 0x0861, 0x1082, 0x0861, 0x1082, 0x1082, 0x1082, 0x0861, 0x0861, 0x1082, 0x1082, 0x1082, 0x0862, 0x1082, 0x1082, 0x1082,
  0x1082, 0x10A2, 0x1082, 0x1082, 0x10A2, 0x10A3, 0x1082, 0x10A2, 0x10A2, 0x10A2, 0x10A2, 0x1082, 0x1082, 0x0840, 0x0841, 0x0841,
  0x0020, 0x0841, 0x1082, 0x0861, 0x0020, 0x0020, 0x0841, 0x1082, 0x1082, 0x0020, 0x0020, 0x0841, 0x1082, 0x0840, 0x0000, 0x73AE,
  0x73AE, 0x52AA, 0x0861, 0x1082, 0x18C3, 0x18E3, 0x18E3, 0x18C3, 0x18C3, 0x18C3, 0x18C3, 0x10A2, 0x1082, 0x1082, 0x10A3, 0x2125,
  0x4208, 0x73AE, 0x73AE, 0x632D, 0x31A6, 0x18E3, 0x1082, 0x0841, 0x0841, 0x0841, 0x0861, 0x0861, 0x0861, 0x0861, 0x0861, 0x0861,
  0x0861, 0x0861, 0x0861, 0x0861, 0x0861, 0x0861, 0x0861, 0x0861, 0x0861, 0x0861, 0x0861, 0x0861, 0x0861, 0x0861, 0x0861, 0x1082,
  0x1082, 0x1082, 0x1082, 0x1082, 0x1082, 0x0862, 0x1082, 0x1082, 0x1082, 0x1082, 0x1082, 0x1082, 0x1082, 0x1082, 0x1082, 0x1082,
  0x10A2, 0x1904, 0x2104, 0x632D, 0x0862, 0x0000, 0x0020, 0x0861, 0x0000, 0x0020, 0x0841, 0x0861, 0x1082, 0x0020, 0x0020, 0x0841,
  0x10A2, 0x1082, 0x0020, 0x0020, 0x0020, 0x0020, 0x0862, 0x1062, 0x31A6, 0x39C7, 0x39E8, 0x39E8, 0x39E8, 0x39E8, 0x39E8, 0x4208,
  0x4208, 0x4229, 0x4229, 0x4229, 0x4A49, 0x4229, 0x4A49, 0x4A49, 0x4249, 0x4A4A, 0x4A6A, 0x4A6A, 0x4A6A, 0x4A6A, 0x4A8A, 0x528A,
  0x4A6A, 0x73AE, 0x73AE, 0x5ACC, 0x2125, 0x31A6, 0x2945, 0x31A6, 0x31A7, 0x2986, 0x31A7, 0x2986, 0x31A7, 0x39C7, 0x31A7, 0x31A7,
  0x31A7, 0x31A7, 0x39C7, 0x31A7, 0x31A7, 0x39C7, 0x39C7, 0x39E8, 0x39C7, 0x39C7, 0x39C7, 0x39C7, 0x39C7, 0x4208, 0x39C7, 0x4208,
  0x39E8, 0x39E8, 0x4208, 0x3A08, 0x39E8, 0x39E8, 0x39E8, 0x39E8, 0x4208, 0x39E8, 0x39E8, 0x39E8, 0x39E8, 0x39C7, 0x4208, 0x39E8,
  0x39E8, 0x39E8, 0x31C7, 0x4208, 0x3A08, 0x39E8, 0x39E8, 0x39C7, 0x39E8, 0x4208, 0x31C7, 0x31A7, 0x39C8, 0x2987, 0x49C7, 0x73A1,
  0x7383, 0x73A2, 0x73A2, 0x73A2, 0x5A26, 0x2167, 0x39E8, 0x31C7, 0x31A7, 0x39E8, 0x39C7, 0x39C7, 0x3A08, 0x4A49, 0x4208, 0x0020,
  0x0841, 0x0861, 0x1082, 0x0861, 0x1082, 0x1082, 0x0861, 0x1082, 0x1082, 0x1082, 0x1082, 0x1082, 0x0862, 0x1082, 0x1082, 0x1082,
  0x1082, 0x1082, 0x1082, 0x1082, 0x1082, 0x1082, 0x1082, 0x10A2, 0x10A2, 0x10A2, 0x10A2, 0x0862, 0x1082, 0x0841, 0x0841, 0x0841,
  0x0841, 0x0020, 0x0861, 0x1082, 0x0841, 0x0020, 0x0020, 0x1082, 0x10A2, 0x0841, 0x0020, 0x0020, 0x10A2, 0x0861, 0x0000, 0x73AE,
  0x73AE, 0x2125, 0x0862, 0x10A2, 0x18E3, 0x18E4, 0x18E3, 0x18C3, 0x18C3, 0x18C3, 0x18C3, 0x10A2, 0x1082, 0x1082, 0x1082, 0x18E4,
  0x31A7, 0x73AE, 0x73AE, 0x6B8E, 0x3A08, 0x2125, 0x1082, 0x0861, 0x0841, 0x0841, 0x0841, 0x0861, 0x0861, 0x0861, 0x0861, 0x0861,
  0x0861, 0x0861, 0x0861, 0x0861, 0x0861, 0x0861, 0x0861, 0x0861, 0x0861, 0x0861, 0x0861, 0x0861, 0x0861, 0x0861, 0x0861, 0x0861,
  0x1082, 0x1082, 0x1082, 0x1082, 0x1082, 0x1082, 0x1082, 0x1082, 0x1082, 0x1082, 0x1082, 0x1082, 0x1082, 0x1082, 0x1082, 0x1082,
  0x10A2, 0x2124, 0x18C3, 0x528A, 0x1082, 0x0021, 0x0021, 0x0841, 0x0020, 0x0020, 0x0841, 0x1082, 0x0841, 0x0020, 0x0020, 0x0841,
  0x10A2, 0x0841, 0x0020, 0x0020, 0x0000, 0x0841, 0x0862, 0x2125, 0x39E8, 0x39C7, 0x39C7, 0x39C7, 0x39E8, 0x39E8, 0x39E8, 0x4208,
  0x4208, 0x4229, 0x4229, 0x4249, 0x4A49, 0x4A49, 0x4A49, 0x4249, 0x4A6A, 0x4A6A, 0x4A6A, 0x4A6A, 0x4A6A, 0x4A6A, 0x528A, 0x528A,
  0x4208, 0x738E, 0x632D, 0x0861, 0x3186, 0x2986, 0x2965, 0x2986, 0x2966, 0x2966, 0x31C7, 0x31A7, 0x31A7, 0x31A7, 0x2966, 0x31A7,
  0x31A7, 0x31C7, 0x39E8, 0x31A7, 0x31A7, 0x3186, 0x39E8, 0x39C7, 0x31C7, 0x39C7, 0x39C7, 0x3A08, 0x39E8, 0x4208, 0x39C7, 0x3A08,
  0x39C7, 0x39C7, 0x39E8, 0x39E8, 0x39C7, 0x39E8, 0x3A08, 0x3A08, 0x39C7, 0x39C7, 0x39E8, 0x39E8, 0x3A08, 0x39E8, 0x39E8, 0x39E8,
  0x39E8, 0x3A08, 0x39E8, 0x4208, 0x39E8, 0x39C7, 0x39E8, 0x39E8, 0x4208, 0x4229, 0x39C7, 0x31C7, 0x31A7, 0x1968, 0x7305, 0x7380,
  0x08C8, 0x2188, 0x2147, 0x7381, 0x7383, 0x1107, 0x31A7, 0x31A6, 0x31A7, 0x39C7, 0x39E8, 0x31A7, 0x39E8, 0x39E8, 0x4229, 0x18C3,
  0x0000, 0x0841, 0x0861, 0x0861, 0x0861, 0x1082, 0x1082, 0x1082, 0x1082, 0x0861, 0x0861, 0x1082, 0x1082, 0x0861, 0x1082, 0x1082,
  0x1082, 0x1082, 0x10A2, 0x1082, 0x10A2, 0x1082, 0x10A2, 0x1082, 0x1082, 0x10A3, 0x10A3, 0x10A3, 0x1082, 0x0862, 0x0841, 0x0841,
  0x0841, 0x0020, 0x0841, 0x1082, 0x0861, 0x0020, 0x0020, 0x0841, 0x1082, 0x0841, 0x0841, 0x0020, 0x10A2, 0x0841, 0x0000, 0x738E,
  0x738E, 0x0020, 0x1082, 0x18C3, 0x18E4, 0x18E4, 0x18E4, 0x18E4, 0x18C3, 0x18C3, 0x18C3, 0x10A2, 0x10A2, 0x1082, 0x1082, 0x18A3,
  0x2945, 0x6B6E, 0x738E, 0x738E, 0x4249, 0x2966, 0x18E3, 0x0861, 0x0841, 0x0841, 0x0841, 0x0861, 0x0861, 0x0861, 0x0861, 0x0861,
  0x0861, 0x0861, 0x0861, 0x0861, 0x0861, 0x0861, 0x0861, 0x0861, 0x0861, 0x0861, 0x0861, 0x0861, 0x0861, 0x0861, 0x0861, 0x0861,
  0x1082, 0x1082, 0x1082, 0x1082, 0x1082, 0x1082, 0x1082, 0x1082, 0x1082, 0x1082, 0x1082, 0x1082, 0x1082, 0x1082, 0x1082, 0x1082,
  0x1082, 0x2945, 0x18C3, 0x39E8, 0x2104, 0x0020, 0x0041, 0x0020, 0x0020, 0x0020, 0x0861, 0x1082, 0x0020, 0x0020, 0x0841, 0x0841,
  0x1082, 0x0000, 0x0020, 0x0020, 0x0020, 0x1082, 0x10A3, 0x39C7, 0x39E8, 0x39C7, 0x31C7, 0x39E8, 0x39E8, 0x3A08, 0x3A08, 0x4208,
  0x4208, 0x4229, 0x4229, 0x4229, 0x4229, 0x4A49, 0x4A6A, 0x4A49, 0x4A6A, 0x4A4A, 0x4A49, 0x4A6A, 0x4A6A, 0x4A6A, 0x4A6A, 0x4229,
  0x5AEC, 0x738E, 0x0882, 0x2125, 0x2125, 0x2945, 0x2965, 0x3186, 0x2945, 0x2966, 0x3186, 0x3186, 0x3186, 0x3186, 0x3186, 0x31A7,
  0x31A7, 0x31A7, 0x3186, 0x31C7, 0x31A7, 0x3186, 0x39E7, 0x31C7, 0x31A7, 0x31A7, 0x39C7, 0x39C7, 0x39C7, 0x31A7, 0x39C7, 0x39E8,
  0x39C7, 0x39E8, 0x39C7, 0x39E8, 0x39E8, 0x39E8, 0x39E8, 0x39E8, 0x39C7, 0x39E8, 0x39E8, 0x39E8, 0x39E8, 0x39C7, 0x31C7, 0x31A7,
  0x3A08, 0x39E8, 0x39C7, 0x39C7, 0x31C7, 0x39C7, 0x39E8, 0x39C7, 0x39C7, 0x31A7, 0x31C7, 0x31C7, 0x39C7, 0x1968, 0x7344, 0x7381,
  0x1126, 0x39C7, 0x2987, 0x7382, 0x7364, 0x1947, 0x31A7, 0x39C7, 0x31A7, 0x31A7, 0x39E8, 0x39C7, 0x39C7, 0x31A7, 0x39C7, 0x39E8,
  0x1082, 0x0000, 0x1082, 0x0861, 0x0861, 0x1082, 0x1082, 0x1082, 0x1082, 0x0861, 0x0861, 0x1082, 0x0861, 0x0861, 0x10A2, 0x1082,
  0x1082, 0x1082, 0x1082, 0x10A2, 0x10A2, 0x10A2, 0x1082, 0x10A2, 0x10A2, 0x10A3, 0x18C3, 0x18C3, 0x1082, 0x1082, 0x0861, 0x0020,
  0x0841, 0x0841, 0x0020, 0x10A2, 0x1082, 0x0841, 0x0841, 0x0020, 0x0861, 0x1082, 0x0841, 0x0020, 0x1082, 0x0840, 0x0000, 0x738E,
  0x6B4D, 0x0000, 0x1082, 0x18E3, 0x2104, 0x18E4, 0x1904, 0x18E4, 0x18E3, 0x18C3, 0x18C3, 0x10A3, 0x10A2, 0x10A2, 0x1082, 0x1082,
  0x2104, 0x630C, 0x738E, 0x738E, 0x52AB, 0x31C7, 0x2125, 0x0861, 0x0861, 0x0841, 0x0841, 0x0861, 0x0861, 0x0861, 0x0861, 0x0861,
  0x0861, 0x0861, 0x0861, 0x0861, 0x0861, 0x0861, 0x0861, 0x0861, 0x0861, 0x0861, 0x0861, 0x0861, 0x0861, 0x0861, 0x0861, 0x0861,
  0x1082, 0x1082, 0x1082, 0x1082, 0x1082, 0x1082, 0x1082, 0x1082, 0x1082, 0x1082, 0x1082, 0x1082, 0x1082, 0x1082, 0x1082, 0x1082,
  0x1082, 0x2125, 0x2104, 0x2966, 0x31C7, 0x0020, 0x0041, 0x0020, 0x0020, 0x0841, 0x10A2, 0x0861, 0x0000, 0x0020, 0x0841, 0x0861,
  0x0020, 0x0000, 0x0020, 0x0020, 0x0861, 0x1082, 0x2945, 0x39E8, 0x39C7, 0x39C7, 0x39C7, 0x39E8, 0x39E8, 0x39E8, 0x3A08, 0x39E8,
  0x4208, 0x4229, 0x4229, 0x4229, 0x4229, 0x4249, 0x4A49, 0x4A49, 0x4A6A, 0x4A6A, 0x4A4A, 0x4A6A, 0x4A6A, 0x528A, 0x4209, 0x4A6A,
  0x738E, 0x1082, 0x10A3, 0x2965, 0x2125, 0x2965, 0x2966, 0x3186, 0x3186, 0x3186, 0x2946, 0x2966, 0x3186, 0x2986, 0x31A7, 0x31C7,
  0x31A7, 0x31A7, 0x31A7, 0x31A7, 0x3186, 0x3186, 0x39C8, 0x31A7, 0x3186, 0x3186, 0x31A7, 0x39E8, 0x31A7, 0x31A7, 0x39E8, 0x39E8,
  0x39C7, 0x39C7, 0x31C7, 0x39E8, 0x39E8, 0x31A7, 0x31A7, 0x31A7, 0x39E8, 0x39C7, 0x39E8, 0x31C7, 0x31C7, 0x39C7, 0x39C7, 0x31A7,
  0x39C7, 0x31C7, 0x31C7, 0x31C7, 0x39C7, 0x39E8, 0x31C7, 0x39C7, 0x39C7, 0x31A7, 0x31A7, 0x3186, 0x31A7, 0x1968, 0x7344, 0x7381,
  0x00C6, 0x2147, 0x1127, 0x7381, 0x7363, 0x1127, 0x31C7, 0x39C7, 0x31A7, 0x39C7, 0x31A7, 0x39C7, 0x31A7, 0x31A7, 0x39C7, 0x4229,
  0x31A6, 0x0841, 0x0861, 0x1082, 0x1082, 0x0861, 0x1082, 0x1082, 0x1082, 0x1082, 0x1082, 0x1082, 0x1082, 0x1082, 0x1082, 0x1082,
  0x1082, 0x1082, 0x1082, 0x10A2, 0x10A2, 0x10A2, 0x1082, 0x18C3, 0x18C3, 0x10A3, 0x18C3, 0x18C3, 0x10A2, 0x10A2, 0x1082, 0x0841,
  0x0841, 0x0841, 0x0020, 0x1082, 0x1082, 0x1082, 0x0020, 0x0020, 0x0841, 0x1082, 0x0861, 0x0020, 0x1082, 0x0840, 0x18A3, 0x738E,
  0x31A7, 0x0000, 0x1082, 0x18E4, 0x2104, 0x1904, 0x2104, 0x1904, 0x18E4, 0x18C3, 0x18C3, 0x18C3, 0x10A3, 0x1082, 0x1082, 0x1082,
  0x18E3, 0x52AB, 0x738E, 0x738E, 0x5AEC, 0x4208, 0x2945, 0x1082, 0x0861, 0x0841, 0x0841, 0x0861, 0x0861, 0x0861, 0x0861, 0x0861,
  0x0861, 0x0861, 0x0861, 0x0861, 0x0861, 0x0861, 0x0861, 0x0861, 0x0861, 0x0861, 0x0861, 0x0861, 0x0861, 0x0861, 0x0861, 0x0861,
  0x0861, 0x0861, 0x1082, 0x1082, 0x1082, 0x1082, 0x1082, 0x1082, 0x1082, 0x1082, 0x1082, 0x1082, 0x1082, 0x1082, 0x1082, 0x1082,
  0x1082, 0x2124, 0x2125, 0x2125, 0x52AA, 0x10A2, 0x0020, 0x0020, 0x0020, 0x0841, 0x1082, 0x0000, 0x0020, 0x0020, 0x0841, 0x18C3,
  0x0000, 0x0020, 0x0020, 0x0841, 0x1082, 0x0841, 0x3A08, 0x39E8, 0x39C7, 0x39C7, 0x39C7, 0x39C7, 0x39E8, 0x39E8, 0x3A08, 0x39E8,
  0x4208, 0x4229, 0x4229, 0x4A49, 0x4A49, 0x4229, 0x4A49, 0x4A49, 0x4A49, 0x4A6A, 0x4A6A, 0x4A6A, 0x4A6A, 0x528A, 0x4208, 0x6B6D,
  0x6B6D, 0x0841, 0x2945, 0x2985, 0x2945, 0x2966, 0x2966, 0x3186, 0x31A7, 0x31A6, 0x2966, 0x2966, 0x2986, 0x2966, 0x18E4, 0x18C3,
  0x3186, 0x2966, 0x2966, 0x31A7, 0x3186, 0x2966, 0x31C7, 0x3186, 0x3186, 0x2966, 0x31A7, 0x31A7, 0x39C7, 0x31A7, 0x2986, 0x39C7,
  0x39E8, 0x31C7, 0x39C7, 0x31A7, 0x39C7, 0x31A7, 0x3186, 0x39C7, 0x3186, 0x39C7, 0x39C8, 0x31C7, 0x39C7, 0x31C7, 0x39C7, 0x31C7,
  0x31C7, 0x31A7, 0x31A7, 0x39E8, 0x31A7, 0x31A7, 0x31A7, 0x31A7, 0x31A7, 0x31A7, 0x39C7, 0x31A7, 0x3186, 0x1127, 0x6AC5, 0x6B60,
  0x10C8, 0x2146, 0x1926, 0x6B61, 0x6B22, 0x10E6, 0x31C7, 0x31A6, 0x31A7, 0x31A7, 0x2986, 0x31A7, 0x31A7, 0x3186, 0x31A7, 0x39C7,
  0x4229, 0x2966, 0x0000, 0x1082, 0x1082, 0x1082, 0x1082, 0x1082, 0x1082, 0x1082, 0x1082, 0x1082, 0x1082, 0x1082, 0x1082, 0x1082,
  0x1082, 0x1082, 0x10A2, 0x10A3, 0x1082, 0x10A3, 0x10A2, 0x10A3, 0x10A2, 0x10A3, 0x10A3, 0x18C3, 0x10A3, 0x1082, 0x10A2, 0x0861,
  0x0841, 0x0841, 0x0841, 0x0861, 0x1082, 0x1082, 0x0020, 0x0020, 0x0020, 0x10A2, 0x1082, 0x0841, 0x0861, 0x0861, 0x4A49, 0x6B6D,
  0x0841, 0x0000, 0x18C3, 0x2104, 0x2104, 0x2104, 0x2104, 0x2104, 0x18E4, 0x18E3, 0x18C3, 0x18C3, 0x18C3, 0x1082, 0x1082, 0x1082,
  0x10A3, 0x4229, 0x6B6D, 0x6B6D, 0x636D, 0x4A69, 0x2986, 0x1082, 0x0861, 0x0841, 0x0841, 0x0861, 0x0861, 0x0861, 0x0861, 0x0861,
  0x1082, 0x0861, 0x0861, 0x0861, 0x0861, 0x0861, 0x0861, 0x0861, 0x0861, 0x0861, 0x0861, 0x0861, 0x0861, 0x0861, 0x0861, 0x0861,
  0x0861, 0x0861, 0x1082, 0x1082, 0x1082, 0x1082, 0x1082, 0x1082, 0x1082, 0x1082, 0x1082, 0x1082, 0x1082, 0x10A2, 0x1082, 0x10A2,
  0x0861, 0x2125, 0x2965, 0x2104, 0x630C, 0x2966, 0x0841, 0x0020, 0x0841, 0x0841, 0x0841, 0x0020, 0x0020, 0x0841, 0x1082, 0x18C3,
  0x0000, 0x0841, 0x0020, 0x1082, 0x1082, 0x0861, 0x39E8, 0x39C7, 0x39C7, 0x39C7, 0x39E8, 0x39C7, 0x39E8, 0x39E8, 0x4208, 0x4208,
  0x4208, 0x4208, 0x4229, 0x4A49, 0x4A49, 0x4229, 0x4A49, 0x4A4A, 0x4A6A, 0x4A6A, 0x4A4A, 0x4A6A, 0x4A6A, 0x4A6A, 0x6B6D, 0x6B6D,
  0x39C8, 0x2965, 0x2124, 0x2945, 0x2945, 0x2965, 0x2965, 0x3186, 0x2966, 0x2965, 0x2965, 0x2945, 0x2145, 0x2945, 0x2125, 0x39E8,
  0x10C3, 0x2945, 0x2125, 0x3186, 0x3186, 0x3186, 0x3186, 0x3186, 0x31A7, 0x2945, 0x31A7, 0x3186, 0x39C7, 0x31A7, 0x2986, 0x31C7,
  0x39C7, 0x31A6, 0x31C7, 0x31A7, 0x31A7, 0x39C7, 0x39C7, 0x3186, 0x31A6, 0x31A7, 0x39E8, 0x39C7, 0x39E8, 0x31A7, 0x31A7, 0x31A7,
  0x31C7, 0x31A7, 0x31A7, 0x31A7, 0x31C7, 0x31A7, 0x31A7, 0x31A7, 0x31A7, 0x31A7, 0x31A7, 0x31A7, 0x31A7, 0x2166, 0x3167, 0x6B62,
  0x6B63, 0x6B62, 0x6B62, 0x6B61, 0x41C5, 0x2167, 0x31A7, 0x3186, 0x2966, 0x31A7, 0x39C7, 0x3186, 0x31A7, 0x31A7, 0x31A7, 0x31A7,
  0x39C7, 0x4229, 0x0000, 0x0041, 0x0861, 0x1082, 0x1082, 0x1082, 0x1082, 0x1082, 0x1082, 0x1082, 0x1082, 0x1082, 0x1082, 0x10A2,
  0x1082, 0x10A2, 0x10A2, 0x10A3, 0x1082, 0x10A3, 0x10A3, 0x10A3, 0x10A3, 0x10A2, 0x18C3, 0x18C3, 0x18C3, 0x1082, 0x1082, 0x1082,
  0x0841, 0x0841, 0x0841, 0x0841, 0x1082, 0x10A2, 0x0841, 0x0020, 0x0020, 0x10A2, 0x1082, 0x0841, 0x0000, 0x1904, 0x6B6D, 0x6B6D,
  0x0000, 0x0841, 0x18C3, 0x2104, 0x2104, 0x2104, 0x2104, 0x2104, 0x18E4, 0x18E3, 0x18E3, 0x18C3, 0x18C3, 0x10A3, 0x1082, 0x1082,
  0x1082, 0x39C7, 0x5AEC, 0x6B6D, 0x6B6D, 0x5ACB, 0x31C7, 0x10A2, 0x0862, 0x0841, 0x0841, 0x0861, 0x0861, 0x0861, 0x0861, 0x0861,
  0x1082, 0x0861, 0x0861, 0x0861, 0x0861, 0x0861, 0x0861, 0x0861, 0x0861, 0x0861, 0x0861, 0x0861, 0x0861, 0x0861, 0x0861, 0x0861,
  0x0861, 0x0861, 0x1082, 0x1082, 0x1082, 0x1082, 0x1082, 0x1082, 0x1082, 0x1082, 0x1082, 0x1082, 0x1082, 0x10A2, 0x1082, 0x1082,
  0x1082, 0x2104, 0x2965, 0x2104, 0x632D, 0x4A8A, 0x18E3, 0x0020, 0x0841, 0x0861, 0x0020, 0x0020, 0x0020, 0x0841, 0x18C3, 0x0861,
  0x0020, 0x0020, 0x0020, 0x1082, 0x0861, 0x2104, 0x39C7, 0x31A7, 0x39C7, 0x39C7, 0x39E8, 0x39C7, 0x39E8, 0x39E8, 0x4208, 0x4229,
  0x4229, 0x4229, 0x4229, 0x4229, 0x4229, 0x4A49, 0x4A6A, 0x4A6A, 0x4A6A, 0x4A6A, 0x4A6A, 0x528A, 0x528A, 0x3A09, 0x6B6D, 0x630C,
  0x0000, 0x2945, 0x2104, 0x2104, 0x2965, 0x2125, 0x2145, 0x2945, 0x2965, 0x2965, 0x2966, 0x2965, 0x2945, 0x31C7, 0x6B6D, 0x6B6D,
  0x4208, 0x2966, 0x6B6D, 0x18E3, 0x2124, 0x3186, 0x3186, 0x2945, 0x18C3, 0x632D, 0x2986, 0x2966, 0x2966, 0x2965, 0x3186, 0x2965,
  0x2986, 0x31A6, 0x2965, 0x3186, 0x31A7, 0x3186, 0x2986, 0x18E4, 0x630C, 0x2965, 0x3186, 0x2986, 0x31C7, 0x31A7, 0x4A6A, 0x4A6A,
  0x3186, 0x3186, 0x31A7, 0x3186, 0x2966, 0x3A08, 0x5ACB, 0x3186, 0x2966, 0x2945, 0x3186, 0x2966, 0x2966, 0x39A7, 0x0907, 0x0066,
  0x6B60, 0x6B62, 0x6B62, 0x18E6, 0x1107, 0x39C6, 0x3186, 0x3187, 0x2966, 0x31A7, 0x31A7, 0x2986, 0x2986, 0x31C7, 0x31A7, 0x31A7,
  0x2966, 0x3A08, 0x18E3, 0x0000, 0x0841, 0x1082, 0x1082, 0x0862, 0x0862, 0x1082, 0x1082, 0x1082, 0x1082, 0x1082, 0x10A2, 0x1082,
  0x1082, 0x10A2, 0x10A2, 0x10A2, 0x10A2, 0x18C3, 0x10A2, 0x10A3, 0x18C3, 0x10A3, 0x18C3, 0x18C3, 0x18C3, 0x10A3, 0x1081, 0x10A2,
  0x0841, 0x0841, 0x0841, 0x0841, 0x0861, 0x10A2, 0x0861, 0x0841, 0x0020, 0x1082, 0x10A2, 0x0861, 0x0000, 0x4A8A, 0x6B6D, 0x39E7,
  0x0000, 0x0862, 0x18E4, 0x2104, 0x2104, 0x2104, 0x2104, 0x2104, 0x2104, 0x18E4, 0x18E4, 0x18C3, 0x18C3, 0x18C3, 0x1082, 0x1082,
  0x1082, 0x2966, 0x4A8A, 0x6B6D, 0x6B6D, 0x630D, 0x3A08, 0x18C3, 0x1082, 0x0841, 0x0841, 0x0841, 0x0861, 0x0861, 0x0861, 0x0861,
  0x1082, 0x0861, 0x0861, 0x0861, 0x0861, 0x0861, 0x0861, 0x0861, 0x0861, 0x0861, 0x0861, 0x0861, 0x0861, 0x0861, 0x0861, 0x0861,
  0x0861, 0x0861, 0x1082, 0x1082, 0x1082, 0x1082, 0x1082, 0x1082, 0x1082, 0x1082, 0x1082, 0x1082, 0x1082, 0x1082, 0x1082, 0x1082,
  0x10A2, 0x18C3, 0x2945, 0x2145, 0x5B0C, 0x5B0C, 0x18E3, 0x0020, 0x0841, 0x1082, 0x0020, 0x0020, 0x0020, 0x10A2, 0x10A2, 0x0020,
  0x0020, 0x0000, 0x0020, 0x0861, 0x1082, 0x31A7, 0x31C7, 0x31C7, 0x39C7, 0x31C7, 0x39C7, 0x39C7, 0x39E8, 0x39E8, 0x4208, 0x4208,
  0x4229, 0x4229, 0x4229, 0x4249, 0x4A49, 0x4249, 0x4A4A, 0x4A6A, 0x4A6A, 0x4A6A, 0x528A, 0x528A, 0x4A49, 0x5AEC, 0x6B4D, 0x0021,
  0x1082, 0x2104, 0x2125, 0x2125, 0x2945, 0x2945, 0x2125, 0x2125, 0x2945, 0x2966, 0x2945, 0x2945, 0x2966, 0x4A69, 0x6B4D, 0x3186,
  0x6B4D, 0x5AEC, 0x6B4D, 0x1082, 0x2945, 0x1904, 0x2104, 0x2945, 0x10A3, 0x6B4D, 0x1904, 0x18E3, 0x18E4, 0x2945, 0x2124, 0x2965,
  0x2145, 0x2945, 0x2966, 0x2125, 0x2145, 0x2124, 0x2145, 0x2124, 0x4208, 0x2104, 0x2104, 0x2966, 0x2125, 0x2966, 0x5ACB, 0x5B0C,
  0x2125, 0x2966, 0x2945, 0x2966, 0x2966, 0x31A7, 0x39E8, 0x2125, 0x2966, 0x2945, 0x2125, 0x2966, 0x2145, 0x2986, 0x1945, 0x6B03,
  0x6B42, 0x6B42, 0x6B41, 0x6B43, 0x2965, 0x2946, 0x2966, 0x2966, 0x2986, 0x3186, 0x3186, 0x31A7, 0x2986, 0x2966, 0x2966, 0x3186,
  0x3186, 0x31A6, 0x31A7, 0x1082, 0x0000, 0x1082, 0x1082, 0x1082, 0x0862, 0x1082, 0x1082, 0x1082, 0x1082, 0x1082, 0x10A2, 0x10A2,
  0x1082, 0x10A2, 0x10A2, 0x10A2, 0x10A3, 0x10A3, 0x10A3, 0x10A3, 0x18C3, 0x18C3, 0x18C3, 0x18C3, 0x18C3, 0x18E3, 0x1082, 0x1082,
  0x0861, 0x0841, 0x0841, 0x0841, 0x0841, 0x1082, 0x0861, 0x0841, 0x0020, 0x0841, 0x10A2, 0x1082, 0x0000, 0x634D, 0x6B4D, 0x1082,
  0x0000, 0x1082, 0x2104, 0x2104, 0x2104, 0x2124, 0x2124, 0x2124, 0x2104, 0x2104, 0x1904, 0x18E3, 0x18C3, 0x18C3, 0x10A2, 0x1082,
  0x1082, 0x2125, 0x4229, 0x6B4D, 0x6B4D, 0x6B4D, 0x52CB, 0x2104, 0x1082, 0x0861, 0x0841, 0x0841, 0x0861, 0x0861, 0x0861, 0x0861,
  0x1082, 0x0861, 0x0861, 0x0861, 0x0861, 0x0861, 0x1082, 0x1082, 0x0861, 0x0861, 0x0861, 0x0861, 0x0861, 0x0861, 0x0861, 0x0861,
  0x0861, 0x0861, 0x1082, 0x1082, 0x1082, 0x1082, 0x1082, 0x1082, 0x1082, 0x1082, 0x1082, 0x1082, 0x1082, 0x1082, 0x10A2, 0x10A2,
  0x10A2, 0x10A3, 0x2125, 0x2965, 0x528B, 0x5ACC, 0x1082, 0x0020, 0x0861, 0x0861, 0x0000, 0x0020, 0x0841, 0x18C3, 0x0861, 0x0000,
  0x0020, 0x0020, 0x0861, 0x0861, 0x2124, 0x3A08, 0x31A7, 0x39C7, 0x39C7, 0x39C7, 0x39C7, 0x39E8, 0x39E8, 0x3A08, 0x3A08, 0x4208,
  0x4229, 0x4229, 0x4229, 0x4A49, 0x4A49, 0x4A49, 0x4229, 0x4A6A, 0x4A49, 0x4A4A, 0x4A8A, 0x4A4A, 0x528B, 0x6B4D, 0x1082, 0x0020,
  0x2945, 0x2125, 0x2145, 0x2125, 0x2125, 0x2965, 0x2965, 0x2945, 0x2945, 0x2145, 0x2125, 0x2124, 0x2125, 0x4A49, 0x6B4D, 0x31A7,
  0x6B4D, 0x4A49, 0x6B4D, 0x632D, 0x6B4D, 0x4A6A, 0x632D, 0x6B4D, 0x6B4D, 0x630C, 0x1904, 0x6B4D, 0x6B4D, 0x6B4D, 0x6B4D, 0x6B4D,
  0x6B4D, 0x3186, 0x6B4D, 0x6B4D, 0x31C7, 0x6B4D, 0x6B4D, 0x6B4D, 0x31A7, 0x39C7, 0x6B4D, 0x5ACB, 0x2966, 0x632D, 0x6B4D, 0x4A8A,
  0x39C7, 0x630C, 0x39C7, 0x3186, 0x632D, 0x4229, 0x4208, 0x4A8A, 0x6B4D, 0x6B4D, 0x5ACB, 0x632D, 0x632D, 0x00C6, 0x6A85, 0x6B40,
  0x2946, 0x41A5, 0x3184, 0x6B40, 0x6AE4, 0x10E7, 0x2986, 0x3186, 0x2966, 0x3186, 0x3186, 0x3186, 0x2966, 0x2945, 0x2966, 0x2986,
  0x3186, 0x2986, 0x39C7, 0x2945, 0x0841, 0x1082, 0x1061, 0x1082, 0x1082, 0x10A2, 0x1082, 0x1082, 0x1082, 0x1082, 0x10A2, 0x1082,
  0x1082, 0x1082, 0x10A2, 0x10A3, 0x10A3, 0x10A2, 0x10A3, 0x18C3, 0x18C3, 0x18C3, 0x18C3, 0x18E3, 0x18C3, 0x18E3, 0x18C3, 0x1082,
  0x1082, 0x0020, 0x0841, 0x0841, 0x0020, 0x0861, 0x1082, 0x0841, 0x0020, 0x0020, 0x10A2, 0x10A2, 0x0000, 0x52AB, 0x6B4D, 0x0000,
  0x0841, 0x1082, 0x2104, 0x2124, 0x2104, 0x2124, 0x2125, 0x2124, 0x2104, 0x2104, 0x1904, 0x18E4, 0x18E3, 0x18C3, 0x10A2, 0x1082,
  0x1082, 0x18E4, 0x31C7, 0x5AEC, 0x6B4D, 0x6B4D, 0x632D, 0x2125, 0x18C3, 0x1082, 0x0841, 0x0861, 0x0861, 0x0861, 0x0861, 0x0861,
  0x1082, 0x0861, 0x0861, 0x0861, 0x0861, 0x0861, 0x0861, 0x0861, 0x0861, 0x0861, 0x0861, 0x0861, 0x0861, 0x0861, 0x0861, 0x0861,
  0x0861, 0x0861, 0x1082, 0x1082, 0x1082, 0x1082, 0x1082, 0x1082, 0x1082, 0x1082, 0x1082, 0x1082, 0x1082, 0x1082, 0x1082, 0x10A2,
  0x10A2, 0x10A2, 0x2104, 0x2986, 0x3A08, 0x632D, 0x2125, 0x0020, 0x0861, 0x0841, 0x0020, 0x0841, 0x0841, 0x10A2, 0x0020, 0x0020,
  0x0020, 0x0020, 0x1082, 0x10A3, 0x39C7, 0x39E8, 0x39C7, 0x31A7, 0x31A7, 0x31C7, 0x39E8, 0x39E8, 0x39E8, 0x39E8, 0x4208, 0x4229,
  0x4229, 0x4229, 0x4208, 0x4229, 0x4A49, 0x4A6A, 0x4A4A, 0x4A4A, 0x4A8A, 0x4A6A, 0x528A, 0x4A6A, 0x6B4D, 0x6B4D, 0x0000, 0x2104,
  0x2104, 0x2124, 0x2124, 0x2124, 0x2125, 0x2125, 0x2145, 0x2945, 0x2145, 0x2145, 0x2125, 0x2124, 0x2945, 0x39E7, 0x6B4D, 0x6B4D,
  0x6B4D, 0x4229, 0x6B4D, 0x2945, 0x6B4D, 0x6B4D, 0x6B4D, 0x4208, 0x31A6, 0x6B4D, 0x6B4D, 0x5AEB, 0x6B4D, 0x39C7, 0x6B4D, 0x3186,
  0x6B4D, 0x6B4D, 0x4A49, 0x6B4D, 0x6B4D, 0x5ACB, 0x4A8A, 0x6B4D, 0x6B4D, 0x6B4D, 0x6B4D, 0x4A6A, 0x6B4D, 0x52AB, 0x630C, 0x5AEC,
  0x6B4D, 0x5AEC, 0x6B4D, 0x6B4D, 0x31A7, 0x39E8, 0x6B4D, 0x528A, 0x39C7, 0x6B4D, 0x6B4D, 0x31A7, 0x528A, 0x08A5, 0x6B03, 0x6B40,
  0x0086, 0x1945, 0x1106, 0x6B40, 0x6B43, 0x08C6, 0x2966, 0x2966, 0x2986, 0x2966, 0x2945, 0x2966, 0x2966, 0x2945, 0x2966, 0x2966,
  0x2966, 0x2966, 0x31A6, 0x39C7, 0x2124, 0x0021, 0x1082, 0x1082, 0x1082, 0x10A2, 0x1082, 0x1082, 0x10A3, 0x10A2, 0x10A2, 0x10A2,
  0x1082, 0x1082, 0x10A2, 0x10A3, 0x10A3, 0x10A3, 0x18C3, 0x18C3, 0x10A3, 0x18C3, 0x18C3, 0x18E3, 0x18E3, 0x18E3, 0x2104, 0x18C3,
  0x1082, 0x0861, 0x0020, 0x0841, 0x0020, 0x0020, 0x10A2, 0x0861, 0x0841, 0x0020, 0x1082, 0x18C3, 0x0841, 0x6B4D, 0x6B4D, 0x0000,
  0x1082, 0x10A2, 0x2104, 0x2104, 0x2104, 0x2124, 0x2125, 0x2124, 0x2104, 0x2104, 0x1904, 0x18E4, 0x18E4, 0x18E3, 0x10A2, 0x1082,
  0x1082, 0x10C3, 0x2966, 0x528B, 0x6B4D, 0x6B4D, 0x6B4D, 0x3186, 0x1904, 0x1082, 0x0841, 0x0841, 0x0861, 0x0861, 0x0861, 0x0861,
  0x1082, 0x1082, 0x1082, 0x1082, 0x1082, 0x1082, 0x1082, 0x0861, 0x0861, 0x0861, 0x0861, 0x0861, 0x0861, 0x0861, 0x0861, 0x0861,
  0x0861, 0x0861, 0x1082, 0x1082, 0x1082, 0x1082, 0x1082, 0x1082, 0x1082, 0x1082, 0x1082, 0x1082, 0x1082, 0x1082, 0x1082, 0x10A2,
  0x10A2, 0x1082, 0x18E4, 0x2965, 0x3186, 0x632C, 0x39C7, 0x0020, 0x0861, 0x0020, 0x0020, 0x0841, 0x0861, 0x0861, 0x0000, 0x0020,
  0x0000, 0x0861, 0x1082, 0x2945, 0x39E7, 0x31A7, 0x31A7, 0x31A7, 0x39C7, 0x31A7, 0x39E8, 0x39E8, 0x39E8, 0x39E8, 0x3A08, 0x4208,
  0x4208, 0x4229, 0x4229, 0x4229, 0x4A49, 0x4A49, 0x4A4A, 0x4A6A, 0x4A6A, 0x4A6A, 0x528A, 0x632C, 0x632C, 0x4249, 0x1904, 0x2125,
  0x2104, 0x2104, 0x2104, 0x2145, 0x2125, 0x2125, 0x2125, 0x2124, 0x2124, 0x2945, 0x2145, 0x2145, 0x2965, 0x4A49, 0x632C, 0x1904,
  0x632C, 0x632C, 0x632C, 0x5ACB, 0x632C, 0x632C, 0x632D, 0x0000, 0x0000, 0x632C, 0x632C, 0x18E3, 0x632C, 0x0000, 0x632C, 0x0000,
  0x4A49, 0x634C, 0x632C, 0x632C, 0x632C, 0x632C, 0x52CB, 0x632C, 0x632C, 0x632C, 0x10C3, 0x39E8, 0x632C, 0x2145, 0x4249, 0x632C,
  0x632C, 0x4249, 0x4A4A, 0x39C7, 0x5AEC, 0x4A49, 0x630C, 0x52AB, 0x4229, 0x52CB, 0x52AB, 0x10A3, 0x39C7, 0x10C6, 0x62C3, 0x6321,
  0x08A5, 0x2905, 0x2105, 0x6322, 0x6323, 0x08E5, 0x2986, 0x2966, 0x2945, 0x2945, 0x2965, 0x2945, 0x2966, 0x2966, 0x2945, 0x2945,
  0x2966, 0x3186, 0x2965, 0x31A7, 0x39C7, 0x0000, 0x0861, 0x10A2, 0x1082, 0x1082, 0x1082, 0x1082, 0x1082, 0x10A2, 0x10A2, 0x1082,
  0x1082, 0x10A3, 0x10A3, 0x10A3, 0x10A3, 0x10A2, 0x10A3, 0x18C3, 0x18C3, 0x18C3, 0x18C3, 0x18C3, 0x18C3, 0x18C3, 0x2104, 0x18E4,
  0x1082, 0x1082, 0x0020, 0x0841, 0x0841, 0x0020, 0x1082, 0x1082, 0x0841, 0x0020, 0x0861, 0x18E3, 0x2104, 0x632C, 0x632C, 0x0000,
  0x1082, 0x10A3, 0x2124, 0x2104, 0x2104, 0x2124, 0x2104, 0x2104, 0x2124, 0x2124, 0x2104, 0x18E4, 0x18E3, 0x18E3, 0x18C3, 0x10A2,
  0x1082, 0x10A3, 0x2124, 0x4229, 0x632C, 0x632C, 0x632C, 0x39E8, 0x2124, 0x10A2, 0x0861, 0x0841, 0x0841, 0x0861, 0x0861, 0x0861,
  0x1082, 0x1082, 0x1082, 0x1082, 0x1082, 0x1082, 0x1082, 0x0861, 0x0861, 0x0861, 0x0861, 0x0861, 0x0861, 0x0861, 0x0861, 0x0861,
  0x0861, 0x0861, 0x1082, 0x1082, 0x1082, 0x1082, 0x1082, 0x1082, 0x1082, 0x1082, 0x1082, 0x1082, 0x1082, 0x1082, 0x1082, 0x10A2,
  0x1082, 0x10A2, 0x18C3, 0x2125, 0x2945, 0x52CB, 0x528A, 0x0020, 0x0861, 0x0841, 0x0020, 0x0841, 0x10A2, 0x0020, 0x0020, 0x0020,
  0x0020, 0x1082, 0x0861, 0x39C7, 0x39C7, 0x31A7, 0x31A7, 0x31C7, 0x31A7, 0x39E8, 0x39E8, 0x39E8, 0x39E8, 0x39E8, 0x3A08, 0x4229,
  0x4229, 0x4A49, 0x4229, 0x4229, 0x4A49, 0x4A49, 0x4A6A, 0x4A6A, 0x4A8A, 0x528A, 0x4249, 0x632C, 0x630C, 0x0021, 0x2124, 0x2104,
  0x18E4, 0x2104, 0x2124, 0x2124, 0x2124, 0x2124, 0x2104, 0x2945, 0x2124, 0x2145, 0x2945, 0x2125, 0x2945, 0x4208, 0x632C, 0x52AA,
  0x632C, 0x632C, 0x632C, 0x632C, 0x52AB, 0x632C, 0x632C, 0x4228, 0x31A6, 0x632C, 0x5ACB, 0x632C, 0x632C, 0x0841, 0x632C, 0x0000,
  0x4A69, 0x632C, 0x528A, 0x632C, 0x632C, 0x632C, 0x632C, 0x0020, 0x632C, 0x632C, 0x632C, 0x4A49, 0x632C, 0x5ACB, 0x632C, 0x630C,
  0x630C, 0x3186, 0x4208, 0x39C7, 0x632C, 0x632C, 0x632C, 0x632C, 0x632C, 0x18E4, 0x632C, 0x18C3, 0x39C7, 0x08E6, 0x62C3, 0x6321,
  0x0046, 0x18A5, 0x0085, 0x6321, 0x6322, 0x00A5, 0x2965, 0x2966, 0x2965, 0x2965, 0x2966, 0x2965, 0x2966, 0x2965, 0x2125, 0x2965,
  0x2945, 0x2945, 0x2965, 0x2945, 0x3186, 0x10A2, 0x0020, 0x0882, 0x1082, 0x1082, 0x1082, 0x1082, 0x1082, 0x10A2, 0x1082, 0x1082,
  0x10A2, 0x18C3, 0x18C3, 0x10A2, 0x18C3, 0x18C3, 0x10A3, 0x18C3, 0x18C3, 0x18C3, 0x18C3, 0x18C3, 0x18C3, 0x18E3, 0x18E3, 0x18E4,
  0x1082, 0x10A2, 0x0861, 0x0841, 0x0841, 0x0020, 0x1082, 0x10A2, 0x0861, 0x0020, 0x0861, 0x10A2, 0x4A8A, 0x632C, 0x632C, 0x0861,
  0x0882, 0x18C3, 0x2124, 0x2124, 0x2124, 0x2124, 0x2124, 0x2124, 0x2125, 0x2124, 0x2104, 0x18E4, 0x18E4, 0x18E3, 0x10C3, 0x10A3,
  0x1082, 0x10A2, 0x18E4, 0x39C7, 0x632C, 0x632C, 0x632C, 0x4229, 0x2945, 0x10C3, 0x0861, 0x0841, 0x0841, 0x0861, 0x0861, 0x0861,
  0x1082, 0x1082, 0x1082, 0x1082, 0x1082, 0x1082, 0x1082, 0x0861, 0x0861, 0x0861, 0x0861, 0x0861, 0x0861, 0x0861, 0x0861, 0x0861,
  0x0861, 0x0861, 0x1082, 0x1082, 0x1082, 0x1082, 0x1082, 0x1082, 0x1082, 0x1082, 0x1082, 0x1082, 0x1082, 0x1082, 0x10A2, 0x10A2,
  0x10A2, 0x1082, 0x18C3, 0x2945, 0x2125, 0x4229, 0x630C, 0x0020, 0x0841, 0x0841, 0x0841, 0x0861, 0x18C3, 0x0000, 0x0841, 0x0020,
  0x1082, 0x1082, 0x1082, 0x39E8, 0x3186, 0x31A7, 0x31C7, 0x39C7, 0x31A7, 0x39E8, 0x39E8, 0x39E8, 0x39E8, 0x3A08, 0x4208, 0x4229,
  0x4229, 0x4A49, 0x4249, 0x4249, 0x4249, 0x4A6A, 0x4A4A, 0x4A6A, 0x52AB, 0x4A4A, 0x4A8A, 0x632C, 0x0862, 0x10A2, 0x18E3, 0x18E4,
  0x2104, 0x1904, 0x2104, 0x2104, 0x2124, 0x2104, 0x1904, 0x2145, 0x2125, 0x2124, 0x2104, 0x2104, 0x2124, 0x2945, 0x632C, 0x632C,
  0x632C, 0x2124, 0x4A49, 0x632C, 0x632C, 0x632C, 0x52AA, 0x632C, 0x632C, 0x39C7, 0x0041, 0x4249, 0x52AA, 0x10C3, 0x4A49, 0x10A2,
  0x39E7, 0x52AA, 0x632C, 0x632C, 0x632C, 0x632C, 0x632C, 0x632C, 0x39C7, 0x2986, 0x632C, 0x5AEC, 0x18E4, 0x5ACB, 0x632C, 0x3186,
  0x3186, 0x632C, 0x4A69, 0x4208, 0x630C, 0x39C7, 0x39E8, 0x632C, 0x528A, 0x52AB, 0x39C7, 0x2104, 0x3186, 0x1105, 0x39A3, 0x6320,
  0x6283, 0x62E4, 0x62A2, 0x6321, 0x6203, 0x08C5, 0x2145, 0x2125, 0x2145, 0x2965, 0x2945, 0x2945, 0x2945, 0x2945, 0x2945, 0x2965,
  0x2945, 0x2945, 0x2965, 0x2966, 0x2966, 0x2945, 0x0841, 0x0000, 0x1082, 0x10A2, 0x10A3, 0x1082, 0x10A2, 0x10A3, 0x1082, 0x10A2,
  0x10A2, 0x10A2, 0x10A3, 0x10A2, 0x18C3, 0x18C3, 0x10A3, 0x18C3, 0x18C3, 0x18C3, 0x18E3, 0x18C3, 0x18E3, 0x18E4, 0x18E3, 0x18E4,
  0x10A3, 0x10A2, 0x1082, 0x0020, 0x0020, 0x0841, 0x0841, 0x10A2, 0x1082, 0x0020, 0x0021, 0x0020, 0x632C, 0x632C, 0x528A, 0x0861,
  0x1082, 0x1904, 0x2104, 0x2124, 0x2124, 0x2125, 0x2124, 0x2125, 0x2124, 0x2124, 0x2104, 0x1904, 0x2104, 0x18E4, 0x18C3, 0x10C3,
  0x10A2, 0x10A2, 0x18C3, 0x2966, 0x632C, 0x632C, 0x632C, 0x4A6A, 0x3186, 0x18E3, 0x0861, 0x0841, 0x0861, 0x0861, 0x0861, 0x0861,
  0x1082, 0x1082, 0x1082, 0x1082, 0x1082, 0x1082, 0x1082, 0x0861, 0x0861, 0x0861, 0x0861, 0x0841, 0x0861, 0x0861, 0x0861, 0x0861,
  0x0861, 0x0861, 0x1082, 0x1082, 0x1082, 0x1082, 0x1082, 0x1082, 0x1082, 0x1082, 0x1082, 0x1082, 0x1082, 0x1082, 0x10A2, 0x10A2,
  0x10A2, 0x1082, 0x10A3, 0x2125, 0x2946, 0x31C7, 0x630C, 0x18C3, 0x0020, 0x0020, 0x0861, 0x1082, 0x10A2, 0x0020, 0x0020, 0x0020,
  0x10A2, 0x1062, 0x2104, 0x31A7, 0x31A7, 0x31A6, 0x39C7, 0x39C7, 0x39C7, 0x39C7, 0x39E8, 0x39E8, 0x4208, 0x3A08, 0x4208, 0x4229,
  0x4229, 0x4229, 0x4A49, 0x4A6A, 0x4249, 0x4A6A, 0x4A6A, 0x4A6A, 0x4A6A, 0x422A, 0x630C, 0x18E3, 0x0861, 0x2145, 0x18E3, 0x18E4,
  0x2104, 0x18E4, 0x18E4, 0x1904, 0x1904, 0x2104, 0x2124, 0x2104, 0x1904, 0x2124, 0x2104, 0x2104, 0x2104, 0x18E4, 0x0862, 0x2104,
  0x0841, 0x18C3, 0x18C3, 0x2104, 0x18E3, 0x1082, 0x0862, 0x2104, 0x2965, 0x1904, 0x2965, 0x10A3, 0x2104, 0x2945, 0x18E3, 0x31A6,
  0x2945, 0x18C3, 0x2965, 0x0861, 0x2945, 0x5AEB, 0x4A69, 0x630C, 0x1082, 0x18C3, 0x18E3, 0x2125, 0x18E4, 0x2104, 0x1904, 0x2125,
  0x2104, 0x2145, 0x2104, 0x2124, 0x2125, 0x18E4, 0x18E4, 0x528B, 0x31A7, 0x630C, 0x0862, 0x2125, 0x2946, 0x2123, 0x08C6, 0x30E5,
  0x6301, 0x6302, 0x6301, 0x3984, 0x00A6, 0x2945, 0x2125, 0x2145, 0x2145, 0x2945, 0x2945, 0x2145, 0x2945, 0x2965, 0x2945, 0x2945,
  0x2125, 0x2945, 0x2125, 0x2966, 0x2945, 0x31A7, 0x2124, 0x0020, 0x1082, 0x1082, 0x1082, 0x10A2, 0x1082, 0x10A2, 0x10A2, 0x10A2,
  0x10A3, 0x10A3, 0x10A3, 0x10A3, 0x18C3, 0x10A3, 0x10A3, 0x18E3, 0x18C3, 0x18A3, 0x18C3, 0x18E3, 0x18E4, 0x18E3, 0x18E4, 0x2104,
  0x18E3, 0x1082, 0x10A2, 0x0020, 0x0020, 0x0841, 0x0020, 0x1082, 0x10A2, 0x0021, 0x0000, 0x0841, 0x630C, 0x630C, 0x18E4, 0x0861,
  0x10A3, 0x2124, 0x2104, 0x2124, 0x2125, 0x2125, 0x2125, 0x2125, 0x2125, 0x2125, 0x2124, 0x2104, 0x2104, 0x18E4, 0x18E3, 0x10C3,
  0x10A2, 0x1082, 0x10A3, 0x2125, 0x630C, 0x630C, 0x630C, 0x52CB, 0x31C7, 0x18E4, 0x0861, 0x0861, 0x0861, 0x0861, 0x0861, 0x0861,
  0x1082, 0x1082, 0x1082, 0x1082, 0x1082, 0x0861, 0x0861, 0x0861, 0x0861, 0x0861, 0x0861, 0x0841, 0x0861, 0x0861, 0x0861, 0x0861,
  0x0861, 0x0861, 0x1082, 0x1082, 0x1082, 0x1082, 0x1082, 0x1082, 0x1082, 0x1082, 0x1082, 0x1082, 0x10A2, 0x1082, 0x10A2, 0x10A2,
  0x10A3, 0x10A2, 0x10A2, 0x18E3, 0x2966, 0x2966, 0x5ACB, 0x31A6, 0x0021, 0x0000, 0x0861, 0x10A2, 0x0861, 0x0841, 0x0020, 0x0020,
  0x1082, 0x10A2, 0x3186, 0x31A7, 0x31A7, 0x31A7, 0x39C7, 0x31C7, 0x39C7, 0x39C7, 0x39C7, 0x39E8, 0x4208, 0x4208, 0x4208, 0x4229,
  0x4229, 0x4229, 0x4A49, 0x4A4A, 0x4A49, 0x4A6A, 0x4A6A, 0x528B, 0x4229, 0x630C, 0x630C, 0x0000, 0x18E3, 0x18E3, 0x18E4, 0x18C3,
  0x18E3, 0x18E4, 0x18E3, 0x18E4, 0x1904, 0x2104, 0x2104, 0x2104, 0x18E4, 0x2104, 0x2104, 0x2124, 0x2124, 0x2104, 0x2124, 0x18E3,
  0x2125, 0x2124, 0x2104, 0x18E3, 0x18E4, 0x2104, 0x2945, 0x18E3, 0x18E4, 0x2945, 0x2145, 0x2125, 0x2124, 0x2945, 0x2125, 0x2125,
  0x2125, 0x2945, 0x1904, 0x2104, 0x2104, 0x630C, 0x630C, 0x630C, 0x2104, 0x2145, 0x2104, 0x2104, 0x2966, 0x2965, 0x2124, 0x2945,
  0x2945, 0x2104, 0x2125, 0x2945, 0x1904, 0x2965, 0x2124, 0x528A, 0x5ACB, 0x4A6A, 0x2104, 0x2125, 0x2125, 0x2125, 0x08A6, 0x3165,
  0x6301, 0x6301, 0x6301, 0x49E2, 0x08C5, 0x2925, 0x2125, 0x2144, 0x2124, 0x2125, 0x2145, 0x2945, 0x2125, 0x2145, 0x2124, 0x2125,
  0x2125, 0x2145, 0x2145, 0x2945, 0x2125, 0x2965, 0x3186, 0x18E3, 0x0861, 0x10A2, 0x10A2, 0x1082, 0x1082, 0x10A3, 0x1082, 0x10A2,
  0x18C3, 0x10A3, 0x10A3, 0x18C3, 0x10A3, 0x10A3, 0x18C3, 0x18C3, 0x18C3, 0x18C3, 0x18E3, 0x18E3, 0x18E3, 0x18E3, 0x18E4, 0x2104,
  0x2104, 0x10A3, 0x1082, 0x0841, 0x0020, 0x0020, 0x0020, 0x0861, 0x10A2, 0x0021, 0x0000, 0x2945, 0x630C, 0x630C, 0x0020, 0x0862,
  0x18E3, 0x2145, 0x2124, 0x2104, 0x2124, 0x2124, 0x2124, 0x2124, 0x2125, 0x2125, 0x2125, 0x2125, 0x2104, 0x1904, 0x18E3, 0x18C3,
  0x18A3, 0x1082, 0x1082, 0x18E4, 0x5ACC, 0x630C, 0x630C, 0x630C, 0x4208, 0x2125, 0x0861, 0x0841, 0x0861, 0x0861, 0x0861, 0x0861,
  0x1082, 0x1082, 0x1082, 0x1082, 0x1082, 0x0861, 0x0861, 0x0861, 0x0861, 0x0861, 0x0861, 0x0861, 0x0861, 0x0861, 0x0861, 0x0861,
  0x0861, 0x0861, 0x1082, 0x1082, 0x1082, 0x1082, 0x1082, 0x1082, 0x1082, 0x1082, 0x1082, 0x1082, 0x10A2, 0x1082, 0x10A2, 0x10A2,
  0x10A2, 0x10A3, 0x10A3, 0x10C3, 0x3186, 0x2145, 0x4A4A, 0x2965, 0x0000, 0x0020, 0x0861, 0x1082, 0x0841, 0x0841, 0x0841, 0x0841,
  0x0882, 0x1904, 0x31A7, 0x31A7, 0x31A7, 0x31A7, 0x31A7, 0x31A7, 0x39C7, 0x39E8, 0x39C7, 0x39E8, 0x3A08, 0x3A08, 0x4208, 0x4229,
  0x4229, 0x4229, 0x4229, 0x4A49, 0x4A6A, 0x4A6A, 0x4A6A, 0x528B, 0x630C, 0x630C, 0x630C, 0x10A3, 0x18C3, 0x18C3, 0x18E3, 0x18C3,
  0x18C3, 0x2104, 0x20E4, 0x18E4, 0x20E4, 0x1904, 0x18E3, 0x18E4, 0x2104, 0x2104, 0x2124, 0x2124, 0x1904, 0x2124, 0x2145, 0x2104,
  0x2124, 0x2125, 0x2104, 0x2125, 0x2125, 0x2124, 0x2145, 0x2124, 0x2104, 0x2125, 0x2125, 0x2145, 0x2124, 0x2945, 0x2945, 0x2125,
  0x2125, 0x2124, 0x2145, 0x2965, 0x2145, 0x2945, 0x2966, 0x10A3, 0x2124, 0x2125, 0x2945, 0x2945, 0x2145, 0x2145, 0x2145, 0x2125,
  0x2945, 0x2965, 0x2125, 0x2124, 0x2945, 0x2945, 0x2124, 0x2945, 0x3186, 0x1904, 0x2145, 0x2945, 0x2124, 0x08C5, 0x41C2, 0x6301,
  0x5224, 0x6283, 0x6204, 0x6300, 0x6263, 0x08A5, 0x2125, 0x2124, 0x2124, 0x2104, 0x2124, 0x2125, 0x2124, 0x2104, 0x2945, 0x2124,
  0x2125, 0x2145, 0x2125, 0x2145, 0x2125, 0x2124, 0x2945, 0x2966, 0x0000, 0x1082, 0x10A2, 0x10A2, 0x10A3, 0x10A3, 0x10A2, 0x18C3,
  0x10A3, 0x18C3, 0x18C3, 0x18C3, 0x18C3, 0x18C3, 0x18E4, 0x18E3, 0x18E3, 0x18E3, 0x18E3, 0x18E3, 0x18C3, 0x18E4, 0x18E3, 0x1904,
  0x2125, 0x18E4, 0x1082, 0x1082, 0x0021, 0x0020, 0x0020, 0x0841, 0x10A2, 0x0841, 0x0000, 0x2104, 0x630C, 0x4A69, 0x0000, 0x1082,
  0x2124, 0x2145, 0x2125, 0x2124, 0x2124, 0x2125, 0x2124, 0x2125, 0x2125, 0x2125, 0x2125, 0x2125, 0x2124, 0x2104, 0x18E3, 0x18C3,
  0x18C3, 0x10A3, 0x1082, 0x18C3, 0x4A6A, 0x630C, 0x630C, 0x630C, 0x4A8A, 0x2966, 0x1082, 0x0841, 0x0841, 0x0861, 0x0861, 0x0861,
  0x1082, 0x1082, 0x1082, 0x1082, 0x1082, 0x1082, 0x1082, 0x0861, 0x0861, 0x0861, 0x0861, 0x0841, 0x0861, 0x0861, 0x0861, 0x0861,
  0x0861, 0x0861, 0x1082, 0x1082, 0x1082, 0x1082, 0x1082, 0x1082, 0x1082, 0x1082, 0x1082, 0x1082, 0x10A2, 0x10A2, 0x10A2, 0x10A2,
  0x10A3, 0x10A2, 0x10A3, 0x10A3, 0x3186, 0x2945, 0x39E8, 0x2966, 0x0000, 0x0020, 0x1082, 0x0861, 0x0020, 0x0020, 0x0841, 0x1082,
  0x10A3, 0x2986, 0x31C7, 0x3186, 0x31A7, 0x31A7, 0x39C7, 0x31A7, 0x39C7, 0x39C7, 0x39E8, 0x39E8, 0x4208, 0x4208, 0x4208, 0x4229,
  0x4229, 0x4A49, 0x4A49, 0x4A49, 0x4A49, 0x4A6A, 0x528B, 0x4A4A, 0x5AEC, 0x5AEC, 0x0841, 0x18E3, 0x18C3, 0x18C3, 0x10A3, 0x18C3,
  0x18E3, 0x2104, 0x18E4, 0x18E3, 0x18E4, 0x18E4, 0x18E3, 0x2104, 0x2104, 0x18E4, 0x2104, 0x2104, 0x18E4, 0x2104, 0x1904, 0x2104,
  0x18E4, 0x2124, 0x2104, 0x2124, 0x2124, 0x2124, 0x2104, 0x2104, 0x2125, 0x2104, 0x2125, 0x2125, 0x2125, 0x2945, 0x2125, 0x2945,
  0x2945, 0x2145, 0x2125, 0x2125, 0x2945, 0x18C3, 0x10A3, 0x2104, 0x2945, 0x2125, 0x2125, 0x2945, 0x2124, 0x2945, 0x2945, 0x2124,
  0x2145, 0x2124, 0x2945, 0x2125, 0x2145, 0x2945, 0x2125, 0x2104, 0x18E3, 0x1904, 0x2125, 0x2125, 0x2124, 0x0083, 0x62E2, 0x6300,
  0x0005, 0x08A4, 0x0064, 0x6301, 0x6302, 0x0085, 0x2125, 0x2125, 0x2124, 0x2124, 0x2104, 0x2104, 0x2104, 0x2124, 0x2125, 0x2124,
  0x2104, 0x2124, 0x2124, 0x1904, 0x2124, 0x2124, 0x2125, 0x2965, 0x0861, 0x0021, 0x10A2, 0x10A2, 0x10A3, 0x10A2, 0x18C3, 0x10A3,
  0x1082, 0x18E3, 0x18C3, 0x18C3, 0x18C3, 0x18C3, 0x18C3, 0x18E3, 0x18E3, 0x18E4, 0x18C3, 0x18E4, 0x18E4, 0x18E4, 0x18E4, 0x2104,
  0x2124, 0x2124, 0x18C3, 0x10A3, 0x0841, 0x0020, 0x0841, 0x0020, 0x1082, 0x0841, 0x0000, 0x18C3, 0x630B, 0x18C3, 0x0000, 0x18C3,
  0x2125, 0x2145, 0x2125, 0x2145, 0x2125, 0x2125, 0x2125, 0x2125, 0x2145, 0x2125, 0x2125, 0x2125, 0x2125, 0x2124, 0x18E4, 0x18E3,
  0x18C3, 0x10A2, 0x1082, 0x10A2, 0x4208, 0x630C, 0x5B0C, 0x5B0C, 0x52AB, 0x31A7, 0x1082, 0x0861, 0x0841, 0x0861, 0x0861, 0x0861,
  0x1082, 0x1082, 0x1082, 0x1082, 0x1082, 0x1082, 0x1082, 0x0861, 0x0861, 0x0861, 0x0841, 0x0841, 0x0861, 0x0861, 0x0861, 0x0861,
  0x0861, 0x0861, 0x1082, 0x1082, 0x1082, 0x1082, 0x1082, 0x1082, 0x1082, 0x1082, 0x1082, 0x1082, 0x10A2, 0x10A2, 0x10A2, 0x10A2,
  0x10A3, 0x10A2, 0x10A3, 0x10A2, 0x3186, 0x2986, 0x31A7, 0x4A49, 0x0021, 0x0020, 0x0861, 0x0840, 0x0020, 0x0020, 0x0861, 0x10A2,
  0x2124, 0x31C7, 0x31A6, 0x31A7, 0x31A7, 0x31A7, 0x39C7, 0x39C7, 0x39C7, 0x39E8, 0x39E8, 0x39E8, 0x4208, 0x4208, 0x4208, 0x4229,
  0x4229, 0x4A49, 0x4A49, 0x4A6A, 0x4A6A, 0x528A, 0x4A6A, 0x4A6A, 0x5AEB, 0x18E4, 0x0000, 0x10A2, 0x18C3, 0x18C3, 0x18E3, 0x18E3,
  0x18E3, 0x18E4, 0x18E4, 0x18E4, 0x18E4, 0x18E3, 0x18E4, 0x18E4, 0x18E4, 0x2104, 0x18E3, 0x1904, 0x2124, 0x18E4, 0x18E4, 0x2124,
  0x2104, 0x1904, 0x2104, 0x2104, 0x2104, 0x2104, 0x2124, 0x2124, 0x2124, 0x2124, 0x2124, 0x2945, 0x2124, 0x2104, 0x2145, 0x2124,
  0x2945, 0x2945, 0x2145, 0x2125, 0x2124, 0x2124, 0x2125, 0x2945, 0x2145, 0x2124, 0x2124, 0x2125, 0x2124, 0x2145, 0x2145, 0x2125,
  0x2125, 0x2124, 0x2145, 0x2124, 0x2125, 0x2124, 0x2125, 0x2124, 0x2125, 0x2124, 0x2124, 0x2104, 0x2124, 0x0085, 0x5AE3, 0x5AE1,
  0x0044, 0x2903, 0x18E4, 0x5AE1, 0x5AE2, 0x0084, 0x2125, 0x2104, 0x2104, 0x2104, 0x18E4, 0x2104, 0x2104, 0x18E4, 0x18E4, 0x2125,
  0x2104, 0x2125, 0x2124, 0x2124, 0x2104, 0x2104, 0x2124, 0x2945, 0x18E4, 0x0000, 0x0841, 0x18C3, 0x18C3, 0x10A3, 0x18C3, 0x10A3,
  0x18C3, 0x10A3, 0x10A3, 0x18C3, 0x18C3, 0x10A3, 0x18C3, 0x18E3, 0x18E3, 0x18E4, 0x18E3, 0x18E3, 0x18E4, 0x1904, 0x1904, 0x2104,
  0x2124, 0x2145, 0x2104, 0x1082, 0x1082, 0x0841, 0x0841, 0x0020, 0x0861, 0x0841, 0x0000, 0x39E8, 0x5AEB, 0x0020, 0x0841, 0x18E3,
  0x2145, 0x2945, 0x2125, 0x2125, 0x2125, 0x2145, 0x2145, 0x2125, 0x2125, 0x2945, 0x2145, 0x2145, 0x2124, 0x2104, 0x18E4, 0x18E4,
  0x18E3, 0x10A2, 0x10A2, 0x10A2, 0x39C7, 0x5AEB, 0x5AEB, 0x5AEB, 0x5AEB, 0x39E8, 0x10A2, 0x0861, 0x0861, 0x0861, 0x0861, 0x0861,
  0x1082, 0x1082, 0x1082, 0x1082, 0x1082, 0x1082, 0x1082, 0x0861, 0x0861, 0x0861, 0x0841, 0x0841, 0x0841, 0x0861, 0x0861, 0x0861,
  0x0861, 0x0861, 0x1082, 0x1082, 0x1082, 0x10A2, 0x10A2, 0x1082, 0x1082, 0x1082, 0x1082, 0x1082, 0x10A2, 0x10A2, 0x10A2, 0x10A3,
  0x10A3, 0x10A3, 0x10A3, 0x10A2, 0x2966, 0x3186, 0x2986, 0x5AEB, 0x10C3, 0x0000, 0x0861, 0x0841, 0x0020, 0x0861, 0x18C3, 0x1082,
  0x31A6, 0x31A7, 0x3186, 0x31A7, 0x31A7, 0x31A7, 0x31C7, 0x31C7, 0x39C7, 0x39C7, 0x39E8, 0x39E8, 0x4208, 0x4208, 0x4229, 0x4229,
  0x4249, 0x4229, 0x4A6A, 0x4A6A, 0x4A6A, 0x4A8A, 0x4229, 0x5AEB, 0x39C7, 0x0000, 0x10A2, 0x10A2, 0x18C2, 0x18C3, 0x18C3, 0x18E3,
  0x18E3, 0x18C3, 0x18C3, 0x18E3, 0x18E4, 0x18E3, 0x2104, 0x18E3, 0x18E3, 0x2104, 0x18E4, 0x2104, 0x2104, 0x18E3, 0x2104, 0x2104,
  0x2124, 0x1904, 0x1904, 0x2104, 0x2125, 0x2124, 0x2124, 0x2104, 0x2104, 0x2124, 0x2124, 0x2104, 0x2104, 0x2104, 0x2125, 0x2104,
  0x2104, 0x2104, 0x2124, 0x2104, 0x2124, 0x2945, 0x2125, 0x2124, 0x2125, 0x2124, 0x2125, 0x2124, 0x2125, 0x2945, 0x2124, 0x2125,
  0x2125, 0x2125, 0x2945, 0x2125, 0x2124, 0x2104, 0x2104, 0x2125, 0x2124, 0x2124, 0x2104, 0x2125, 0x2104, 0x08A4, 0x5AE4, 0x5AE1,
  0x0044, 0x10A4, 0x0045, 0x5AE1, 0x5AE2, 0x0064, 0x2124, 0x18E4, 0x2104, 0x2104, 0x2104, 0x2125, 0x2104, 0x2104, 0x2104, 0x2104,
  0x2104, 0x2124, 0x2104, 0x2104, 0x2124, 0x2104, 0x2104, 0x2125, 0x2945, 0x10A3, 0x0000, 0x18C3, 0x10A3, 0x10A3, 0x10A3, 0x10A3,
  0x10A3, 0x10A3, 0x18C3, 0x18C3, 0x18C3, 0x18C3, 0x18E4, 0x18E4, 0x18E3, 0x18C3, 0x18E4, 0x18E4, 0x18E4, 0x1904, 0x2104, 0x2104,
  0x2104, 0x2124, 0x2945, 0x1082, 0x10A2, 0x1082, 0x0841, 0x0020, 0x0841, 0x0841, 0x0841, 0x5AEB, 0x4A6A, 0x0000, 0x0841, 0x2104,
  0x2945, 0x2945, 0x2145, 0x2945, 0x2945, 0x2145, 0x2125, 0x2125, 0x2145, 0x2945, 0x2145, 0x2945, 0x2125, 0x2124, 0x1904, 0x18E3,
  0x18C3, 0x10A3, 0x10A2, 0x10A2, 0x2966, 0x52AB, 0x5AEB, 0x5AEB, 0x5AEB, 0x4A6A, 0x18C3, 0x0861, 0x0841, 0x0861, 0x0861, 0x0861,
  0x1082, 0x1082, 0x1082, 0x1082, 0x1082, 0x1082, 0x0861, 0x0861, 0x0861, 0x0861, 0x0861, 0x0861, 0x0861, 0x0861, 0x0861, 0x0861,
  0x0861, 0x1082, 0x1082, 0x1082, 0x1082, 0x0861, 0x0861, 0x1082, 0x1082, 0x1082, 0x1082, 0x1082, 0x10A2, 0x10A2, 0x10A2, 0x10A3,
  0x10A3, 0x10A3, 0x10A3, 0x10A2, 0x2945, 0x31A6, 0x2986, 0x5AEB, 0x31A7, 0x0020, 0x0861, 0x0841, 0x0021, 0x18C3, 0x10A3, 0x1082,
  0x31A7, 0x31A6, 0x3186, 0x31A7, 0x31A7, 0x31A7, 0x39C7, 0x39C7, 0x39C7, 0x39E8, 0x39E8, 0x39E8, 0x4208, 0x4208, 0x4208, 0x4229,
  0x4229, 0x4249, 0x4A6A, 0x4A6A, 0x528A, 0x4249, 0x5AEB, 0x5ACB, 0x0000, 0x10A2, 0x18C3, 0x18C3, 0x18C3, 0x18C3, 0x18C3, 0x18E3,
  0x18C3, 0x18C3, 0x18E3, 0x18E4, 0x18E3, 0x18E3, 0x18E3, 0x18E3, 0x18C3, 0x2104, 0x18E3, 0x18E4, 0x18E3, 0x18E4, 0x18E4, 0x1904,
  0x2104, 0x2104, 0x2104, 0x1904, 0x2124, 0x2124, 0x18E3, 0x1904, 0x2124, 0x2104, 0x2104, 0x2104, 0x2124, 0x2125, 0x2125, 0x2124,
  0x2104, 0x2124, 0x2124, 0x2124, 0x2125, 0x2125, 0x2124, 0x2125, 0x2124, 0x2125, 0x2125, 0x2124, 0x2124, 0x2945, 0x2124, 0x2124,
  0x2145, 0x2125, 0x2124, 0x2124, 0x2104, 0x2124, 0x2104, 0x2125, 0x2104, 0x2104, 0x18E4, 0x2124, 0x2104, 0x0084, 0x5A23, 0x5AC0,
  0x3163, 0x49E4, 0x39A4, 0x5AC0, 0x5AA2, 0x0064, 0x2124, 0x2104, 0x1904, 0x2104, 0x2124, 0x2104, 0x2104, 0x2104, 0x2104, 0x1904,
  0x2104, 0x2124, 0x2104, 0x18E4, 0x2104, 0x18E4, 0x2104, 0x2124, 0x2124, 0x2945, 0x1082, 0x10A3, 0x18C3, 0x10A3, 0x10A3, 0x18C3,
  0x18C3, 0x18C3, 0x18C3, 0x18C3, 0x18C3, 0x18E3, 0x18E3, 0x18E3, 0x18E4, 0x18E4, 0x1904, 0x1904, 0x1904, 0x2104, 0x2104, 0x2124,
  0x2104, 0x2104, 0x2945, 0x10A3, 0x0882, 0x10A2, 0x0841, 0x0020, 0x0841, 0x0061, 0x31A6, 0x5ACB, 0x18C3, 0x0000, 0x0861, 0x2125,
  0x2925, 0x2145, 0x2125, 0x2945, 0x2945, 0x2945, 0x2125, 0x2945, 0x2945, 0x2945, 0x2145, 0x2965, 0x2986, 0x2986, 0x2966, 0x2945,
  0x18C3, 0x18C3, 0x10A2, 0x1082, 0x2945, 0x4A6A, 0x5ACB, 0x5AEB, 0x5ACB, 0x52CB, 0x18E4, 0x1082, 0x0861, 0x0861, 0x0861, 0x0861,
  0x1082, 0x1082, 0x1082, 0x1082, 0x1082, 0x1082, 0x0861, 0x0861, 0x0861, 0x0861, 0x0861, 0x0861, 0x0861, 0x0861, 0x0861, 0x0861,
  0x0861, 0x0861, 0x1082, 0x1082, 0x0861, 0x0020, 0x0020, 0x0020, 0x1082, 0x10A2, 0x10A2, 0x1082, 0x10A2, 0x10A2, 0x10A3, 0x18C3,
  0x18C3, 0x18C3, 0x18C3, 0x10A3, 0x2124, 0x31A6, 0x2986, 0x5ACB, 0x528A, 0x10A3, 0x0841, 0x0021, 0x0841, 0x18C3, 0x1082, 0x2104,
  0x31A6, 0x31A6, 0x2986, 0x31A7, 0x3186, 0x31A7, 0x39C7, 0x39C7, 0x39C7, 0x39E8, 0x39E8, 0x3A08, 0x4208, 0x4208, 0x4208, 0x4229,
  0x4249, 0x4A6A, 0x4A49, 0x4A8A, 0x528B, 0x5ACB, 0x5ACB, 0x5ACB, 0x0861, 0x18C3, 0x10A3, 0x18C3, 0x18C3, 0x18C3, 0x18E4, 0x18E3,
  0x18C3, 0x18E3, 0x18E3, 0x18E3, 0x18E3, 0x18E4, 0x18E4, 0x18E4, 0x18E3, 0x2104, 0x18C3, 0x18E3, 0x18E4, 0x18E3, 0x18E3, 0x18E4,
  0x18E4, 0x2104, 0x2124, 0x18E4, 0x2104, 0x2104, 0x18E4, 0x2124, 0x2104, 0x2104, 0x2104, 0x2104, 0x2104, 0x2104, 0x2125, 0x2124,
  0x2124, 0x2124, 0x2124, 0x2125, 0x2104, 0x2124, 0x2125, 0x2104, 0x2124, 0x2124, 0x2125, 0x2125, 0x2104, 0x1904, 0x2124, 0x18E4,
  0x2124, 0x18E4, 0x2124, 0x2125, 0x1904, 0x2125, 0x2125, 0x2124, 0x2124, 0x2104, 0x2104, 0x2104, 0x2104, 0x10C4, 0x00A5, 0x5AA2,
  0x5AC1, 0x5AC1, 0x5AC1, 0x5AC2, 0x18C4, 0x18E4, 0x1904, 0x18E4, 0x18E4, 0x18E4, 0x2104, 0x18E4, 0x2104, 0x18E4, 0x18E4, 0x1904,
  0x2104, 0x2104, 0x2104, 0x2104, 0x2104, 0x2104, 0x2104, 0x2104, 0x2124, 0x2965, 0x2125, 0x0841, 0x18C3, 0x18E3, 0x18C3, 0x18C3,
  0x18C3, 0x18C3, 0x18C3, 0x18C3, 0x18E3, 0x18E4, 0x18E4, 0x18C3, 0x18E4, 0x2104, 0x18E4, 0x18E4, 0x2104, 0x2104, 0x2104, 0x2124,
  0x2104, 0x2124, 0x2124, 0x2104, 0x0882, 0x1082, 0x0861, 0x0821, 0x0000, 0x1904, 0x5ACB, 0x5ACB, 0x0000, 0x0841, 0x1082, 0x2945,
  0x2945, 0x2125, 0x2945, 0x2945, 0x2945, 0x2966, 0x2945, 0x2945, 0x2945, 0x2965, 0x2986, 0x3186, 0x2125, 0x1082, 0x0861, 0x3186,
  0x3186, 0x18C3, 0x10A3, 0x1082, 0x2104, 0x39E8, 0x5ACB, 0x5ACB, 0x5ACB, 0x5ACB, 0x2125, 0x10A2, 0x0861, 0x0841, 0x0861, 0x0861,
  0x1082, 0x1082, 0x1082, 0x1082, 0x1082, 0x1082, 0x0861, 0x0861, 0x0861, 0x0861, 0x0861, 0x0861, 0x0861, 0x0861, 0x0861, 0x0861,
  0x0861, 0x0861, 0x1082, 0x0861, 0x0841, 0x10A2, 0x10A2, 0x0861, 0x0020, 0x0841, 0x0861, 0x18C3, 0x18C3, 0x10A3, 0x10A3, 0x18C3,
  0x18C3, 0x18C3, 0x18C3, 0x18C3, 0x1904, 0x31A6, 0x31A7, 0x4A8A, 0x5ACB, 0x39C7, 0x0000, 0x0021, 0x10A2, 0x1082, 0x18C3, 0x3186,
  0x2986, 0x3186, 0x3186, 0x31A7, 0x3186, 0x31A7, 0x31C7, 0x39C7, 0x39C7, 0x39E8, 0x39E8, 0x4208, 0x4208, 0x4229, 0x4229, 0x4A49,
  0x4A49, 0x4A6A, 0x4A6A, 0x52AB, 0x4A4A, 0x5ACB, 0x5ACB, 0x0862, 0x10A2, 0x1082, 0x18C3, 0x18C3, 0x10A3, 0x18C3, 0x18C3, 0x18E3,
  0x18C3, 0x18E3, 0x18E3, 0x18E3, 0x18C3, 0x18E3, 0x18E4, 0x18E4, 0x18E4, 0x18E4, 0x18E4, 0x18E4, 0x18E4, 0x18E4, 0x18E3, 0x18E3,
  0x2104, 0x1904, 0x18E4, 0x18E4, 0x18E4, 0x18E3, 0x2124, 0x2104, 0x2104, 0x2124, 0x1904, 0x2104, 0x2104, 0x2104, 0x2124, 0x2124,
  0x2104, 0x2104, 0x2104, 0x2104, 0x1904, 0x2125, 0x2104, 0x2104, 0x2124, 0x2124, 0x2125, 0x2125, 0x2125, 0x2104, 0x2124, 0x2104,
  0x2124, 0x2104, 0x2124, 0x2124, 0x2104, 0x2104, 0x2104, 0x2124, 0x2104, 0x2104, 0x2124, 0x18E4, 0x18E3, 0x2144, 0x1104, 0x0065,
  0x41C2, 0x49A2, 0x49A4, 0x0084, 0x10C5, 0x2124, 0x2104, 0x18E4, 0x2104, 0x2104, 0x2104, 0x2104, 0x18E4, 0x18E4, 0x2104, 0x2104,
  0x2104, 0x2104, 0x2104, 0x2104, 0x2104, 0x2104, 0x18E4, 0x18E3, 0x18E3, 0x18E4, 0x2945, 0x0020, 0x1082, 0x2124, 0x10A3, 0x18C3,
  0x18C3, 0x18C3, 0x18C3, 0x18E3, 0x18E3, 0x18E4, 0x18E3, 0x1904, 0x18E4, 0x18E4, 0x2104, 0x18E4, 0x2104, 0x2124, 0x2104, 0x2104,
  0x2124, 0x2124, 0x2124, 0x2945, 0x18E4, 0x0862, 0x1082, 0x0841, 0x0000, 0x5ACB, 0x5ACB, 0x5ACB, 0x0000, 0x0861, 0x10A2, 0x2945,
  0x2945, 0x2945, 0x2966, 0x2966, 0x2966, 0x2945, 0x2125, 0x2945, 0x31C7, 0x39C7, 0x2966, 0x0841, 0x0000, 0x0861, 0x10A2, 0x1082,
  0x31C7, 0x10A3, 0x18A3, 0x1082, 0x18C3, 0x3186, 0x5ACB, 0x5ACB, 0x5ACB, 0x5ACB, 0x2966, 0x10A2, 0x0861, 0x0861, 0x0861, 0x0861,
  0x1082, 0x1082, 0x1082, 0x1082, 0x1082, 0x1082, 0x0861, 0x0861, 0x0861, 0x0841, 0x0841, 0x0841, 0x0861, 0x0861, 0x0861, 0x0861,
  0x0861, 0x0861, 0x1082, 0x0861, 0x1082, 0x10A2, 0x10A2, 0x10A2, 0x1082, 0x0841, 0x0020, 0x0841, 0x1082, 0x18C3, 0x18E3, 0x18C3,
  0x10A3, 0x10A3, 0x18C3, 0x18C3, 0x18E3, 0x3186, 0x31C7, 0x31C7, 0x5ACA, 0x52CA, 0x0021, 0x10A2, 0x18E4, 0x10A2, 0x2965, 0x3186,
  0x3186, 0x2966, 0x3186, 0x31A7, 0x31A7, 0x31A7, 0x39C7, 0x39E8, 0x39E8, 0x39E8, 0x39E8, 0x3A08, 0x4208, 0x4208, 0x4229, 0x4A49,
  0x4249, 0x4A6A, 0x528A, 0x4A4A, 0x52AA, 0x5ACA, 0x0862, 0x0000, 0x0841, 0x0861, 0x0862, 0x0862, 0x0862, 0x1082, 0x1082, 0x1082,
  0x10A2, 0x10A3, 0x10A3, 0x10A3, 0x18C3, 0x18C3, 0x18C3, 0x18E4, 0x18C3, 0x18C3, 0x18E4, 0x18C3, 0x18C3, 0x18E4, 0x18C3, 0x18E4,
  0x1904, 0x18E3, 0x18E3, 0x18E4, 0x1904, 0x2104, 0x2104, 0x2104, 0x2104, 0x2124, 0x2124, 0x2124, 0x2125, 0x2124, 0x2104, 0x2124,
  0x2124, 0x2124, 0x2125, 0x2104, 0x2125, 0x2104, 0x2124, 0x2124, 0x2124, 0x2124, 0x2125, 0x2104, 0x2125, 0x2125, 0x2124, 0x2124,
  0x2104, 0x2124, 0x2124, 0x2104, 0x2104, 0x2104, 0x2125, 0x2104, 0x1904, 0x2104, 0x1904, 0x2124, 0x2104, 0x1904, 0x2903, 0x1923,
  0x0065, 0x0084, 0x0084, 0x18E4, 0x18E3, 0x18E4, 0x18E4, 0x18E4, 0x18E4, 0x18E4, 0x18C3, 0x18E3, 0x18C3, 0x18E3, 0x18E3, 0x18C3,
  0x18C3, 0x18C3, 0x10A3, 0x10A3, 0x10A3, 0x10A2, 0x10A2, 0x10A2, 0x0862, 0x0861, 0x1082, 0x0862, 0x0841, 0x18E3, 0x18C3, 0x18C3,
  0x18E3, 0x18C3, 0x18C3, 0x18C3, 0x18E4, 0x18E3, 0x18E4, 0x2104, 0x1904, 0x18E4, 0x2104, 0x2104, 0x2104, 0x2124, 0x2124, 0x2124,
  0x2125, 0x2125, 0x2945, 0x2945, 0x2945, 0x10A3, 0x1082, 0x0862, 0x0020, 0x52AB, 0x52AB, 0x52AB, 0x0000, 0x1081, 0x18C3, 0x2945,
  0x2125, 0x2966, 0x2945, 0x2125, 0x2125, 0x3187, 0x39C7, 0x39E8, 0x2104, 0x1082, 0x0020, 0x0862, 0x2104, 0x3186, 0x2966, 0x18C3,
  0x18E3, 0x18E3, 0x10A3, 0x10A2, 0x18C3, 0x2946, 0x4A8A, 0x5ACA, 0x52AA, 0x52AA, 0x2966, 0x18E3, 0x1082, 0x0841, 0x0861, 0x0861,
  0x1082, 0x1082, 0x1082, 0x1082, 0x1082, 0x1082, 0x0861, 0x0861, 0x0861, 0x0841, 0x0841, 0x0841, 0x0861, 0x0861, 0x0861, 0x0861,
  0x0861, 0x0862, 0x1082, 0x1082, 0x1082, 0x1082, 0x1082, 0x1082, 0x10A2, 0x18C3, 0x10A3, 0x0021, 0x0020, 0x0021, 0x10A2, 0x18C3,
  0x18E3, 0x18C3, 0x18C3, 0x18A3, 0x18C3, 0x2945, 0x39E7, 0x39C7, 0x52AA, 0x4A49, 0x10A2, 0x18E4, 0x10A3, 0x2125, 0x31A6, 0x3186,
  0x2986, 0x3186, 0x31A6, 0x31A7, 0x31A7, 0x39C7, 0x39E8, 0x39C7, 0x39C7, 0x39E8, 0x39E8, 0x3A08, 0x4208, 0x4229, 0x4229, 0x4A49,
  0x4A49, 0x4A6A, 0x4249, 0x52AA, 0x52AA, 0x10A2, 0x0000, 0x0020, 0x0000, 0x0020, 0x0021, 0x0020, 0x0841, 0x0841, 0x0841, 0x0841,
  0x0861, 0x0861, 0x0861, 0x0861, 0x1082, 0x1082, 0x0861, 0x1082, 0x1082, 0x1082, 0x10A2, 0x1082, 0x1082, 0x10A2, 0x10A2, 0x10A2,
  0x10A3, 0x18C3, 0x18C3, 0x18C3, 0x18E3, 0x18E3, 0x18C3, 0x18C3, 0x18C3, 0x18E3, 0x2104, 0x2104, 0x18E3, 0x18E3, 0x2104, 0x18E3,
  0x2104, 0x2104, 0x18E4, 0x18E4, 0x2104, 0x18E4, 0x2104, 0x2104, 0x2104, 0x18E4, 0x18E4, 0x2104, 0x18E4, 0x1904, 0x2104, 0x1904,
  0x2104, 0x18E4, 0x18E3, 0x18E3, 0x18E3, 0x18E3, 0x18E4, 0x18E4, 0x18E4, 0x18E3, 0x18E3, 0x18E4, 0x18E4, 0x18C3, 0x18C3, 0x10A2,
  0x18E3, 0x18E3, 0x18E2, 0x10A3, 0x10A2, 0x10C3, 0x10A2, 0x10A2, 0x1082, 0x1082, 0x1082, 0x1082, 0x0882, 0x1082, 0x1082, 0x0861,
  0x0861, 0x0861, 0x0861, 0x0841, 0x0841, 0x0021, 0x0021, 0x0841, 0x0021, 0x0841, 0x0020, 0x0841, 0x0020, 0x0841, 0x2945, 0x18C3,
  0x10A3, 0x18E3, 0x18C3, 0x18E3, 0x18E3, 0x18E4, 0x2104, 0x18E3, 0x1904, 0x1904, 0x2104, 0x2104, 0x2104, 0x2124, 0x2124, 0x2124,
  0x2125, 0x2125, 0x2125, 0x2945, 0x2986, 0x2945, 0x0861, 0x1082, 0x0841, 0x52AA, 0x52AA, 0x52AA, 0x0841, 0x10A2, 0x2104, 0x2945,
  0x2945, 0x2945, 0x2145, 0x31A6, 0x39E8, 0x39C7, 0x2945, 0x10A3, 0x0000, 0x0861, 0x18E4, 0x3186, 0x2986, 0x2966, 0x2124, 0x2145,
  0x18C3, 0x2966, 0x10A2, 0x10C3, 0x18C3, 0x2125, 0x4208, 0x52AA, 0x52AA, 0x52AA, 0x39C7, 0x2104, 0x1082, 0x1082, 0x10A2, 0x10A2,
  0x18C3, 0x18C3, 0x18C3, 0x18E3, 0x18C3, 0x18C3, 0x1082, 0x0861, 0x0861, 0x0841, 0x0861, 0x0861, 0x0841, 0x0841, 0x0861, 0x0861,
  0x0861, 0x0862, 0x1082, 0x1082, 0x1082, 0x1082, 0x1082, 0x1082, 0x1082, 0x1082, 0x18C3, 0x10A3, 0x10A2, 0x0862, 0x0020, 0x0021,
  0x0861, 0x18C3, 0x18E4, 0x18E4, 0x10C3, 0x2104, 0x3186, 0x52AA, 0x31A6, 0x10A2, 0x18E4, 0x18C3, 0x10A3, 0x2986, 0x3186, 0x2966,
  0x2966, 0x3186, 0x31A7, 0x31A7, 0x31A7, 0x31A7, 0x39C7, 0x39E8, 0x39E8, 0x39E8, 0x3A08, 0x4229, 0x3A08, 0x4208, 0x4229, 0x4A49,
  0x4A6A, 0x4A6A, 0x52AA, 0x52AA, 0x52AA, 0x0000, 0x0000, 0x0000, 0x0000, 0x0020, 0x0020, 0x0020, 0x0020, 0x0020, 0x0020, 0x0020,
  0x0020, 0x0020, 0x0020, 0x0020, 0x0020, 0x0020, 0x0841, 0x0020, 0x0840, 0x0841, 0x0841, 0x0841, 0x0841, 0x0841, 0x0841, 0x0841,
  0x0841, 0x0861, 0x0861, 0x0861, 0x0861, 0x0861, 0x0861, 0x1082, 0x0861, 0x0861, 0x1082, 0x1082, 0x0861, 0x1082, 0x1082, 0x1082,
  0x1082, 0x1082, 0x1082, 0x10A2, 0x1082, 0x10A2, 0x1082, 0x1082, 0x10A2, 0x10A2, 0x1082, 0x1082, 0x1082, 0x1082, 0x1082, 0x1082,
  0x10A2, 0x10A2, 0x1082, 0x1082, 0x1082, 0x1082, 0x1082, 0x1082, 0x1082, 0x0861, 0x0861, 0x0861, 0x0861, 0x0861, 0x0861, 0x0841,
  0x0861, 0x0841, 0x0841, 0x0841, 0x0841, 0x0841, 0x0841, 0x0040, 0x0841, 0x0020, 0x0840, 0x0020, 0x0020, 0x0020, 0x0020, 0x0020,
  0x0020, 0x0020, 0x0000, 0x0000, 0x0020, 0x0000, 0x0000, 0x0000, 0x0020, 0x0020, 0x0020, 0x0000, 0x0000, 0x0000, 0x2986, 0x3186,
  0x10C3, 0x18E3, 0x18C3, 0x2104, 0x18E3, 0x2104, 0x18E4, 0x18E4, 0x18E4, 0x2104, 0x2104, 0x2104, 0x2104, 0x2125, 0x2125, 0x2145,
  0x2945, 0x2125, 0x2125, 0x2945, 0x2945, 0x3186, 0x1062, 0x0861, 0x1082, 0x0020, 0x10A2, 0x1082, 0x1082, 0x10C3, 0x2945, 0x2104,
  0x2986, 0x39C7, 0x4208, 0x39E7, 0x2945, 0x0841, 0x0020, 0x0841, 0x2945, 0x3186, 0x3186, 0x2965, 0x2945, 0x2945, 0x2125, 0x2125,
  0x2104, 0x31A6, 0x18E3, 0x10A2, 0x10A2, 0x18E4, 0x31C7, 0x52AA, 0x52AA, 0x52AA, 0x4209, 0x2104, 0x18E3, 0x1082, 0x0841, 0x0020,
  0x1082, 0x0841, 0x0020, 0x0020, 0x0020, 0x0861, 0x0841, 0x0861, 0x0861, 0x0841, 0x0841, 0x0861, 0x0841, 0x0841, 0x0861, 0x0861,
  0x0861, 0x0862, 0x1082, 0x1082, 0x1082, 0x1082, 0x1082, 0x1082, 0x1082, 0x1082, 0x1082, 0x10A2, 0x10A3, 0x18E3, 0x10A3, 0x0862,
  0x0841, 0x0020, 0x0862, 0x10A2, 0x18E4, 0x1904, 0x3186, 0x4229, 0x0841, 0x1082, 0x18E3, 0x18C3, 0x2104, 0x2965, 0x2966, 0x2966,
  0x3186, 0x3186, 0x3186, 0x31A7, 0x31A7, 0x31A7, 0x39C7, 0x39E8, 0x39E8, 0x39E8, 0x4208, 0x4208, 0x4229, 0x4229, 0x4A49, 0x4A6A,
  0x4A49, 0x4A8A, 0x52AA, 0x52AA, 0x0841, 0x0000, 0x0020, 0x0020, 0x0020, 0x0020, 0x0020, 0x0020, 0x0020, 0x0020, 0x0020, 0x0020,
  0x0020, 0x0020, 0x0020, 0x0020, 0x0020, 0x0020, 0x0020, 0x0020, 0x0020, 0x0020, 0x0020, 0x0020, 0x0020, 0x0020, 0x0020, 0x0020,
  0x0020, 0x0020, 0x0020, 0x0841, 0x0020, 0x0020, 0x0020, 0x0020, 0x0020, 0x0020, 0x0020, 0x0020, 0x0841, 0x0841, 0x0020, 0x0841,
  0x0020, 0x0841, 0x0020, 0x0841, 0x0020, 0x0841, 0x0020, 0x0841, 0x0841, 0x0841, 0x0841, 0x0841, 0x0841, 0x0841, 0x0841, 0x0841,
  0x0841, 0x0020, 0x0020, 0x0841, 0x0020, 0x0020, 0x0020, 0x0841, 0x0020, 0x0020, 0x0020, 0x0020, 0x0020, 0x0020, 0x0020, 0x0020,
  0x0020, 0x0020, 0x0000, 0x0020, 0x0020, 0x0020, 0x0000, 0x0000, 0x0020, 0x0000, 0x0000, 0x0020, 0x0020, 0x0020, 0x0000, 0x0020,
  0x0020, 0x0020, 0x0020, 0x0020, 0x0020, 0x0020, 0x0020, 0x0020, 0x0020, 0x0020, 0x0841, 0x0020, 0x0020, 0x0020, 0x1082, 0x39E7,
  0x39E7, 0x18C3, 0x18C3, 0x18E3, 0x2104, 0x20E4, 0x18E4, 0x2104, 0x1904, 0x2104, 0x2124, 0x2124, 0x2124, 0x2125, 0x2125, 0x2945,
  0x2145, 0x2125, 0x2945, 0x2945, 0x2945, 0x2966, 0x2124, 0x1082, 0x1082, 0x0841, 0x0000, 0x0861, 0x1082, 0x10A3, 0x3186, 0x4208,
  0x4229, 0x39E8, 0x10C3, 0x0841, 0x0000, 0x18C3, 0x2125, 0x2986, 0x3186, 0x2966, 0x2965, 0x2945, 0x2945, 0x2945, 0x2945, 0x2125,
  0x2124, 0x2966, 0x2965, 0x1082, 0x10A2, 0x18C3, 0x3186, 0x52AA, 0x52AA, 0x52AA, 0x52AA, 0x4208, 0x18E3, 0x0000, 0x0000, 0x0861,
  0x0000, 0x0862, 0x0861, 0x18C3, 0x2104, 0x0000, 0x0000, 0x0000, 0x0020, 0x0841, 0x0841, 0x0841, 0x0841, 0x0861, 0x0861, 0x0861,
  0x0861, 0x0862, 0x1082, 0x1082, 0x1082, 0x1082, 0x1082, 0x1082, 0x1082, 0x10A2, 0x10A2, 0x10A2, 0x10A3, 0x10A3, 0x18C3, 0x18E3,
  0x18E3, 0x1082, 0x0841, 0x0020, 0x0041, 0x1082, 0x2966, 0x18C3, 0x10A3, 0x1904, 0x18E4, 0x2104, 0x2145, 0x2945, 0x2965, 0x2966,
  0x3186, 0x2986, 0x3186, 0x3186, 0x31A7, 0x39C7, 0x39C7, 0x39E8, 0x39E8, 0x4208, 0x4208, 0x4208, 0x4229, 0x4A49, 0x4A49, 0x4A49,
  0x52AA, 0x52AA, 0x31A7, 0x0000, 0x0000, 0x0841, 0x0861, 0x0841, 0x0861, 0x0861, 0x0861, 0x0841, 0x0841, 0x0841, 0x0841, 0x0841,
  0x0841, 0x0841, 0x0841, 0x0841, 0x0841, 0x0841, 0x0841, 0x0841, 0x0841, 0x0020, 0x0020, 0x0020, 0x0020, 0x0020, 0x0020, 0x0020,
  0x0020, 0x0020, 0x0020, 0x0020, 0x0020, 0x0020, 0x0020, 0x0020, 0x0020, 0x0020, 0x0020, 0x0020, 0x0020, 0x0020, 0x0020, 0x0020,
  0x0020, 0x0020, 0x0020, 0x0020, 0x0020, 0x0000, 0x0020, 0x0020, 0x0020, 0x0020, 0x0020, 0x0020, 0x0020, 0x0020, 0x0020, 0x0020,
  0x0020, 0x0020, 0x0000, 0x0020, 0x0020, 0x0020, 0x0020, 0x0020, 0x0020, 0x0020, 0x0020, 0x0020, 0x0020, 0x0020, 0x0020, 0x0020,
  0x0020, 0x0020, 0x0020, 0x0020, 0x0020, 0x0020, 0x0020, 0x0020, 0x0020, 0x0020, 0x0020, 0x0841, 0x0841, 0x0841, 0x0841, 0x0841,
  0x0841, 0x0841, 0x0841, 0x0861, 0x0861, 0x0861, 0x0861, 0x0861, 0x0861, 0x0861, 0x1082, 0x1082, 0x0861, 0x0861, 0x0000, 0x0861,
  0x31C7, 0x3186, 0x18C3, 0x18C3, 0x2104, 0x18E4, 0x2104, 0x18E4, 0x2124, 0x2124, 0x2125, 0x2125, 0x2125, 0x2145, 0x2125, 0x2125,
  0x2125, 0x2145, 0x2945, 0x2945, 0x2945, 0x2966, 0x3186, 0x2945, 0x1082, 0x1082, 0x0862, 0x1082, 0x2104, 0x4249, 0x4228, 0x2945,
  0x1082, 0x0841, 0x1082, 0x18C3, 0x2125, 0x3186, 0x3186, 0x2966, 0x2966, 0x2965, 0x2965, 0x2945, 0x2945, 0x2945, 0x2945, 0x2125,
  0x2124, 0x2104, 0x3186, 0x18C3, 0x1082, 0x10A2, 0x2945, 0x528A, 0x52AA, 0x528A, 0x528A, 0x2125, 0x0000, 0x18C3, 0x52AA, 0x3186,
  0x0000, 0x4A6A, 0x31A6, 0x39E8, 0x528A, 0x0000, 0x528A, 0x0020, 0x0000, 0x0841, 0x0861, 0x0841, 0x0861, 0x0861, 0x0861, 0x0861,
  0x0861, 0x0862, 0x1082, 0x1082, 0x1082, 0x1082, 0x1082, 0x1082, 0x1082, 0x10A2, 0x1082, 0x10A3, 0x10A3, 0x10A3, 0x10A3, 0x18C3,
  0x18C3, 0x18E3, 0x18E3, 0x18C3, 0x0841, 0x0020, 0x0841, 0x18E4, 0x18E4, 0x1904, 0x2124, 0x2945, 0x2945, 0x2965, 0x2965, 0x2966,
  0x2966, 0x3186, 0x3186, 0x3186, 0x31C7, 0x39C7, 0x39C7, 0x39E8, 0x39E8, 0x4208, 0x4229, 0x4229, 0x4249, 0x4A49, 0x4A49, 0x528A,
  0x528A, 0x528A, 0x0000, 0x0020, 0x0861, 0x0861, 0x1082, 0x0861, 0x1082, 0x1082, 0x1082, 0x1082, 0x1082, 0x1082, 0x1082, 0x1082,
  0x0862, 0x1082, 0x1082, 0x0861, 0x0861, 0x0862, 0x0861, 0x0861, 0x0861, 0x0861, 0x0861, 0x0861, 0x0861, 0x0861, 0x0861, 0x0861,
  0x0861, 0x0861, 0x0861, 0x0861, 0x0861, 0x0861, 0x0861, 0x0861, 0x0861, 0x0861, 0x0861, 0x0841, 0x0861, 0x0861, 0x0841, 0x0861,
  0x0861, 0x0861, 0x0861, 0x0861, 0x0861, 0x0841, 0x0841, 0x0861, 0x0861, 0x0861, 0x0861, 0x0861, 0x0841, 0x0861, 0x0861, 0x0861,
  0x0841, 0x0861, 0x0861, 0x0861, 0x0861, 0x0861, 0x0861, 0x0861, 0x0861, 0x0861, 0x0861, 0x0861, 0x0861, 0x0861, 0x0861, 0x0861,
  0x0861, 0x0861, 0x0861, 0x0861, 0x0861, 0x0861, 0x1082, 0x0862, 0x1082, 0x1082, 0x1082, 0x1082, 0x1082, 0x1082, 0x1082, 0x10A2,
  0x10A2, 0x10A2, 0x1082, 0x1082, 0x10A2, 0x10A2, 0x10A2, 0x10A2, 0x10A2, 0x10A2, 0x10A2, 0x10A2, 0x10A2, 0x10A2, 0x1082, 0x0000,
  0x0000, 0x4A6A, 0x4228, 0x2104, 0x18E3, 0x2124, 0x2104, 0x2104, 0x2124, 0x2125, 0x2125, 0x2125, 0x2125, 0x2125, 0x2125, 0x2125,
  0x2945, 0x2145, 0x2945, 0x2945, 0x2945, 0x2965, 0x2966, 0x3166, 0x2946, 0x10A2, 0x1082, 0x1082, 0x18C3, 0x2125, 0x0882, 0x0021,
  0x0882, 0x1904, 0x2965, 0x2986, 0x31A6, 0x3186, 0x2986, 0x2965, 0x2966, 0x2966, 0x2966, 0x2945, 0x2945, 0x2945, 0x2145, 0x2145,
  0x2125, 0x18E4, 0x2966, 0x2104, 0x10A2, 0x10A2, 0x2124, 0x528A, 0x528A, 0x528A, 0x31C7, 0x0000, 0x0862, 0x0841, 0x4208, 0x18E3,
  0x0841, 0x2965, 0x2124, 0x18C3, 0x18E4, 0x0841, 0x528A, 0x1082, 0x0861, 0x0000, 0x0841, 0x0841, 0x0861, 0x0861, 0x0861, 0x0861,
  0x0861, 0x1082, 0x1082, 0x1082, 0x1082, 0x1082, 0x1082, 0x1082, 0x1082, 0x1082, 0x1082, 0x10A2, 0x10A2, 0x10A3, 0x10A3, 0x18C3,
  0x10C3, 0x18C3, 0x18C3, 0x18E4, 0x2104, 0x18E4, 0x18E3, 0x2104, 0x1904, 0x2104, 0x2125, 0x2145, 0x2965, 0x2945, 0x2945, 0x2966,
  0x2986, 0x3186, 0x31A7, 0x31A7, 0x31C7, 0x31C7, 0x39C7, 0x39C7, 0x39C7, 0x4208, 0x4209, 0x4229, 0x4249, 0x4208, 0x4A6A, 0x526A,
  0x526A, 0x0020, 0x0841, 0x1082, 0x1082, 0x0861, 0x1082, 0x1082, 0x1082, 0x1082, 0x1082, 0x1082, 0x1082, 0x1082, 0x1082, 0x1082,
  0x1082, 0x1082, 0x1082, 0x1082, 0x1082, 0x1082, 0x1082, 0x1082, 0x10A2, 0x10A2, 0x10A2, 0x10A2, 0x10A2, 0x10A2, 0x10A2, 0x10A2,
  0x10A2, 0x10A3, 0x10A3, 0x10A3, 0x10A3, 0x10A3, 0x10A3, 0x10A3, 0x10A3, 0x10A3, 0x10A3, 0x18C3, 0x18C3, 0x18C3, 0x18C3, 0x18C3,
  0x18C3, 0x18C3, 0x18C3, 0x18C3, 0x18C3, 0x10A3, 0x18C3, 0x18C3, 0x18C3, 0x18C3, 0x18C3, 0x18C3, 0x18C3, 0x18C3, 0x18C3, 0x18C3,
  0x18C3, 0x18C3, 0x18C3, 0x18C3, 0x18C3, 0x18C3, 0x18C3, 0x18C3, 0x18C3, 0x18C3, 0x18C3, 0x18C3, 0x18C3, 0x18C3, 0x18C3, 0x18C3,
  0x18C3, 0x18C3, 0x18C3, 0x18C3, 0x10A3, 0x10A3, 0x18C3, 0x10A3, 0x10A3, 0x18C3, 0x10A3, 0x10A3, 0x10A3, 0x10A3, 0x10A3, 0x10A3,
  0x10A3, 0x10A3, 0x10A3, 0x10A3, 0x10A3, 0x18C3, 0x18C3, 0x18C3, 0x18C3, 0x18C3, 0x10A3, 0x18C3, 0x18C3, 0x10A3, 0x10A2, 0x1082,
  0x0841, 0x18C3, 0x4229, 0x4A69, 0x10C3, 0x1904, 0x2104, 0x2104, 0x2104, 0x2104, 0x2125, 0x2145, 0x2125, 0x2125, 0x2145, 0x2945,
  0x2945, 0x2125, 0x2965, 0x2945, 0x2945, 0x2945, 0x2966, 0x2966, 0x3186, 0x2125, 0x18E4, 0x10C3, 0x10A3, 0x0861, 0x18C3, 0x2945,
  0x2966, 0x31A7, 0x2966, 0x2986, 0x3186, 0x3186, 0x2966, 0x2966, 0x2966, 0x2965, 0x2945, 0x2945, 0x2945, 0x2945, 0x2945, 0x2945,
  0x2125, 0x2104, 0x2945, 0x2945, 0x10A2, 0x10A2, 0x2104, 0x528A, 0x528A, 0x4A8A, 0x0000, 0x1082, 0x4A6A, 0x0000, 0x18C3, 0x10A3,
  0x2965, 0x10A2, 0x10A3, 0x18E3, 0x18C3, 0x2945, 0x1082, 0x18C3, 0x39E8, 0x0020, 0x0000, 0x0861, 0x0841, 0x0861, 0x0861, 0x0861,
  0x0861, 0x0861, 0x1082, 0x1082, 0x1082, 0x1082, 0x1082, 0x1082, 0x1082, 0x1082, 0x10A2, 0x10A2, 0x10A2, 0x10A3, 0x18C3, 0x10C3,
  0x10A3, 0x18C3, 0x18C3, 0x18E3, 0x18E4, 0x2104, 0x2104, 0x18E4, 0x1904, 0x2124, 0x2124, 0x2125, 0x2945, 0x2945, 0x2965, 0x2986,
  0x3186, 0x3186, 0x2986, 0x31A7, 0x31C7, 0x39C7, 0x39C7, 0x39E8, 0x39E8, 0x4208, 0x4229, 0x4A49, 0x39E8, 0x4A69, 0x4A89, 0x2986,
  0x0000, 0x0020, 0x0861, 0x0861, 0x0861, 0x0861, 0x1082, 0x1082, 0x1082, 0x1082, 0x1082, 0x1082, 0x1082, 0x1082, 0x1082, 0x1082,
  0x1082, 0x1082, 0x1082, 0x1082, 0x1082, 0x1082, 0x1082, 0x1082, 0x1082, 0x1082, 0x1082, 0x1082, 0x1082, 0x1082, 0x10A2, 0x10A2,
  0x10A2, 0x10A3, 0x10A3, 0x10A3, 0x10A3, 0x10A3, 0x10A3, 0x18C3, 0x18C3, 0x18C3, 0x18C3, 0x18C3, 0x18C3, 0x18C3, 0x18C3, 0x18C3,
  0x18C3, 0x18C3, 0x18C3, 0x18C3, 0x18C3, 0x18C3, 0x18C3, 0x18C3, 0x18C3, 0x18C3, 0x18C3, 0x18C3, 0x18C3, 0x18C3, 0x18C3, 0x18C3,
  0x18C3, 0x18C3, 0x18C3, 0x18C3, 0x18C3, 0x18C3, 0x18C3, 0x18C3, 0x18C3, 0x18C3, 0x18C3, 0x18C3, 0x18C3, 0x18C3, 0x18C3, 0x18C3,
  0x18C3, 0x18C3, 0x18C3, 0x10A3, 0x10A3, 0x10A2, 0x10A3, 0x10A3, 0x10A3, 0x10A3, 0x10A3, 0x10A3, 0x10A2, 0x1082, 0x10A2, 0x10A2,
  0x10A2, 0x10A2, 0x10A3, 0x10A3, 0x10A3, 0x10A3, 0x10A3, 0x10A3, 0x10A3, 0x10A3, 0x10A3, 0x10A3, 0x10A3, 0x10A3, 0x10A2, 0x1082,
  0x10A2, 0x0000, 0x0020, 0x31C7, 0x39E7, 0x10A3, 0x18E3, 0x2124, 0x2104, 0x2104, 0x2124, 0x2125, 0x2124, 0x2125, 0x2945, 0x2945,
  0x2145, 0x2945, 0x2966, 0x2966, 0x2966, 0x2966, 0x2966, 0x2986, 0x2966, 0x3186, 0x3186, 0x2965, 0x2965, 0x3186, 0x31A6, 0x3186,
  0x2986, 0x3186, 0x2966, 0x2986, 0x2966, 0x2966, 0x2966, 0x2966, 0x2966, 0x2945, 0x2945, 0x2945, 0x2945, 0x2945, 0x2945, 0x2145,
  0x2125, 0x18E4, 0x2104, 0x2966, 0x1082, 0x10A2, 0x1904, 0x5269, 0x5269, 0x4A69, 0x0000, 0x18E3, 0x31A6, 0x2104, 0x0862, 0x10A3,
  0x2104, 0x0000, 0x0000, 0x0021, 0x0000, 0x18E3, 0x0020, 0x10A3, 0x2104, 0x0020, 0x0000, 0x0841, 0x0841, 0x0861, 0x0861, 0x0861,
  0x0861, 0x0861, 0x1082, 0x1082, 0x1082, 0x1082, 0x1082, 0x1082, 0x1082, 0x1082, 0x10A2, 0x10A2, 0x10A2, 0x10A3, 0x10A3, 0x10A3,
  0x10C3, 0x18C3, 0x18C3, 0x18C3, 0x18E4, 0x18E4, 0x2104, 0x2104, 0x2104, 0x2124, 0x2125, 0x2125, 0x2145, 0x2965, 0x2966, 0x2966,
  0x3186, 0x3186, 0x3186, 0x39C7, 0x31C7, 0x39C7, 0x39C7, 0x39E8, 0x3A08, 0x4208, 0x4249, 0x4249, 0x4A69, 0x4A69, 0x4A69, 0x0000,
  0x0020, 0x1082, 0x0861, 0x0861, 0x1082, 0x0861, 0x1082, 0x1082, 0x1082, 0x1082, 0x1082, 0x1082, 0x1082, 0x1082, 0x1082, 0x1082,
  0x1082, 0x1082, 0x1082, 0x1082, 0x1082, 0x1082, 0x1082, 0x1082, 0x1082, 0x1082, 0x1082, 0x1082, 0x1082, 0x1082, 0x1082, 0x1082,
  0x1082, 0x1082, 0x1082, 0x1082, 0x1082, 0x1082, 0x1082, 0x10A2, 0x10A2, 0x10A2, 0x10A2, 0x10A2, 0x10A2, 0x10A2, 0x10A2, 0x1082,
  0x1082, 0x1082, 0x1082, 0x1082, 0x1082, 0x10A2, 0x1082, 0x1082, 0x1082, 0x1082, 0x1082, 0x1082, 0x1082, 0x1082, 0x1082, 0x1082,
  0x1082, 0x1082, 0x1082, 0x1082, 0x1082, 0x1082, 0x1082, 0x1082, 0x1082, 0x10A2, 0x10A2, 0x10A2, 0x10A2, 0x1082, 0x1082, 0x1082,
  0x1082, 0x1082, 0x1082, 0x1082, 0x1082, 0x1082, 0x10A2, 0x1082, 0x1082, 0x10A2, 0x1082, 0x1082, 0x1082, 0x1082, 0x10A2, 0x10A2,
  0x10A2, 0x10A2, 0x10A2, 0x10A2, 0x10A2, 0x10A3, 0x10A2, 0x10A2, 0x10A3, 0x10A3, 0x10A3, 0x10A2, 0x10A2, 0x10A3, 0x10A2, 0x10A2,
  0x10A2, 0x1082, 0x0020, 0x0000, 0x4A69, 0x4A49, 0x18E4, 0x2945, 0x2945, 0x2125, 0x2125, 0x2945, 0x2945, 0x2945, 0x2945, 0x2945,
  0x2965, 0x2945, 0x2945, 0x2966, 0x3186, 0x2966, 0x2966, 0x2986, 0x3186, 0x3186, 0x3186, 0x31A6, 0x31A6, 0x3186, 0x3186, 0x3186,
  0x2986, 0x3186, 0x2986, 0x2986, 0x2966, 0x2966, 0x2966, 0x2966, 0x2966, 0x2945, 0x2966, 0x2945, 0x2125, 0x2145, 0x2945, 0x2945,
  0x2945, 0x2104, 0x18E4, 0x2986, 0x1082, 0x18C3, 0x18E3, 0x4A69, 0x4A69, 0x4A69, 0x0000, 0x0841, 0x0000, 0x2966, 0x0000, 0x1082,
  0x2965, 0x10A3, 0x18C3, 0x18E3, 0x1082, 0x2124, 0x0841, 0x1082, 0x10A3, 0x0000, 0x0000, 0x0020, 0x0841, 0x0861, 0x0861, 0x0861,
  0x0861, 0x0861, 0x1082, 0x1082, 0x1082, 0x1082, 0x1082, 0x1082, 0x1082, 0x1082, 0x10A2, 0x10A2, 0x10A2, 0x10A2, 0x10A3, 0x10A3,
  0x10C3, 0x18C3, 0x18C3, 0x18E3, 0x18E4, 0x18E4, 0x2104, 0x2124, 0x2124, 0x2124, 0x2125, 0x2945, 0x2945, 0x2945, 0x2966, 0x3186,
  0x31A7, 0x31A7, 0x31A7, 0x31C7, 0x31A7, 0x31C7, 0x39E8, 0x39E8, 0x39E8, 0x4229, 0x4229, 0x39C7, 0x4A69, 0x4A69, 0x0021, 0x0841,
  0x1061, 0x1061, 0x0881, 0x1082, 0x1082, 0x0861, 0x1082, 0x1082, 0x1082, 0x1082, 0x1082, 0x1082, 0x1082, 0x1082, 0x1082, 0x1082,
  0x1082, 0x1082, 0x1082, 0x1082, 0x1082, 0x1082, 0x1082, 0x1082, 0x1082, 0x1082, 0x1082, 0x1082, 0x1082, 0x1082, 0x1082, 0x1082,
  0x1082, 0x1082, 0x1082, 0x1082, 0x1082, 0x1082, 0x1082, 0x1082, 0x1082, 0x1082, 0x1082, 0x1082, 0x1082, 0x1082, 0x1082, 0x1082,
  0x1082, 0x1082, 0x1082, 0x1082, 0x1082, 0x1082, 0x1082, 0x1082, 0x1082, 0x1082, 0x1082, 0x1082, 0x1082, 0x1082, 0x1082, 0x1082,
  0x1082, 0x1082, 0x1082, 0x1082, 0x1082, 0x1082, 0x1082, 0x1082, 0x1082, 0x1082, 0x1082, 0x1082, 0x1082, 0x1082, 0x1082, 0x1082,
  0x1082, 0x1082, 0x1082, 0x1082, 0x1082, 0x1082, 0x10A2, 0x1082, 0x1082, 0x1082, 0x1082, 0x1082, 0x1082, 0x10A2, 0x10A2, 0x10A2,
  0x10A2, 0x10A2, 0x10A2, 0x10A2, 0x10A2, 0x10A2, 0x10A2, 0x10A2, 0x10A3, 0x10A3, 0x10A2, 0x10A2, 0x10A2, 0x10A2, 0x10A2, 0x10A3,
  0x10A3, 0x10A2, 0x10A3, 0x0021, 0x10C3, 0x4A69, 0x4A69, 0x18C3, 0x2965, 0x2945, 0x2945, 0x2965, 0x2945, 0x2945, 0x2965, 0x2945,
  0x2965, 0x2965, 0x2945, 0x2966, 0x3186, 0x2966, 0x2986, 0x3186, 0x3186, 0x3186, 0x3186, 0x3186, 0x3186, 0x2986, 0x3186, 0x3186,
  0x2986, 0x2966, 0x31A7, 0x2966, 0x2966, 0x2966, 0x2966, 0x2986, 0x2966, 0x2966, 0x2966, 0x2966, 0x2945, 0x2945, 0x2945, 0x2145,
  0x2945, 0x2125, 0x18E3, 0x2965, 0x1082, 0x10A2, 0x18C3, 0x4A69, 0x4A69, 0x2965, 0x1082, 0x10A2, 0x0020, 0x2945, 0x18C3, 0x18E3,
  0x0862, 0x2945, 0x2124, 0x2104, 0x2945, 0x18C3, 0x2945, 0x2104, 0x2104, 0x2104, 0x0020, 0x0000, 0x0861, 0x0861, 0x0861, 0x0861,
  0x0861, 0x0861, 0x1082, 0x1082, 0x1082, 0x1082, 0x1082, 0x1082, 0x1082, 0x1082, 0x10A2, 0x10A2, 0x10A2, 0x10A3, 0x18C3, 0x18C3,
  0x18C3, 0x10C3, 0x18C3, 0x18E4, 0x18E4, 0x18E4, 0x18E4, 0x2124, 0x2124, 0x2124, 0x2124, 0x2945, 0x2945, 0x2945, 0x2966, 0x3186,
  0x31A7, 0x31A7, 0x31A7, 0x31C7, 0x31C7, 0x39C7, 0x39E8, 0x39E8, 0x4208, 0x4208, 0x39C8, 0x4A69, 0x4A69, 0x0000, 0x0000, 0x1082,
  0x1061, 0x1081, 0x0882, 0x1082, 0x1082, 0x0862, 0x1082, 0x1082, 0x1082, 0x1082, 0x1082, 0x1082, 0x1082, 0x1082, 0x1082, 0x1082,
  0x1082, 0x1082, 0x1082, 0x1082, 0x1082, 0x1082, 0x1082, 0x1082, 0x1082, 0x1082, 0x1082, 0x1082, 0x1082, 0x1082, 0x1082, 0x1082,
  0x1082, 0x1082, 0x1082, 0x1082, 0x1082, 0x1082, 0x1082, 0x1082, 0x1082, 0x1082, 0x1082, 0x1082, 0x1082, 0x1082, 0x1082, 0x1082,
  0x1082, 0x1082, 0x1082, 0x1082, 0x1082, 0x1082, 0x1082, 0x1082, 0x1082, 0x1082, 0x1082, 0x1082, 0x1082, 0x1082, 0x1082, 0x1082,
  0x1082, 0x1082, 0x1082, 0x1082, 0x1082, 0x1082, 0x1082, 0x1082, 0x1082, 0x1082, 0x1082, 0x1082, 0x1082, 0x1082, 0x1082, 0x1082,
  0x1082, 0x1082, 0x1082, 0x1082, 0x1082, 0x1082, 0x1082, 0x1082, 0x1082, 0x1082, 0x1082, 0x1082, 0x1082, 0x1082, 0x1082, 0x1082,
  0x1082, 0x1082, 0x1082, 0x1082, 0x10A2, 0x10A2, 0x10A2, 0x10A3, 0x10A2, 0x10A2, 0x10A2, 0x10A2, 0x10A2, 0x10A2, 0x10A2, 0x10A2,
  0x10A3, 0x10A3, 0x10A3, 0x10A3, 0x0000, 0x0861, 0x4A69, 0x2966, 0x18E4, 0x2945, 0x2945, 0x2945, 0x2145, 0x2965, 0x2965, 0x2966,
  0x2966, 0x2966, 0x2966, 0x3186, 0x3186, 0x2966, 0x3186, 0x2986, 0x2986, 0x2966, 0x3186, 0x3186, 0x3186, 0x3186, 0x3186, 0x3186,
  0x3186, 0x2966, 0x2986, 0x2966, 0x2966, 0x2966, 0x2966, 0x2966, 0x2966, 0x2966, 0x2966, 0x2966, 0x2965, 0x2945, 0x2945, 0x2145,
  0x2145, 0x2125, 0x18E4, 0x2104, 0x18C3, 0x1082, 0x18C3, 0x4A69, 0x4A69, 0x1062, 0x10A2, 0x2125, 0x2125, 0x0841, 0x2966, 0x18C3,
  0x0000, 0x18E4, 0x18E3, 0x0861, 0x18E4, 0x0000, 0x2104, 0x0861, 0x0020, 0x18C3, 0x0000, 0x0000, 0x0861, 0x0861, 0x0861, 0x0861,
  0x0861, 0x0861, 0x1082, 0x1082, 0x1082, 0x1082, 0x1082, 0x1082, 0x1082, 0x1082, 0x10A2, 0x10A2, 0x10A3, 0x10A2, 0x10A3, 0x18C3,
  0x18C3, 0x18C3, 0x18C3, 0x18E3, 0x18E4, 0x18E4, 0x1904, 0x2104, 0x2104, 0x2104, 0x2125, 0x2145, 0x2145, 0x2966, 0x3186, 0x2966,
  0x3186, 0x31A7, 0x31A7, 0x39C7, 0x39C7, 0x39C7, 0x3A08, 0x39E8, 0x4208, 0x39E8, 0x4A49, 0x4A49, 0x0000, 0x0000, 0x0861, 0x0861,
  0x0861, 0x1082, 0x1082, 0x1082, 0x1082, 0x1082, 0x1082, 0x1082, 0x1082, 0x1082, 0x1082, 0x1082, 0x1082, 0x1082, 0x1082, 0x1082,
  0x1082, 0x1082, 0x1082, 0x1082, 0x1082, 0x1082, 0x1082, 0x1082, 0x1082, 0x1082, 0x1082, 0x1082, 0x1082, 0x1082, 0x1082, 0x1082,
  0x1082, 0x1082, 0x1082, 0x1082, 0x1082, 0x1082, 0x1082, 0x1082, 0x1082, 0x1082, 0x1082, 0x1082, 0x1082, 0x1082, 0x1082, 0x1082,
  0x1082, 0x1082, 0x1082, 0x1082, 0x1082, 0x1082, 0x1082, 0x1082, 0x1082, 0x1082, 0x1082, 0x1082, 0x1082, 0x1082, 0x1082, 0x1082,
  0x1082, 0x1082, 0x1082, 0x1082, 0x1082, 0x1082, 0x1082, 0x1082, 0x1082, 0x1082, 0x1082, 0x1082, 0x1082, 0x1082, 0x1082, 0x1082,
  0x1082, 0x1082, 0x1082, 0x1082, 0x1082, 0x1082, 0x1082, 0x1082, 0x1082, 0x1082, 0x1082, 0x1082, 0x1082, 0x1082, 0x1082, 0x1082,
  0x1082, 0x1082, 0x10A2, 0x10A2, 0x10A2, 0x1082, 0x10A2, 0x10A2, 0x10A2, 0x10A2, 0x10A2, 0x1082, 0x10A2, 0x10A2, 0x10A3, 0x10A3,
  0x10A3, 0x10A3, 0x10A3, 0x10A2, 0x1082, 0x0000, 0x0020, 0x4A49, 0x39E8, 0x1925, 0x2966, 0x2125, 0x2145, 0x2966, 0x2965, 0x2966,
  0x2966, 0x2966, 0x2966, 0x2986, 0x3186, 0x3186, 0x2986, 0x2966, 0x2966, 0x2986, 0x2986, 0x2986, 0x3186, 0x3186, 0x3186, 0x3186,
  0x3186, 0x3186, 0x3186, 0x3186, 0x2986, 0x3186, 0x2986, 0x2965, 0x2966, 0x2966, 0x2966, 0x2966, 0x2945, 0x2945, 0x2965, 0x2945,
  0x2945, 0x2125, 0x2104, 0x2104, 0x2104, 0x10A2, 0x18C3, 0x4A49, 0x4A49, 0x0000, 0x0000, 0x1082, 0x39C7, 0x0000, 0x2945, 0x18C3,
  0x2124, 0x2124, 0x2125, 0x2124, 0x2945, 0x18E3, 0x2125, 0x18E4, 0x0841, 0x0861, 0x0000, 0x0000, 0x0861, 0x0861, 0x0861, 0x0861,
  0x0861, 0x0861, 0x1082, 0x1082, 0x1082, 0x1082, 0x1082, 0x1082, 0x1082, 0x1082, 0x10A2, 0x10A2, 0x10A2, 0x10A2, 0x10A3, 0x18C3,
  0x18C3, 0x18E3, 0x18E3, 0x18C3, 0x18E4, 0x18E4, 0x1904, 0x2104, 0x2104, 0x2104, 0x2945, 0x2945, 0x2945, 0x2966, 0x2966, 0x2986,
  0x3186, 0x31A7, 0x31A7, 0x31A7, 0x39C7, 0x39C7, 0x4208, 0x4208, 0x3A08, 0x4A49, 0x4A49, 0x2945, 0x0020, 0x0861, 0x1082, 0x1082,
  0x1082, 0x1082, 0x1082, 0x1082, 0x1082, 0x1082, 0x1082, 0x1082, 0x1082, 0x1082, 0x1082, 0x1082, 0x1082, 0x1082, 0x1082, 0x1082,
  0x1082, 0x1082, 0x1082, 0x1082, 0x1082, 0x1082, 0x1082, 0x1082, 0x1082, 0x1082, 0x1082, 0x1082, 0x1082, 0x1082, 0x1082, 0x1082,
  0x1082, 0x1082, 0x1082, 0x1082, 0x1082, 0x1082, 0x1082, 0x1082, 0x1082, 0x1082, 0x1082, 0x1082, 0x1082, 0x1082, 0x1082, 0x1082,
  0x1082, 0x1082, 0x1082, 0x1082, 0x1082, 0x1082, 0x1082, 0x1082, 0x1082, 0x1082, 0x1082, 0x1082, 0x1082, 0x1082, 0x1082, 0x1082,
  0x1082, 0x1082, 0x1082, 0x1082, 0x1082, 0x1082, 0x1082, 0x1082, 0x1082, 0x1082, 0x1082, 0x1082, 0x0861, 0x1082, 0x1082, 0x1082,
  0x1082, 0x1082, 0x1082, 0x1082, 0x1082, 0x1082, 0x1082, 0x1082, 0x1082, 0x1082, 0x1082, 0x1082, 0x1082, 0x1082, 0x1082, 0x1082,
  0x1082, 0x1082, 0x10A2, 0x1082, 0x1082, 0x1082, 0x10A2, 0x10A2, 0x10A2, 0x10A3, 0x10A3, 0x10A3, 0x10A3, 0x10A3, 0x10A3, 0x10A3,
  0x10A3, 0x10A3, 0x10A3, 0x10A3, 0x10A3, 0x1082, 0x0000, 0x31A6, 0x4A49, 0x4229, 0x2145, 0x2945, 0x2945, 0x2966, 0x2966, 0x2966,
  0x2986, 0x2966, 0x2986, 0x2986, 0x3186, 0x3186, 0x2966, 0x2986, 0x3186, 0x3186, 0x3186, 0x3186, 0x3186, 0x3186, 0x31A6, 0x3186,
  0x3186, 0x3186, 0x3186, 0x3186, 0x3186, 0x2966, 0x2965, 0x2966, 0x2966, 0x2966, 0x2966, 0x2966, 0x2945, 0x2965, 0x2945, 0x2945,
  0x2945, 0x2945, 0x2124, 0x2104, 0x2145, 0x10C3, 0x18C3, 0x4A49, 0x39E7, 0x0000, 0x0841, 0x18C3, 0x3186, 0x18E4, 0x18C3, 0x18E4,
  0x2945, 0x0841, 0x0020, 0x10A2, 0x0841, 0x2124, 0x0862, 0x2104, 0x2104, 0x2945, 0x0861, 0x0000, 0x0861, 0x0861, 0x0861, 0x0861,
  0x0861, 0x0861, 0x1082, 0x1082, 0x1082, 0x1082, 0x1082, 0x1082, 0x1082, 0x1082, 0x10A2, 0x10A2, 0x10A2, 0x10A3, 0x10A3, 0x10A3,
  0x18C3, 0x18C3, 0x18E3, 0x18E3, 0x18E3, 0x1904, 0x2104, 0x2124, 0x2125, 0x2104, 0x2945, 0x2945, 0x2945, 0x2966, 0x2966, 0x3186,
  0x3186, 0x3186, 0x31A7, 0x31C7, 0x39C7, 0x39C7, 0x4208, 0x4208, 0x4229, 0x4A49, 0x18E3, 0x0000, 0x1082, 0x1062, 0x1082, 0x1082,
  0x1082, 0x1082, 0x1082, 0x1082, 0x1082, 0x1082, 0x1082, 0x1082, 0x1082, 0x1082, 0x1082, 0x1082, 0x1082, 0x1082, 0x1082, 0x1082,
  0x1082, 0x1082, 0x1082, 0x1082, 0x1082, 0x1082, 0x1082, 0x1082, 0x1082, 0x1082, 0x1082, 0x1082, 0x1082, 0x1082, 0x1082, 0x1082,
  0x1082, 0x1082, 0x1082, 0x1082, 0x1082, 0x1082, 0x1082, 0x1082, 0x1082, 0x1082, 0x1082, 0x1082, 0x1082, 0x1082, 0x1082, 0x1082,
  0x1082, 0x1082, 0x1082, 0x1082, 0x1082, 0x1082, 0x1082, 0x1082, 0x1082, 0x1082, 0x1082, 0x1082, 0x1082, 0x1082, 0x1082, 0x1082,
  0x1082, 0x1082, 0x1082, 0x1082, 0x1082, 0x1082, 0x1082, 0x1082, 0x1082, 0x1082, 0x1082, 0x1082, 0x1082, 0x1082, 0x1082, 0x1082,
  0x1082, 0x1082, 0x1082, 0x1082, 0x1082, 0x1082, 0x1082, 0x1082, 0x1082, 0x1082, 0x1082, 0x1082, 0x1082, 0x1082, 0x1082, 0x1082,
  0x1082, 0x10A2, 0x10A2, 0x1082, 0x10A2, 0x1082, 0x10A2, 0x10A2, 0x10A2, 0x10A3, 0x10A3, 0x10A2, 0x10A2, 0x10A2, 0x10A2, 0x10A3,
  0x10A3, 0x10A3, 0x10A3, 0x10A2, 0x10A2, 0x10A3, 0x1082, 0x0000, 0x2125, 0x4A49, 0x2945, 0x2946, 0x2966, 0x2966, 0x2986, 0x2966,
  0x3186, 0x3186, 0x2986, 0x3186, 0x3186, 0x3186, 0x3186, 0x3186, 0x3186, 0x3186, 0x3186, 0x31A7, 0x31A6, 0x3186, 0x3186, 0x31A6,
  0x31A7, 0x3186, 0x3186, 0x3186, 0x3186, 0x2986, 0x2966, 0x3186, 0x2966, 0x2966, 0x2966, 0x2966, 0x2966, 0x2965, 0x2945, 0x2965,
  0x2945, 0x2945, 0x2125, 0x1904, 0x3186, 0x18C3, 0x18C3, 0x4229, 0x31A6, 0x0000, 0x18E3, 0x2965, 0x0861, 0x2966, 0x0000, 0x18C3,
  0x2945, 0x1082, 0x0861, 0x10A3, 0x0020, 0x18E3, 0x0000, 0x1082, 0x18E4, 0x0861, 0x0841, 0x0000, 0x0841, 0x0861, 0x0861, 0x0861,
  0x0861, 0x0861, 0x1082, 0x1082, 0x1082, 0x1082, 0x1082, 0x1082, 0x1082, 0x1082, 0x10A2, 0x10A2, 0x10A2, 0x10A3, 0x10A3, 0x10A3,
  0x18C3, 0x18C3, 0x18E3, 0x18E3, 0x18E4, 0x18E4, 0x1904, 0x2124, 0x2124, 0x2104, 0x2145, 0x2125, 0x2945, 0x2966, 0x3186, 0x31A7,
  0x3186, 0x3186, 0x31A7, 0x39C7, 0x39E8, 0x39E8, 0x39E8, 0x4208, 0x4228, 0x18C3, 0x0000, 0x0841, 0x0862, 0x1062, 0x1082, 0x1082,
  0x1082, 0x1082, 0x1082, 0x1082, 0x1082, 0x1082, 0x1082, 0x1082, 0x1082, 0x1082, 0x1082, 0x1082, 0x1082, 0x1082, 0x1082, 0x1082,
  0x1082, 0x1082, 0x1082, 0x1082, 0x1082, 0x1082, 0x1082, 0x1082, 0x1082, 0x1082, 0x1082, 0x1082, 0x1082, 0x1082, 0x1082, 0x1082,
  0x1082, 0x1082, 0x1082, 0x1082, 0x1082, 0x1082, 0x1082, 0x1082, 0x1082, 0x1082, 0x1082, 0x1082, 0x1082, 0x1082, 0x1082, 0x1082,
  0x1082, 0x1082, 0x1082, 0x1082, 0x1082, 0x1082, 0x1082, 0x1082, 0x1082, 0x1082, 0x1082, 0x1082, 0x1082, 0x1082, 0x1082, 0x1082,
  0x1082, 0x1082, 0x1082, 0x1082, 0x1082, 0x1082, 0x1082, 0x1082, 0x1082, 0x1082, 0x1082, 0x1082, 0x1082, 0x1082, 0x1082, 0x1082,
  0x1082, 0x1082, 0x1082, 0x1082, 0x1082, 0x1082, 0x10A2, 0x1082, 0x1082, 0x1082, 0x1082, 0x1082, 0x1082, 0x1082, 0x1082, 0x10A2,
  0x10A2, 0x10A2, 0x10A2, 0x10A2, 0x10A2, 0x10A2, 0x10A2, 0x10A2, 0x10A2, 0x10A2, 0x10A3, 0x10A3, 0x10A3, 0x10A3, 0x10A3, 0x10A3,
  0x10A3, 0x10A3, 0x10A3, 0x10A2, 0x10A3, 0x10A3, 0x10A2, 0x0841, 0x0000, 0x2104, 0x4228, 0x2945, 0x2966, 0x2986, 0x2986, 0x2986,
  0x3186, 0x3186, 0x3186, 0x3186, 0x3186, 0x3186, 0x3186, 0x3186, 0x3186, 0x3186, 0x31A7, 0x31A7, 0x31A6, 0x3186, 0x3186, 0x31A6,
  0x3186, 0x31A7, 0x3186, 0x3187, 0x2966, 0x31A6, 0x2966, 0x2966, 0x2966, 0x2966, 0x2966, 0x2966, 0x2966, 0x2965, 0x2965, 0x2965,
  0x2945, 0x2965, 0x2945, 0x2104, 0x3186, 0x18E4, 0x18C3, 0x39E8, 0x2966, 0x0020, 0x18C3, 0x10A2, 0x0000, 0x2966, 0x1082, 0x2104,
  0x18C3, 0x2125, 0x2945, 0x2125, 0x2945, 0x2104, 0x2104, 0x18E3, 0x2125, 0x1082, 0x0000, 0x0000, 0x0841, 0x0841, 0x0861, 0x0861,
  0x0861, 0x1082, 0x1082, 0x1082, 0x1082, 0x1082, 0x1082, 0x1082, 0x10A2, 0x10A2, 0x10A2, 0x10A2, 0x10A2, 0x10A3, 0x18C3, 0x18C3,
  0x18C3, 0x18C3, 0x18E3, 0x18E3, 0x18E3, 0x18E4, 0x1904, 0x2104, 0x2104, 0x2124, 0x2145, 0x2125, 0x2945, 0x2966, 0x3186, 0x3186,
  0x31A7, 0x31A7, 0x31A7, 0x39C7, 0x39E8, 0x39E8, 0x3A08, 0x4228, 0x4228, 0x0000, 0x0861, 0x1082, 0x0861, 0x0862, 0x1082, 0x1082,
  0x1082, 0x1082, 0x1082, 0x1082, 0x1082, 0x1082, 0x1082, 0x1082, 0x1082, 0x1082, 0x1082, 0x1082, 0x1082, 0x1082, 0x1082, 0x1082,
  0x1082, 0x1082, 0x1082, 0x1082, 0x1082, 0x1082, 0x1082, 0x1082, 0x1082, 0x1082, 0x1082, 0x1082, 0x1082, 0x1082, 0x1082, 0x1082,
  0x1082, 0x1082, 0x1082, 0x1082, 0x1082, 0x1082, 0x1082, 0x1082, 0x1082, 0x1082, 0x1082, 0x1082, 0x1082, 0x1082, 0x1082, 0x1082,
  0x1082, 0x1082, 0x1082, 0x1082, 0x1082, 0x1082, 0x1082, 0x1082, 0x1082, 0x1082, 0x1082, 0x1082, 0x1082, 0x1082, 0x1082, 0x1082,
  0x1082, 0x1082, 0x1082, 0x1082, 0x1082, 0x1082, 0x1082, 0x1082, 0x1082, 0x1082, 0x1082, 0x1082, 0x1082, 0x1082, 0x1082, 0x1082,
  0x1082, 0x1082, 0x1082, 0x1082, 0x1082, 0x1082, 0x1082, 0x1082, 0x1082, 0x10A2, 0x1082, 0x1082, 0x10A2, 0x1082, 0x1082, 0x10A2,
  0x10A2, 0x1082, 0x10A2, 0x10A2, 0x10A2, 0x10A2, 0x10A3, 0x10A3, 0x10A3, 0x10A2, 0x10A2, 0x10A2, 0x10A3, 0x10A3, 0x10A2, 0x10A3,
  0x10A3, 0x10A3, 0x10A3, 0x10A2, 0x10A3, 0x10A2, 0x10A3, 0x10A2, 0x0841, 0x0000, 0x4228, 0x4228, 0x2145, 0x3186, 0x2986, 0x3186,
  0x3186, 0x2966, 0x3186, 0x3186, 0x3186, 0x3186, 0x3186, 0x3186, 0x31A7, 0x3186, 0x3186, 0x3186, 0x31A7, 0x31A7, 0x31A7, 0x31A7,
  0x31A7, 0x31A6, 0x3186, 0x3186, 0x3186, 0x31A6, 0x3186, 0x3186, 0x2966, 0x2986, 0x2966, 0x2966, 0x2966, 0x2945, 0x2945, 0x2945,
  0x2945, 0x2945, 0x2945, 0x2104, 0x3186, 0x2124, 0x18C3, 0x31C7, 0x2966, 0x0000, 0x1081, 0x2124, 0x2125, 0x18C3, 0x2966, 0x10A2,
  0x0000, 0x18C3, 0x2104, 0x0841, 0x2124, 0x0020, 0x2125, 0x18C3, 0x0862, 0x2945, 0x0000, 0x0000, 0x0841, 0x0841, 0x0861, 0x0861,
  0x0861, 0x1082, 0x1082, 0x1082, 0x1082, 0x1082, 0x1082, 0x1082, 0x10A2, 0x10A2, 0x10A2, 0x10A2, 0x10A2, 0x10A3, 0x18C3, 0x18C3,
  0x18C3, 0x18C3, 0x18E3, 0x18C3, 0x18E3, 0x18E4, 0x1904, 0x2124, 0x2124, 0x2125, 0x2145, 0x2945, 0x2966, 0x2966, 0x2966, 0x2966,
  0x3186, 0x31A7, 0x31A7, 0x39E8, 0x39E8, 0x39E7, 0x4228, 0x4228, 0x10C3, 0x0861, 0x0861, 0x1082, 0x1082, 0x0862, 0x1082, 0x1082,
  0x1082, 0x1082, 0x1082, 0x1082, 0x1082, 0x1082, 0x1082, 0x1082, 0x1082, 0x1082, 0x1082, 0x1082, 0x1082, 0x1082, 0x1082, 0x1082,
  0x1082, 0x1082, 0x1082, 0x1082, 0x1082, 0x1082, 0x1082, 0x1082, 0x1082, 0x1082, 0x1082, 0x10A2, 0x1082, 0x1082, 0x1082, 0x1082,
  0x1082, 0x1082, 0x1082, 0x1082, 0x1082, 0x1082, 0x1082, 0x1082, 0x1082, 0x1082, 0x1082, 0x1082, 0x1082, 0x1082, 0x1082, 0x1082,
  0x1082, 0x1082, 0x1082, 0x1082, 0x1082, 0x1082, 0x1082, 0x1082, 0x1082, 0x1082, 0x1082, 0x1082, 0x1082, 0x1082, 0x1082, 0x1082,
  0x1082, 0x1082, 0x1082, 0x1082, 0x1082, 0x1082, 0x1082, 0x1082, 0x1082, 0x1082, 0x1082, 0x1082, 0x1082, 0x1082, 0x1082, 0x1082,
  0x1082, 0x1082, 0x1082, 0x1082, 0x1082, 0x10A2, 0x1082, 0x10A2, 0x1082, 0x10A2, 0x10A2, 0x10A2, 0x10A2, 0x10A2, 0x10A2, 0x1082,
  0x10A2, 0x10A2, 0x10A2, 0x10A2, 0x10A2, 0x10A2, 0x10A2, 0x10A2, 0x10A3, 0x10A2, 0x10A2, 0x10A2, 0x10A3, 0x10A3, 0x10A2, 0x10A2,
  0x10A3, 0x10A3, 0x10A2, 0x10A3, 0x10A2, 0x10A2, 0x10A2, 0x10A3, 0x10A2, 0x0841, 0x18E3, 0x4228, 0x4228, 0x2966, 0x3187, 0x3186,
  0x3186, 0x2966, 0x3186, 0x3186, 0x3186, 0x31A7, 0x31A7, 0x31A7, 0x31A7, 0x31A7, 0x3186, 0x3186, 0x31A7, 0x31A7, 0x31A7, 0x31A7,
  0x31A7, 0x3186, 0x31A7, 0x3186, 0x3186, 0x3186, 0x31A7, 0x3186, 0x3186, 0x3186, 0x2966, 0x2966, 0x2966, 0x2966, 0x2945, 0x2945,
  0x2945, 0x2945, 0x2945, 0x2145, 0x2965, 0x2945, 0x18C3, 0x31A7, 0x2945, 0x0000, 0x0000, 0x18E4, 0x39E8, 0x0020, 0x3186, 0x0862,
  0x18C3, 0x2125, 0x2966, 0x18E3, 0x2966, 0x18C3, 0x2124, 0x18C3, 0x0000, 0x18C3, 0x0000, 0x0000, 0x0841, 0x0841, 0x0861, 0x0861,
  0x0861, 0x1082, 0x1082, 0x1082, 0x1082, 0x1082, 0x1082, 0x1082, 0x10A2, 0x10A2, 0x10A2, 0x10A2, 0x10A2, 0x10A3, 0x18C3, 0x18C3,
  0x18C3, 0x18C3, 0x18C3, 0x18E3, 0x18E4, 0x1904, 0x2104, 0x2104, 0x2124, 0x2125, 0x2125, 0x2945, 0x2966, 0x2945, 0x2966, 0x3186,
  0x3186, 0x3186, 0x31A7, 0x39E8, 0x39C7, 0x3186, 0x4208, 0x18E3, 0x0000, 0x0861, 0x0861, 0x0861, 0x1082, 0x1082, 0x1082, 0x1082,
  0x1082, 0x1082, 0x1082, 0x1082, 0x1082, 0x1082, 0x1082, 0x1082, 0x1082, 0x1082, 0x1082, 0x1082, 0x1082, 0x1082, 0x1082, 0x1082,
  0x1082, 0x1082, 0x1082, 0x1082, 0x1082, 0x1082, 0x1082, 0x1082, 0x1082, 0x1082, 0x1082, 0x1082, 0x1082, 0x1082, 0x1082, 0x1082,
  0x1082, 0x1082, 0x1082, 0x1082, 0x1082, 0x1082, 0x1082, 0x1082, 0x1082, 0x1082, 0x1082, 0x1082, 0x1082, 0x1082, 0x1082, 0x1082,
  0x1082, 0x1082, 0x1082, 0x1082, 0x1082, 0x1082, 0x1082, 0x1082, 0x1082, 0x1082, 0x1082, 0x1082, 0x1082, 0x1082, 0x1082, 0x1082,
  0x1082, 0x1082, 0x1082, 0x1082, 0x1082, 0x1082, 0x1082, 0x1082, 0x1082, 0x1082, 0x1082, 0x1082, 0x1082, 0x10A2, 0x10A2, 0x1082,
  0x1082, 0x1082, 0x10A2, 0x10A2, 0x10A2, 0x10A2, 0x10A2, 0x10A2, 0x10A2, 0x10A2, 0x10A3, 0x10A3, 0x10A2, 0x10A3, 0x10A3, 0x10A2,
  0x10A2, 0x10A2, 0x10A3, 0x10A3, 0x10A2, 0x10A2, 0x10A2, 0x10A2, 0x10A3, 0x10A3, 0x10A3, 0x10A2, 0x10A3, 0x10A3, 0x10A2, 0x10A2,
  0x10A3, 0x10A2, 0x10A2, 0x10A3, 0x10A3, 0x10A3, 0x10A2, 0x10A2, 0x10A2, 0x10A2, 0x0000, 0x18C3, 0x4208, 0x2145, 0x3186, 0x3186,
  0x31A7, 0x3186, 0x3186, 0x31C7, 0x31A7, 0x3186, 0x31C7, 0x31A7, 0x31A7, 0x31A7, 0x31A7, 0x31A7, 0x31A7, 0x31A7, 0x31A7, 0x3186,
  0x31A7, 0x31A7, 0x31A7, 0x31A7, 0x3186, 0x31A7, 0x3186, 0x2986, 0x3186, 0x2986, 0x3186, 0x2966, 0x2966, 0x2986, 0x2945, 0x2945,
  0x2965, 0x2965, 0x2945, 0x2945, 0x2145, 0x3186, 0x18E3, 0x3186, 0x2966, 0x0841, 0x0000, 0x18E3, 0x4208, 0x18E4, 0x2124, 0x2104,
  0x3186, 0x18C3, 0x1082, 0x2104, 0x18C3, 0x2965, 0x2104, 0x2945, 0x2124, 0x18C3, 0x0000, 0x0000, 0x0841, 0x0841, 0x0861, 0x0861,
  0x0861, 0x1082, 0x1082, 0x1082, 0x1082, 0x1082, 0x1082, 0x1082, 0x10A2, 0x10A2, 0x10A2, 0x10A2, 0x10A2, 0x10A3, 0x18C3, 0x18C3,
  0x18C3, 0x18C3, 0x18E3, 0x18E4, 0x18E4, 0x1904, 0x2104, 0x2104, 0x2124, 0x2124, 0x2125, 0x2945, 0x2966, 0x2945, 0x3186, 0x31A7,
  0x31A7, 0x31A7, 0x3186, 0x39C7, 0x2966, 0x4208, 0x2104, 0x0000, 0x0841, 0x0861, 0x0881, 0x1082, 0x1082, 0x1082, 0x1082, 0x1082,
  0x1082, 0x1082, 0x1082, 0x1082, 0x1082, 0x1082, 0x1082, 0x1082, 0x1082, 0x1082, 0x1082, 0x1082, 0x1082, 0x1082, 0x1082, 0x1082,
  0x1082, 0x1082, 0x1082, 0x1082, 0x1082, 0x1082, 0x1082, 0x1082, 0x1082, 0x1082, 0x1082, 0x1082, 0x1082, 0x1082, 0x1082, 0x1082,
  0x1082, 0x1082, 0x1082, 0x1082, 0x1082, 0x1082, 0x1082, 0x1082, 0x1082, 0x1082, 0x1082, 0x1082, 0x1082, 0x1082, 0x1082, 0x1082,
  0x1082, 0x1082, 0x1082, 0x1082, 0x1082, 0x1082, 0x1082, 0x1082, 0x1082, 0x1082, 0x1082, 0x1082, 0x1082, 0x1082, 0x1082, 0x1082,
  0x1082, 0x1082, 0x1082, 0x1082, 0x1082, 0x1082, 0x1082, 0x1082, 0x1082, 0x1082, 0x1082, 0x1082, 0x1082, 0x10A2, 0x10A2, 0x1082,
  0x10A2, 0x10A2, 0x10A2, 0x10A2, 0x10A2, 0x1082, 0x1082, 0x10A2, 0x10A2, 0x10A3, 0x10A3, 0x10A2, 0x10A2, 0x10A3, 0x10A3, 0x10A3,
  0x10A3, 0x10A2, 0x10A2, 0x10A3, 0x10A3, 0x10A2, 0x10A2, 0x10A3, 0x10A2, 0x10A2, 0x10A2, 0x10A2, 0x10A2, 0x10A2, 0x10A2, 0x10A2,
  0x10A3, 0x10A2, 0x10A2, 0x10A2, 0x10A2, 0x10A2, 0x10A2, 0x10A2, 0x1082, 0x10A2, 0x0020, 0x0000, 0x18E4, 0x4208, 0x2125, 0x31A7,
  0x31A7, 0x31A7, 0x31A7, 0x39C7, 0x31A7, 0x31A7, 0x31A7, 0x31A7, 0x31A7, 0x31A7, 0x31A7, 0x39C7, 0x31A7, 0x31A7, 0x31A7, 0x31A7,
  0x31A7, 0x31A7, 0x31A7, 0x31A7, 0x31A7, 0x31A7, 0x3186, 0x3186, 0x3186, 0x2986, 0x3186, 0x2986, 0x2966, 0x2966, 0x2946, 0x2966,
  0x2965, 0x2945, 0x2945, 0x2945, 0x2145, 0x3186, 0x2104, 0x2966, 0x3186, 0x0841, 0x0000, 0x10A2, 0x20E4, 0x2945, 0x0020, 0x2104,
  0x2965, 0x1082, 0x0000, 0x10A2, 0x0000, 0x10A2, 0x0000, 0x0862, 0x2945, 0x0020, 0x0000, 0x0020, 0x0841, 0x0841, 0x0861, 0x0861,
  0x1082, 0x1082, 0x1082, 0x1082, 0x1082, 0x1082, 0x1082, 0x1082, 0x1082, 0x1082, 0x10A2, 0x10A2, 0x10A2, 0x10A3, 0x18C3, 0x18C3,
  0x18C3, 0x18C3, 0x18C3, 0x18E3, 0x18E4, 0x2104, 0x2104, 0x2124, 0x2104, 0x2124, 0x2945, 0x2966, 0x2966, 0x2965, 0x3186, 0x31A7,
  0x31A7, 0x39C7, 0x39C7, 0x2986, 0x4208, 0x4208, 0x0000, 0x0020, 0x0861, 0x1081, 0x1081, 0x0861, 0x1082, 0x1082, 0x1082, 0x1082,
  0x1082, 0x1082, 0x1082, 0x1082, 0x1082, 0x1082, 0x1082, 0x1082, 0x1082, 0x1082, 0x1082, 0x1082, 0x1082, 0x1082, 0x1082, 0x1082,
  0x1082, 0x1082, 0x1082, 0x1082, 0x1082, 0x1082, 0x1082, 0x1082, 0x1082, 0x1082, 0x1082, 0x1082, 0x1082, 0x1082, 0x1082, 0x10A2,
  0x1082, 0x1082, 0x1082, 0x1082, 0x1082, 0x1082, 0x1082, 0x1082, 0x1082, 0x1082, 0x1082, 0x1082, 0x1082, 0x1082, 0x1082, 0x1082,
  0x1082, 0x1082, 0x1082, 0x1082, 0x1082, 0x1082, 0x1082, 0x1082, 0x1082, 0x1082, 0x1082, 0x1082, 0x1082, 0x1082, 0x1082, 0x1082,
  0x1082, 0x10A2, 0x1082, 0x1082, 0x1082, 0x1082, 0x1082, 0x1082, 0x1082, 0x1082, 0x1082, 0x10A2, 0x10A2, 0x10A2, 0x10A2, 0x10A2,
  0x10A2, 0x10A2, 0x10A2, 0x10A2, 0x10A2, 0x10A2, 0x10A2, 0x10A2, 0x1082, 0x10A3, 0x10A2, 0x10A2, 0x10A2, 0x10A2, 0x10A2, 0x10A3,
  0x10A3, 0x10A2, 0x1082, 0x10A2, 0x10A2, 0x10A2, 0x10A2, 0x10A2, 0x1082, 0x1082, 0x1082, 0x10A2, 0x10A2, 0x10A2, 0x10A2, 0x10A2,
  0x10A3, 0x10A2, 0x10A2, 0x1082, 0x1082, 0x1082, 0x1082, 0x1082, 0x1082, 0x10A3, 0x1081, 0x0020, 0x0000, 0x4208, 0x4208, 0x2966,
  0x31A7, 0x31C7, 0x31A7, 0x31A7, 0x31A7, 0x31A7, 0x31A7, 0x31C7, 0x31C7, 0x31A7, 0x31A7, 0x39C7, 0x31A7, 0x31A7, 0x39C7, 0x31C7,
  0x31A7, 0x31A7, 0x31C7, 0x31A7, 0x31A7, 0x31A7, 0x3186, 0x3186, 0x3186, 0x3186, 0x2966, 0x3186, 0x2966, 0x2966, 0x2966, 0x2966,
  0x2966, 0x2945, 0x2965, 0x2945, 0x2124, 0x2966, 0x2124, 0x2945, 0x3186, 0x0882, 0x0841, 0x0000, 0x0000, 0x2966, 0x0841, 0x2124,
  0x2125, 0x2945, 0x2145, 0x2945, 0x2104, 0x2125, 0x10A3, 0x10A2, 0x2124, 0x0000, 0x0020, 0x0841, 0x0841, 0x0841, 0x0861, 0x0861,
  0x1082, 0x1082, 0x1082, 0x1082, 0x1082, 0x1082, 0x1082, 0x1082, 0x1082, 0x1082, 0x10A2, 0x10A3, 0x10A2, 0x10A3, 0x18C3, 0x18C3,
  0x18C3, 0x18C3, 0x18E3, 0x18E3, 0x18E4, 0x1904, 0x2104, 0x2124, 0x2104, 0x2124, 0x2945, 0x2965, 0x2965, 0x2986, 0x2966, 0x2986,
  0x31A7, 0x39C7, 0x39C7, 0x41E8, 0x41E7, 0x3A07, 0x0020, 0x0861, 0x0861, 0x0861, 0x0862, 0x0861, 0x0861, 0x0861, 0x1082, 0x1082,
  0x1082, 0x1082, 0x1082, 0x1082, 0x1082, 0x1082, 0x1082, 0x1082, 0x1082, 0x1082, 0x1082, 0x1082, 0x1082, 0x1082, 0x1082, 0x1082,
  0x1082, 0x1082, 0x1082, 0x1082, 0x1082, 0x1082, 0x1082, 0x1082, 0x1082, 0x1082, 0x1082, 0x1082, 0x1082, 0x1082, 0x1082, 0x10A2,
  0x1082, 0x1082, 0x1082, 0x1082, 0x1082, 0x1082, 0x1082, 0x1082, 0x1082, 0x1082, 0x1082, 0x1082, 0x1082, 0x1082, 0x1082, 0x1082,
  0x10A2, 0x1082, 0x1082, 0x1082, 0x1082, 0x1082, 0x1082, 0x1082, 0x1082, 0x1082, 0x1082, 0x0861, 0x1082, 0x1082, 0x0861, 0x0861,
  0x1082, 0x1082, 0x1082, 0x1082, 0x1082, 0x10A2, 0x10A2, 0x1082, 0x1082, 0x1082, 0x1082, 0x1082, 0x10A2, 0x10A2, 0x10A2, 0x10A2,
  0x1082, 0x10A2, 0x10A2, 0x1082, 0x1082, 0x10A2, 0x1082, 0x1082, 0x1082, 0x10A2, 0x1082, 0x1082, 0x10A2, 0x10A2, 0x10A2, 0x10A2,
  0x10A2, 0x1082, 0x10A2, 0x10A2, 0x1082, 0x1082, 0x1082, 0x1082, 0x1082, 0x1082, 0x1082, 0x1082, 0x1082, 0x1082, 0x1082, 0x1082,
  0x10A2, 0x10A2, 0x1082, 0x1082, 0x1082, 0x1082, 0x1082, 0x1082, 0x1082, 0x1082, 0x1082, 0x0881, 0x0020, 0x3186, 0x39E7, 0x41E8,
  0x31C7, 0x31C7, 0x39C7, 0x31A7, 0x31A7, 0x31C7, 0x31C7, 0x39C7, 0x31A7, 0x31C7, 0x31C7, 0x39C7, 0x31C7, 0x39C7, 0x39C7, 0x39C7,
  0x31C7, 0x31A7, 0x31A7, 0x31A7, 0x31A7, 0x31A7, 0x3186, 0x3186, 0x3186, 0x3186, 0x3186, 0x2986, 0x2966, 0x2966, 0x2965, 0x2965,
  0x2945, 0x2945, 0x2945, 0x2145, 0x2124, 0x2945, 0x2945, 0x2945, 0x3186, 0x1082, 0x0020, 0x10C3, 0x18E3, 0x3186, 0x2966, 0x10A2,
  0x0000, 0x18C3, 0x2965, 0x0862, 0x2945, 0x10A2, 0x2945, 0x2104, 0x2104, 0x1081, 0x0000, 0x0841, 0x0841, 0x0861, 0x0861, 0x0861,
  0x1082, 0x1082, 0x1082, 0x1082, 0x1082, 0x1082, 0x1082, 0x1082, 0x1082, 0x1082, 0x10A2, 0x10A3, 0x10A3, 0x10A3, 0x18C3, 0x18C3,
  0x18C3, 0x18E3, 0x18E3, 0x18E3, 0x18E4, 0x18E4, 0x2104, 0x2104, 0x2124, 0x2125, 0x2945, 0x2965, 0x2966, 0x2966, 0x2966, 0x3186,
  0x31A7, 0x31A7, 0x31A7, 0x39E7, 0x39E7, 0x0000, 0x0861, 0x0861, 0x0861, 0x0861, 0x0861, 0x0861, 0x0861, 0x0861, 0x0861, 0x0861,
  0x0861, 0x0861, 0x0861, 0x0861, 0x0861, 0x0861, 0x0861, 0x0861, 0x0861, 0x0861, 0x0861, 0x0861, 0x0861, 0x1082, 0x1082, 0x1082,
  0x1082, 0x1082, 0x1082, 0x1082, 0x1082, 0x1082, 0x1082, 0x1082, 0x1082, 0x1082, 0x1082, 0x1082, 0x1082, 0x1082, 0x1082, 0x1082,
  0x1082, 0x1082, 0x1082, 0x1082, 0x1082, 0x1082, 0x1082, 0x1082, 0x1082, 0x1082, 0x1082, 0x0861, 0x0861, 0x0861, 0x0861, 0x0841,
  0x0841, 0x0020, 0x0020, 0x0020, 0x0020, 0x0020, 0x0020, 0x0000, 0x0020, 0x0000, 0x0020, 0x0020, 0x0020, 0x0020, 0x0020, 0x0020,
  0x0020, 0x0841, 0x0841, 0x0841, 0x0861, 0x0861, 0x0861, 0x0861, 0x0861, 0x1082, 0x1082, 0x1082, 0x1082, 0x1082, 0x1082, 0x1082,
  0x1082, 0x1082, 0x1082, 0x1082, 0x1082, 0x1082, 0x1082, 0x1082, 0x1082, 0x1082, 0x1082, 0x1082, 0x1082, 0x1082, 0x1082, 0x1082,
  0x1082, 0x1082, 0x1082, 0x1082, 0x1082, 0x1082, 0x1082, 0x1082, 0x1082, 0x1082, 0x1082, 0x1082, 0x1082, 0x1082, 0x1082, 0x1082,
  0x1082, 0x1082, 0x1082, 0x1082, 0x1082, 0x1082, 0x1082, 0x1082, 0x1082, 0x1082, 0x1082, 0x1082, 0x0861, 0x0000, 0x39E7, 0x39E7,
  0x29A6, 0x31C7, 0x31C7, 0x31C7, 0x31C7, 0x39C7, 0x31A7, 0x39C7, 0x39C7, 0x39E7, 0x39C7, 0x31C7, 0x39E7, 0x39C7, 0x39C7, 0x31A7,
  0x31A7, 0x31C7, 0x31A7, 0x31C7, 0x31A7, 0x3186, 0x31A7, 0x31A7, 0x31A7, 0x2986, 0x3186, 0x2986, 0x2986, 0x3186, 0x2965, 0x2965,
  0x2945, 0x2966, 0x2966, 0x2945, 0x2124, 0x2945, 0x2966, 0x2124, 0x3186, 0x10A3, 0x0000, 0x18C3, 0x39E7, 0x0861, 0x39C7, 0x0861,
  0x0861, 0x18E3, 0x2966, 0x0862, 0x2965, 0x1082, 0x2124, 0x18C3, 0x0000, 0x0861, 0x0000, 0x0020, 0x0841, 0x0861, 0x0861, 0x0861,
  0x1082, 0x1082, 0x1082, 0x1082, 0x1082, 0x1082, 0x1082, 0x1082, 0x1082, 0x1082, 0x10A2, 0x10A3, 0x10A3, 0x10A3, 0x18C3, 0x18C3,
  0x18C3, 0x18E3, 0x18E3, 0x18E3, 0x1904, 0x1904, 0x2104, 0x2104, 0x2125, 0x2125, 0x2945, 0x2945, 0x2945, 0x2966, 0x3186, 0x31A7,
  0x31C7, 0x31A7, 0x31C7, 0x39E7, 0x0000, 0x0000, 0x0861, 0x0861, 0x0861, 0x0861, 0x0861, 0x0861, 0x0861, 0x0861, 0x0861, 0x0861,
  0x0861, 0x0861, 0x0861, 0x0861, 0x0861, 0x0861, 0x0861, 0x0861, 0x0861, 0x0861, 0x0861, 0x0861, 0x0861, 0x0861, 0x0861, 0x0861,
  0x0861, 0x0861, 0x0861, 0x0861, 0x0862, 0x1082, 0x0862, 0x1082, 0x1082, 0x1082, 0x1082, 0x1082, 0x0861, 0x1082, 0x1082, 0x1082,
  0x1082, 0x0861, 0x0861, 0x1082, 0x0861, 0x0861, 0x0841, 0x0841, 0x0841, 0x0020, 0x0000, 0x0000, 0x0000, 0x0000, 0x0000, 0x0000,
  0x0000, 0x0000, 0x0000, 0x0000, 0x0000, 0x0000, 0x0000, 0x0000, 0x0000, 0x0000, 0x0000, 0x0000, 0x0000, 0x0000, 0x0000, 0x0000,
  0x0000, 0x0000, 0x0000, 0x0000, 0x0000, 0x0000, 0x0000, 0x0000, 0x0000, 0x0020, 0x0841, 0x0841, 0x0861, 0x0861, 0x0861, 0x0861,
  0x1082, 0x1082, 0x1082, 0x1082, 0x1082, 0x1082, 0x1082, 0x1082, 0x1082, 0x1082, 0x1082, 0x1082, 0x1082, 0x1082, 0x1082, 0x1082,
  0x1082, 0x1082, 0x1082, 0x1082, 0x1082, 0x1082, 0x1082, 0x1082, 0x1082, 0x1082, 0x1082, 0x1082, 0x1082, 0x1082, 0x1082, 0x1082,
  0x1082, 0x1082, 0x1082, 0x1082, 0x1082, 0x1082, 0x1082, 0x1082, 0x1082, 0x1082, 0x0861, 0x0861, 0x0862, 0x0000, 0x0000, 0x39E7,
  0x39E7, 0x31A7, 0x39C7, 0x39C7, 0x39C7, 0x39C7, 0x31C7, 0x39C7, 0x39C7, 0x39C7, 0x39C7, 0x39C7, 0x39C7, 0x39C7, 0x39C7, 0x31A7,
  0x31A7, 0x31C7, 0x31A7, 0x31A7, 0x31A7, 0x31A7, 0x31A7, 0x31A7, 0x31A7, 0x3186, 0x3186, 0x2966, 0x2966, 0x2966, 0x2965, 0x2966,
  0x2966, 0x2966, 0x2966, 0x2966, 0x2124, 0x2945, 0x3186, 0x2104, 0x3186, 0x18E3, 0x0000, 0x10A2, 0x31A7, 0x18E3, 0x2986, 0x2125,
  0x3186, 0x2125, 0x18E4, 0x2945, 0x2124, 0x2965, 0x2945, 0x2966, 0x2104, 0x0841, 0x0000, 0x0020, 0x0841, 0x0841, 0x0861, 0x0861,
  0x1082, 0x1082, 0x1082, 0x1082, 0x1082, 0x1082, 0x1082, 0x1082, 0x1082, 0x1082, 0x10A2, 0x10A3, 0x10A3, 0x10A3, 0x18C3, 0x18C3,
  0x18C3, 0x18C3, 0x18E3, 0x18E4, 0x1904, 0x2124, 0x2104, 0x2124, 0x2125, 0x2124, 0x2945, 0x2125, 0x2945, 0x3186, 0x3186, 0x3186,
  0x31A7, 0x3186, 0x39E7, 0x1082, 0x0000, 0x0841, 0x0861, 0x0861, 0x0861, 0x0861, 0x0861, 0x0861, 0x0861, 0x0861, 0x0861, 0x0861,
  0x0861, 0x0861, 0x0861, 0x0861, 0x0861, 0x0861, 0x0861, 0x0861, 0x0861, 0x0861, 0x0861, 0x0861, 0x0861, 0x0861, 0x0861, 0x0861,
  0x0861, 0x0861, 0x0861, 0x0861, 0x0862, 0x0862, 0x0862, 0x0862, 0x0861, 0x0861, 0x0861, 0x0861, 0x0861, 0x0861, 0x0861, 0x0861,
  0x0861, 0x0861, 0x0841, 0x0020, 0x0000, 0x0000, 0x0000, 0x0000, 0x0000, 0x0000, 0x0000, 0x0020, 0x0840, 0x0861, 0x1082, 0x18C3,
  0x18E4, 0x2104, 0x2945, 0x2965, 0x2966, 0x31A6, 0x31A7, 0x39C7, 0x39C7, 0x39E7, 0x39E7, 0x31A6, 0x31A6, 0x3186, 0x3186, 0x2966,
  0x2965, 0x2104, 0x18E3, 0x10A3, 0x1082, 0x0841, 0x0841, 0x0000, 0x0000, 0x0000, 0x0000, 0x0000, 0x0000, 0x0000, 0x0000, 0x0020,
  0x0861, 0x0841, 0x0861, 0x0861, 0x0861, 0x0861, 0x0861, 0x0861, 0x1082, 0x0861, 0x1082, 0x1082, 0x1082, 0x1082, 0x1082, 0x1082,
  0x1082, 0x0862, 0x1082, 0x1082, 0x0862, 0x0862, 0x0862, 0x0862, 0x1082, 0x1082, 0x1082, 0x1082, 0x1082, 0x1082, 0x1082, 0x1082,
  0x1082, 0x1082, 0x1082, 0x0861, 0x0861, 0x0861, 0x0862, 0x1082, 0x1082, 0x0862, 0x0862, 0x0861, 0x1082, 0x0841, 0x0000, 0x0841,
  0x39E7, 0x31A7, 0x39C7, 0x39C7, 0x39C7, 0x39C7, 0x39C7, 0x39C7, 0x39C7, 0x39C7, 0x39C7, 0x39C7, 0x39C7, 0x39C7, 0x39C7, 0x39C7,
  0x39C7, 0x39C7, 0x31A7, 0x31A7, 0x31A7, 0x31A7, 0x31A7, 0x31A7, 0x3186, 0x3186, 0x31A7, 0x2966, 0x2966, 0x2966, 0x2966, 0x2966,
  0x2966, 0x2966, 0x2945, 0x2945, 0x2125, 0x2145, 0x3186, 0x2104, 0x3186, 0x1904, 0x0000, 0x0020, 0x18E3, 0x2945, 0x0841, 0x2965,
  0x2965, 0x10A3, 0x0000, 0x18E3, 0x0000, 0x10A2, 0x0021, 0x1082, 0x31A6, 0x0000, 0x0000, 0x0841, 0x0841, 0x0861, 0x0861, 0x0861,
  0x1082, 0x1082, 0x1082, 0x1082, 0x1082, 0x1082, 0x1082, 0x1082, 0x1082, 0x1082, 0x10A2, 0x10A3, 0x10A3, 0x10A3, 0x18C3, 0x18C3,
  0x18C3, 0x18C3, 0x18C3, 0x18E3, 0x1904, 0x2104, 0x2104, 0x2104, 0x2124, 0x2125, 0x2145, 0x2965, 0x2966, 0x2966, 0x3186, 0x3186,
  0x3186, 0x39C7, 0x39C7, 0x0000, 0x0841, 0x0861, 0x0861, 0x0861, 0x0861, 0x0861, 0x0861, 0x0861, 0x0861, 0x0861, 0x0861, 0x0861,
  0x0861, 0x0861, 0x0861, 0x0861, 0x0861, 0x0861, 0x0861, 0x0861, 0x0861, 0x0861, 0x0861, 0x0861, 0x0861, 0x0861, 0x0861, 0x0861,
  0x0861, 0x0861, 0x0861, 0x0861, 0x0861, 0x0861, 0x0861, 0x0861, 0x0861, 0x0861, 0x0861, 0x0861, 0x0861, 0x0841, 0x0841, 0x0020,
  0x0000, 0x0000, 0x0000, 0x0000, 0x0000, 0x0000, 0x0861, 0x10A2, 0x18E3, 0x2945, 0x3186, 0x39C7, 0x39E7, 0x39E7, 0x39C7, 0x39C7,
  0x39C7, 0x39C7, 0x39C7, 0x39C7, 0x39C7, 0x39C7, 0x39C7, 0x39C7, 0x39E7, 0x39C7, 0x39C7, 0x39E7, 0x39C7, 0x39C7, 0x39C7, 0x39C7,
  0x39C7, 0x39E7, 0x39E7, 0x39C7, 0x39C7, 0x39C7, 0x39C7, 0x39E7, 0x31A7, 0x2945, 0x18C3, 0x10A2, 0x0861, 0x0020, 0x0000, 0x0000,
  0x0000, 0x0000, 0x0000, 0x0841, 0x0841, 0x0861, 0x0861, 0x0861, 0x0861, 0x0861, 0x0861, 0x0861, 0x0861, 0x0861, 0x0861, 0x0861,
  0x1082, 0x0862, 0x1082, 0x0862, 0x0862, 0x0862, 0x0862, 0x0862, 0x1082, 0x0861, 0x0861, 0x0861, 0x0861, 0x0861, 0x0861, 0x1082,
  0x1082, 0x1082, 0x1082, 0x0861, 0x0861, 0x0861, 0x0862, 0x0862, 0x0862, 0x1082, 0x1082, 0x0861, 0x0861, 0x0861, 0x0841, 0x0000,
  0x39C7, 0x39C7, 0x3186, 0x39C7, 0x39C7, 0x39C7, 0x39C7, 0x39C7, 0x39C7, 0x39C7, 0x39C7, 0x39C7, 0x39C7, 0x39C7, 0x39C7, 0x39C7,
  0x39C7, 0x39C7, 0x39C7, 0x31C7, 0x31C7, 0x31A7, 0x31A7, 0x31A7, 0x3186, 0x3186, 0x3186, 0x3186, 0x3186, 0x3186, 0x2966, 0x3186,
  0x2986, 0x2966, 0x2945, 0x2945, 0x2145, 0x2125, 0x2986, 0x1904, 0x3186, 0x2124, 0x0000, 0x0000, 0x0000, 0x2945, 0x0020, 0x2945,
  0x3186, 0x2945, 0x18E3, 0x2966, 0x18C3, 0x18E4, 0x1082, 0x0841, 0x2125, 0x0000, 0x0020, 0x0841, 0x0841, 0x0861, 0x0861, 0x0861,
  0x0861, 0x1082, 0x1082, 0x1082, 0x1082, 0x1082, 0x1082, 0x1082, 0x10A2, 0x10A2, 0x10A2, 0x10A3, 0x10A3, 0x18C3, 0x18C3, 0x18C3,
  0x18C3, 0x18E3, 0x18E3, 0x18E3, 0x1904, 0x1904, 0x2104, 0x2124, 0x2125, 0x2125, 0x2945, 0x2966, 0x2966, 0x2966, 0x3186, 0x31A6,
  0x39C7, 0x39C7, 0x39C7, 0x0841, 0x0861, 0x0861, 0x0861, 0x0861, 0x0861, 0x0861, 0x0861, 0x0861, 0x0861, 0x0861, 0x0861, 0x0861,
  0x0861, 0x0861, 0x0861, 0x0861, 0x0861, 0x0861, 0x0861, 0x0861, 0x0861, 0x0861, 0x0861, 0x0861, 0x0861, 0x0861, 0x0861, 0x0861,
  0x0861, 0x0861, 0x0861, 0x0861, 0x0861, 0x0861, 0x0861, 0x0861, 0x0861, 0x0861, 0x0861, 0x0841, 0x0020, 0x0000, 0x0000, 0x0000,
  0x0000, 0x0020, 0x0861, 0x2104, 0x2145, 0x31A6, 0x39C7, 0x39C7, 0x39C7, 0x39C7, 0x39C7, 0x39C7, 0x39C7, 0x39C7, 0x39C7, 0x39C7,
  0x39C7, 0x39C7, 0x39C7, 0x39C7, 0x39C7, 0x39C7, 0x39C7, 0x39C7, 0x39C7, 0x39C7, 0x39C7, 0x39C7, 0x39C7, 0x39C7, 0x39C7, 0x39C7,
  0x39C7, 0x39C7, 0x39C7, 0x39C7, 0x39C7, 0x39C7, 0x39C7, 0x39C7, 0x39C7, 0x39C7, 0x39C7, 0x39C7, 0x39C7, 0x39C7, 0x2965, 0x2104,
  0x0841, 0x0020, 0x0000, 0x0000, 0x0000, 0x0000, 0x0020, 0x0841, 0x0861, 0x0861, 0x0861, 0x0861, 0x0861, 0x0861, 0x0861, 0x0861,
  0x0861, 0x1082, 0x0861, 0x0861, 0x0861, 0x0861, 0x0861, 0x0861, 0x0861, 0x0861, 0x0861, 0x0861, 0x0861, 0x0861, 0x0861, 0x1082,
  0x1082, 0x1082, 0x1082, 0x0861, 0x0861, 0x0861, 0x0861, 0x1081, 0x1082, 0x1082, 0x0861, 0x0861, 0x0861, 0x1082, 0x0861, 0x0020,
  0x2965, 0x39C7, 0x39C7, 0x39C7, 0x39C7, 0x39C7, 0x39C7, 0x39C7, 0x39C7, 0x39C7, 0x39C7, 0x39C7, 0x39C7, 0x39C7, 0x39C7, 0x39C7,
  0x39C7, 0x31C7, 0x31C7, 0x39C7, 0x31C7, 0x31C7, 0x31C7, 0x31A7, 0x31A7, 0x3186, 0x3186, 0x3186, 0x3186, 0x2986, 0x2966, 0x2966,
  0x2966, 0x2966, 0x2945, 0x2945, 0x2945, 0x2124, 0x2965, 0x2104, 0x3186, 0x2945, 0x0000, 0x0000, 0x18C3, 0x39C7, 0x2966, 0x18C3,
  0x0021, 0x18C3, 0x31A6, 0x10A3, 0x3186, 0x2104, 0x31A6, 0x2965, 0x31A6, 0x0000, 0x0020, 0x0841, 0x0841, 0x0861, 0x0861, 0x0861,
  0x0861, 0x1082, 0x1082, 0x1082, 0x1082, 0x1082, 0x1082, 0x1082, 0x10A2, 0x10A2, 0x10A2, 0x10A3, 0x10A3, 0x18C3, 0x18C3, 0x18C3,
  0x18C3, 0x18E4, 0x18E4, 0x18E4, 0x18E4, 0x2104, 0x2104, 0x2145, 0x2125, 0x2125, 0x2125, 0x2945, 0x2966, 0x2986, 0x31A7, 0x31A7,
  0x39C7, 0x39C7, 0x0000, 0x0861, 0x0861, 0x0861, 0x0861, 0x0861, 0x0861, 0x0861, 0x0861, 0x0861, 0x0861, 0x0861, 0x0861, 0x0861,
  0x0861, 0x0861, 0x0861, 0x0861, 0x0861, 0x0861, 0x0861, 0x0861, 0x0861, 0x0861, 0x0861, 0x0861, 0x0861, 0x0861, 0x0861, 0x0861,
  0x0861, 0x0861, 0x0861, 0x0861, 0x0861, 0x0861, 0x0861, 0x0861, 0x0841, 0x0020, 0x0000, 0x0000, 0x0000, 0x0041, 0x1082, 0x10A2,
  0x2966, 0x39C7, 0x39C7, 0x39C7, 0x39C7, 0x39C7, 0x39C7, 0x39C7, 0x39C7, 0x39C7, 0x39C7, 0x39C7, 0x39C7, 0x39C7, 0x39C7, 0x39C7,
  0x39C7, 0x39C7, 0x39C7, 0x39C7, 0x39C7, 0x39C7, 0x39C7, 0x39C7, 0x39C7, 0x39C7, 0x39C7, 0x39C7, 0x39C7, 0x39C7, 0x39C7, 0x39C7,
  0x39C7, 0x39C7, 0x39C7, 0x39C7, 0x39C7, 0x39C7, 0x39C7, 0x39C7, 0x39C7, 0x39C7, 0x39C7, 0x39C7, 0x39C7, 0x39C7, 0x39C7, 0x39C7,
  0x39C7, 0x31C7, 0x2945, 0x10A3, 0x0841, 0x0000, 0x0000, 0x0000, 0x0000, 0x0841, 0x0841, 0x0861, 0x1082, 0x1082, 0x1082, 0x0861,
  0x0861, 0x0861, 0x0861, 0x0861, 0x0861, 0x0861, 0x0861, 0x0861, 0x0861, 0x0861, 0x0861, 0x0861, 0x0861, 0x0861, 0x0861, 0x1082,
  0x1082, 0x1082, 0x1082, 0x0861, 0x0861, 0x0861, 0x0861, 0x0862, 0x1082, 0x1082, 0x0861, 0x1082, 0x0861, 0x0861, 0x0861, 0x0841,
  0x0000, 0x39C7, 0x39C7, 0x39C7, 0x39C7, 0x39C7, 0x39C7, 0x39C7, 0x39C7, 0x39C7, 0x39C7, 0x39C7, 0x39C7, 0x39C7, 0x39C7, 0x39C7,
  0x39C7, 0x39C7, 0x31C7, 0x31C7, 0x31A7, 0x31A7, 0x31A7, 0x31A7, 0x31A7, 0x31A7, 0x31A7, 0x3186, 0x3186, 0x3186, 0x2986, 0x2966,
  0x2966, 0x2966, 0x2945, 0x2945, 0x2945, 0x2125, 0x2945, 0x2104, 0x2965, 0x2965, 0x0000, 0x0020, 0x18E3, 0x18E3, 0x39C7, 0x0000,
  0x0020, 0x1082, 0x3186, 0x0000, 0x2945, 0x1082, 0x18E4, 0x2104, 0x0841, 0x0000, 0x0000, 0x0020, 0x0841, 0x0861, 0x0861, 0x0861,
  0x0861, 0x1082, 0x1082, 0x1082, 0x1082, 0x1082, 0x1082, 0x1082, 0x10A2, 0x10A2, 0x10A2, 0x10A3, 0x10A3, 0x18C3, 0x18C3, 0x18C3,
  0x18C3, 0x18E4, 0x18E4, 0x18E4, 0x2104, 0x2104, 0x1904, 0x2124, 0x2125, 0x2125, 0x2125, 0x2945, 0x2966, 0x31A6, 0x31A7, 0x2945,
  0x31A7, 0x10A2, 0x0000, 0x0861, 0x0861, 0x0861, 0x0861, 0x0861, 0x0861, 0x1082, 0x0861, 0x0861, 0x0861, 0x0861, 0x0861, 0x0861,
  0x0861, 0x0861, 0x0861, 0x0861, 0x0861, 0x0861, 0x0861, 0x0861, 0x0861, 0x0861, 0x0861, 0x0861, 0x0861, 0x0861, 0x0861, 0x0861,
  0x0861, 0x0861, 0x0861, 0x0861, 0x0861, 0x0861, 0x0841, 0x0000, 0x0000, 0x0000, 0x0020, 0x0861, 0x18E3, 0x2966, 0x31C7, 0x31A7,
  0x31A6, 0x31A6, 0x31A6, 0x31C7, 0x31C6, 0x31A6, 0x31A6, 0x31A6, 0x31A6, 0x31A6, 0x31A6, 0x31A6, 0x31C6, 0x31C6, 0x31A6, 0x31C6,
  0x31A6, 0x31A6, 0x31A6, 0x31C6, 0x31C6, 0x31A6, 0x31A7, 0x31A6, 0x31C6, 0x39A6, 0x39A6, 0x31A6, 0x31A6, 0x31A6, 0x31A6, 0x31A6,
  0x31A6, 0x39A6, 0x31A6, 0x31A7, 0x31A6, 0x31C6, 0x31C6, 0x31A7, 0x31A6, 0x31A6, 0x31C6, 0x31A6, 0x31A6, 0x31A6, 0x31A6, 0x31A6,
  0x31A6, 0x31A6, 0x31A6, 0x31A6, 0x31A6, 0x2966, 0x10C3, 0x0841, 0x0020, 0x0000, 0x0000, 0x0000, 0x0841, 0x0861, 0x0861, 0x0861,
  0x0861, 0x0861, 0x1081, 0x1082, 0x0861, 0x0861, 0x0861, 0x0861, 0x0861, 0x0861, 0x0861, 0x0861, 0x0861, 0x0861, 0x0861, 0x1082,
  0x1082, 0x1082, 0x1082, 0x1082, 0x1082, 0x1082, 0x1082, 0x0861, 0x0861, 0x1082, 0x1082, 0x0861, 0x1082, 0x0861, 0x1082, 0x0861,
  0x0000, 0x0841, 0x31A6, 0x31A6, 0x31A7, 0x31A7, 0x31A6, 0x31A6, 0x31A6, 0x31A6, 0x31A6, 0x31A6, 0x31A6, 0x31A6, 0x31A6, 0x39A6,
  0x39A6, 0x31A6, 0x31A7, 0x31A6, 0x31A6, 0x31A6, 0x31A6, 0x31A6, 0x31A6, 0x31A7, 0x31A7, 0x3186, 0x31A7, 0x3186, 0x2986, 0x2966,
  0x2966, 0x2966, 0x2946, 0x2145, 0x2945, 0x2124, 0x2965, 0x2104, 0x2945, 0x2965, 0x0000, 0x0841, 0x10A2, 0x18E3, 0x31A6, 0x2945,
  0x3186, 0x2966, 0x2945, 0x2965, 0x3186, 0x2965, 0x2965, 0x2945, 0x1082, 0x0000, 0x0000, 0x0020, 0x0841, 0x0861, 0x0861, 0x0861,
  0x0861, 0x1082, 0x1082, 0x1082, 0x1082, 0x1082, 0x1082, 0x1082, 0x10A2, 0x10A2, 0x10A2, 0x10A3, 0x10A3, 0x18C3, 0x18C3, 0x18C3,
  0x18E3, 0x18C3, 0x18E3, 0x1904, 0x1904, 0x18E4, 0x2104, 0x2124, 0x2124, 0x2125, 0x2945, 0x2966, 0x2986, 0x2986, 0x2945, 0x31A6,
  0x2966, 0x0000, 0x0841, 0x0861, 0x0861, 0x0861, 0x1082, 0x0861, 0x1082, 0x1082, 0x0861, 0x0861, 0x0861, 0x0861, 0x0861, 0x0861,
  0x0861, 0x0861, 0x0861, 0x0861, 0x0861, 0x0861, 0x0861, 0x0861, 0x0861, 0x0861, 0x0861, 0x0861, 0x0861, 0x0861, 0x0861, 0x0861,
  0x0861, 0x0861, 0x0861, 0x0841, 0x0040, 0x0000, 0x0000, 0x0020, 0x0841, 0x1082, 0x2965, 0x31A6, 0x31A6, 0x31A6, 0x31A6, 0x31A6,
  0x31A6, 0x31A6, 0x31A6, 0x31A6, 0x31A6, 0x31A6, 0x31A6, 0x31A6, 0x31A6, 0x31A6, 0x31A6, 0x31A6, 0x31A6, 0x31A6, 0x31A6, 0x31A6,
  0x31A6, 0x31A6, 0x31A6, 0x31A6, 0x31A6, 0x31A6, 0x31A6, 0x31A6, 0x31A6, 0x31A6, 0x31A6, 0x31A6, 0x31A6, 0x31A6, 0x31A6, 0x31A6,
  0x31A6, 0x31A6, 0x31A6, 0x31A6, 0x31A6, 0x31A6, 0x31A6, 0x31A6, 0x31A6, 0x31A6, 0x31A6, 0x31A6, 0x31A6, 0x31A6, 0x31A6, 0x31A6,
  0x31A6, 0x31A6, 0x31A6, 0x31A6, 0x31A6, 0x31A6, 0x31A6, 0x31A6, 0x2966, 0x10A2, 0x0861, 0x0000, 0x0000, 0x0000, 0x0020, 0x0861,
  0x0861, 0x0861, 0x1082, 0x1082, 0x0861, 0x0861, 0x0861, 0x0861, 0x0861, 0x0861, 0x0861, 0x0861, 0x0861, 0x0861, 0x0861, 0x1082,
  0x1082, 0x1082, 0x0861, 0x1082, 0x1082, 0x0861, 0x1082, 0x1082, 0x1082, 0x1082, 0x1082, 0x1082, 0x0861, 0x1082, 0x1082, 0x1082,
  0x0021, 0x0000, 0x18C3, 0x31A6, 0x3186, 0x31A6, 0x31A6, 0x31A6, 0x31A6, 0x31A6, 0x31A6, 0x31A6, 0x31A6, 0x31A6, 0x31A6, 0x31A6,
  0x31A6, 0x31A6, 0x31A6, 0x31A6, 0x31A6, 0x31A6, 0x31A6, 0x31A6, 0x31A6, 0x31A6, 0x3186, 0x3186, 0x3186, 0x2986, 0x3186, 0x3186,
  0x2986, 0x2966, 0x2945, 0x2145, 0x2945, 0x2125, 0x2125, 0x2125, 0x2945, 0x3186, 0x0000, 0x0000, 0x18C3, 0x2965, 0x10A2, 0x31A6,
  0x2945, 0x18E3, 0x0000, 0x2945, 0x0841, 0x18C3, 0x18C3, 0x2104, 0x31A6, 0x0000, 0x0020, 0x0841, 0x0841, 0x0861, 0x0861, 0x0861,
  0x1082, 0x1082, 0x1082, 0x1082, 0x1082, 0x1082, 0x1082, 0x1082, 0x10A2, 0x10A2, 0x10A2, 0x10A3, 0x10A3, 0x18C3, 0x18C3, 0x18C3,
  0x18C3, 0x18E3, 0x18E3, 0x18E4, 0x2104, 0x2104, 0x2104, 0x2124, 0x2125, 0x2145, 0x2145, 0x2966, 0x3186, 0x2966, 0x31A6, 0x31A6,
  0x0000, 0x0020, 0x0861, 0x0861, 0x0861, 0x1082, 0x0861, 0x0861, 0x0861, 0x1082, 0x0861, 0x0861, 0x0861, 0x1082, 0x1082, 0x0861,
  0x1082, 0x0861, 0x0861, 0x0861, 0x1082, 0x0861, 0x0861, 0x0861, 0x0861, 0x0861, 0x0861, 0x0861, 0x0861, 0x0861, 0x0861, 0x0861,
  0x0841, 0x0841, 0x0020, 0x0000, 0x0020, 0x0041, 0x0861, 0x2104, 0x2945, 0x3186, 0x31A6, 0x31A6, 0x31A6, 0x31A6, 0x31A6, 0x31A6,
  0x31A6, 0x31A6, 0x31A6, 0x31A6, 0x31A6, 0x31A6, 0x31A6, 0x31A6, 0x31A6, 0x31A6, 0x31A6, 0x31A6, 0x31A6, 0x31A6, 0x31A6, 0x31A6,
  0x31A6, 0x31A6, 0x31A6, 0x31A6, 0x31A6, 0x31A6, 0x31A6, 0x31A6, 0x31A6, 0x31A6, 0x31A6, 0x31A6, 0x31A6, 0x31A6, 0x31A6, 0x31A6,
  0x31A6, 0x31A6, 0x31A6, 0x31A6, 0x31A6, 0x31A6, 0x31A6, 0x31A6, 0x31A6, 0x31A6, 0x31A6, 0x31A6, 0x31A6, 0x31A6, 0x31A6, 0x31A6,
  0x31A6, 0x31A6, 0x31A6, 0x31A6, 0x31A6, 0x31A6, 0x31A6, 0x31A6, 0x31A6, 0x31A6, 0x2966, 0x2105, 0x0861, 0x0020, 0x0000, 0x0000,
  0x0821, 0x0841, 0x1082, 0x0862, 0x0861, 0x0861, 0x1082, 0x0861, 0x0861, 0x1082, 0x0861, 0x1082, 0x1082, 0x1082, 0x1082, 0x1082,
  0x1082, 0x1082, 0x0861, 0x0861, 0x0861, 0x1082, 0x1082, 0x1082, 0x1082, 0x1082, 0x1082, 0x1082, 0x1082, 0x1082, 0x1082, 0x0861,
  0x0861, 0x0000, 0x0000, 0x31A6, 0x31A6, 0x31A6, 0x31A6, 0x31A6, 0x31A6, 0x31A6, 0x31A6, 0x31A6, 0x31A6, 0x31A6, 0x31A6, 0x31A6,
  0x31A6, 0x31A6, 0x31A6, 0x31A6, 0x31A6, 0x31A6, 0x31A6, 0x31A6, 0x31A6, 0x3186, 0x3186, 0x31A6, 0x31A6, 0x3186, 0x3186, 0x3186,
  0x2966, 0x2945, 0x2945, 0x2945, 0x2965, 0x2945, 0x2125, 0x2125, 0x2125, 0x3186, 0x0000, 0x0000, 0x0000, 0x2104, 0x0000, 0x3186,
  0x3186, 0x2945, 0x10A2, 0x2965, 0x0841, 0x1082, 0x0841, 0x0000, 0x3186, 0x0000, 0x0020, 0x0020, 0x0861, 0x0861, 0x0861, 0x0861,
  0x1082, 0x1082, 0x1082, 0x1082, 0x1082, 0x1082, 0x1082, 0x1082, 0x10A2, 0x10A2, 0x10A2, 0x10A3, 0x10A3, 0x18C3, 0x18C3, 0x18C3,
  0x18C3, 0x18E3, 0x18E3, 0x18E4, 0x2104, 0x2104, 0x2104, 0x2124, 0x2124, 0x2125, 0x2945, 0x2966, 0x3186, 0x2945, 0x31A6, 0x31A6,
  0x0000, 0x0841, 0x0861, 0x0861, 0x0861, 0x1082, 0x1082, 0x1082, 0x1082, 0x1082, 0x0861, 0x1082, 0x1082, 0x1082, 0x0861, 0x1082,
  0x0861, 0x0861, 0x0861, 0x0861, 0x0861, 0x0861, 0x0861, 0x0861, 0x0861, 0x0861, 0x0861, 0x0861, 0x0861, 0x0861, 0x0861, 0x0861,
  0x0841, 0x0000, 0x0020, 0x0841, 0x18C3, 0x2125, 0x2966, 0x3186, 0x31A6, 0x31A6, 0x31A6, 0x31A6, 0x31A6, 0x31A6, 0x31A6, 0x31A6,
  0x31A6, 0x31A6, 0x31A6, 0x31A6, 0x31A6, 0x31A6, 0x31A6, 0x31A6, 0x31A6, 0x31A6, 0x31A6, 0x31A6, 0x31A6, 0x31A6, 0x31A6, 0x31A6,
  0x31A6, 0x31A6, 0x31A6, 0x31A6, 0x31A6, 0x31A6, 0x31A6, 0x31A6, 0x31A6, 0x31A6, 0x31A6, 0x31A6, 0x31A6, 0x31A6, 0x31A6, 0x31A6,
  0x31A6, 0x31A6, 0x31A6, 0x31A6, 0x31A6, 0x31A6, 0x31A6, 0x31A6, 0x31A6, 0x31A6, 0x31A6, 0x31A6, 0x31A6, 0x31A6, 0x31A6, 0x31A6,
  0x31A6, 0x31A6, 0x31A6, 0x31A6, 0x31A6, 0x3186, 0x31A6, 0x31A6, 0x31A6, 0x31A6, 0x31A6, 0x3186, 0x2966, 0x2945, 0x10A3, 0x0841,
  0x0000, 0x0000, 0x0841, 0x0861, 0x0861, 0x1082, 0x1082, 0x0861, 0x1082, 0x1082, 0x1082, 0x1082, 0x1082, 0x1082, 0x1082, 0x1082,
  0x1082, 0x1082, 0x0861, 0x1082, 0x1082, 0x1082, 0x10A2, 0x10A2, 0x1082, 0x1082, 0x10A2, 0x1082, 0x10A2, 0x1082, 0x1082, 0x1082,
  0x0861, 0x0841, 0x0000, 0x31A6, 0x31A6, 0x31A6, 0x31A6, 0x31A6, 0x31A6, 0x31A6, 0x31A6, 0x31A6, 0x31A6, 0x31A6, 0x31A6, 0x31A6,
  0x31A6, 0x31A6, 0x31A6, 0x31A6, 0x31A6, 0x31A6, 0x31A6, 0x31A6, 0x31A6, 0x31A6, 0x31A6, 0x31A6, 0x31A6, 0x3186, 0x3186, 0x3186,
  0x3186, 0x2945, 0x2945, 0x2945, 0x2945, 0x2966, 0x2125, 0x2945, 0x2125, 0x3186, 0x0020, 0x0000, 0x0861, 0x31A6, 0x2945, 0x18E4,
  0x10A3, 0x18C3, 0x3186, 0x2104, 0x3186, 0x2965, 0x2965, 0x2125, 0x3186, 0x0000, 0x0020, 0x0020, 0x0861, 0x0861, 0x0861, 0x0861,
  0x1082, 0x1082, 0x1082, 0x1082, 0x1082, 0x1082, 0x1082, 0x1082, 0x10A2, 0x10A2, 0x10A2, 0x10A3, 0x10A3, 0x18C3, 0x18C3, 0x18C3,
  0x18C3, 0x18E3, 0x18E3, 0x18E4, 0x1904, 0x2104, 0x2104, 0x2125, 0x2125, 0x2945, 0x2966, 0x2966, 0x2966, 0x3186, 0x3186, 0x2104,
  0x0841, 0x0861, 0x0861, 0x0861, 0x0861, 0x1082, 0x0861, 0x0841, 0x0020, 0x0000, 0x0000, 0x0020, 0x1082, 0x10A2, 0x1082, 0x0861,
  0x0861, 0x1082, 0x0861, 0x0861, 0x0861, 0x0861, 0x0861, 0x0861, 0x0861, 0x0861, 0x0861, 0x0861, 0x0861, 0x0861, 0x0020, 0x0020,
  0x0020, 0x0861, 0x10A2, 0x2104, 0x2965, 0x3186, 0x3186, 0x2986, 0x3186, 0x3186, 0x3186, 0x3186, 0x3186, 0x3186, 0x3186, 0x3186,
  0x3186, 0x3186, 0x3186, 0x3186, 0x3186, 0x3186, 0x3186, 0x3186, 0x3186, 0x3186, 0x3186, 0x3186, 0x3186, 0x3186, 0x3186, 0x3186,
  0x3186, 0x3186, 0x3186, 0x3186, 0x3186, 0x3186, 0x3186, 0x3186, 0x3186, 0x3186, 0x3186, 0x3186, 0x3186, 0x3186, 0x3186, 0x3186,
  0x3186, 0x3186, 0x3186, 0x3186, 0x3186, 0x3186, 0x3186, 0x3186, 0x3186, 0x3186, 0x3186, 0x3186, 0x3186, 0x3186, 0x3186, 0x3186,
  0x3186, 0x3186, 0x3186, 0x3186, 0x3186, 0x3186, 0x3186, 0x3186, 0x3186, 0x2966, 0x2966, 0x2986, 0x2965, 0x3186, 0x3186, 0x2104,
  0x10A3, 0x0862, 0x0000, 0x0020, 0x0020, 0x0861, 0x0861, 0x0861, 0x0861, 0x0861, 0x0861, 0x1082, 0x1082, 0x1082, 0x1082, 0x1082,
  0x1082, 0x1082, 0x1082, 0x1082, 0x1082, 0x10A2, 0x1082, 0x0020, 0x0000, 0x0000, 0x0020, 0x0861, 0x1082, 0x1082, 0x1082, 0x1082,
  0x0861, 0x0861, 0x0841, 0x10A2, 0x3186, 0x3186, 0x3186, 0x3186, 0x3186, 0x3186, 0x3186, 0x3186, 0x3186, 0x3186, 0x3186, 0x3186,
  0x3186, 0x3186, 0x3186, 0x3186, 0x3186, 0x3186, 0x3186, 0x3186, 0x3186, 0x3186, 0x3186, 0x3186, 0x3186, 0x3186, 0x2986, 0x2966,
  0x2966, 0x2966, 0x2945, 0x2945, 0x2945, 0x2966, 0x2945, 0x2945, 0x2125, 0x3186, 0x0020, 0x0000, 0x0861, 0x2966, 0x3186, 0x0000,
  0x0020, 0x0841, 0x3186, 0x0000, 0x2945, 0x18C3, 0x2104, 0x3186, 0x0861, 0x0000, 0x0020, 0x0841, 0x0861, 0x0861, 0x0861, 0x0861,
  0x1082, 0x1082, 0x1082, 0x1082, 0x1082, 0x1082, 0x1082, 0x1082, 0x10A2, 0x10A2, 0x10A2, 0x10A3, 0x10A3, 0x18C3, 0x18C3, 0x18C3,
  0x18C3, 0x18E3, 0x18E4, 0x18E3, 0x2104, 0x2124, 0x2124, 0x2124, 0x2125, 0x2945, 0x2965, 0x2966, 0x2145, 0x3186, 0x3186, 0x0000,
  0x0862, 0x0862, 0x1082, 0x0861, 0x10A2, 0x1082, 0x0000, 0x0000, 0x0000, 0x0020, 0x0020, 0x0000, 0x0000, 0x0841, 0x10A2, 0x0861,
  0x1082, 0x1082, 0x0861, 0x0861, 0x0861, 0x0861, 0x0861, 0x0861, 0x0861, 0x0861, 0x0861, 0x0841, 0x0841, 0x0020, 0x0020, 0x0841,
  0x10A2, 0x2104, 0x2125, 0x2965, 0x2965, 0x2966, 0x3186, 0x3186, 0x3186, 0x3186, 0x3186, 0x3186, 0x3186, 0x3186, 0x3186, 0x3186,
  0x3186, 0x3186, 0x3186, 0x3186, 0x3186, 0x3186, 0x3186, 0x3186, 0x3186, 0x3186, 0x3186, 0x3186, 0x3186, 0x3186, 0x3186, 0x2986,
  0x2145, 0x2125, 0x18E4, 0x18C3, 0x1082, 0x1082, 0x0861, 0x0841, 0x0861, 0x0841, 0x0841, 0x0861, 0x0861, 0x1082, 0x10A2, 0x10A2,
  0x18C3, 0x2124, 0x2965, 0x3186, 0x3186, 0x3186, 0x3186, 0x3186, 0x3186, 0x3186, 0x3186, 0x3186, 0x3186, 0x3186, 0x3186, 0x3186,
  0x3186, 0x3186, 0x3186, 0x3186, 0x3186, 0x3186, 0x3186, 0x3186, 0x3186, 0x2966, 0x2945, 0x2966, 0x2965, 0x2145, 0x2966, 0x2145,
  0x2945, 0x2124, 0x10A3, 0x0841, 0x0020, 0x0020, 0x0841, 0x0861, 0x1082, 0x1082, 0x1082, 0x1082, 0x1082, 0x1082, 0x1082, 0x1082,
  0x1082, 0x1082, 0x1082, 0x0861, 0x10A2, 0x0841, 0x0000, 0x0000, 0x0020, 0x0020, 0x0000, 0x0000, 0x0000, 0x10A2, 0x10A2, 0x0861,
  0x0861, 0x1061, 0x1061, 0x0000, 0x2965, 0x3186, 0x3186, 0x3186, 0x3186, 0x3186, 0x3186, 0x3186, 0x3186, 0x3186, 0x3186, 0x3186,
  0x3186, 0x3186, 0x3186, 0x3186, 0x3186, 0x3186, 0x3186, 0x3186, 0x3186, 0x3186, 0x3186, 0x3186, 0x3186, 0x3186, 0x3186, 0x2986,
  0x2986, 0x2966, 0x2945, 0x2145, 0x2945, 0x2966, 0x2945, 0x2966, 0x2124, 0x3186, 0x0000, 0x0020, 0x1082, 0x2125, 0x3186, 0x2104,
  0x2966, 0x2966, 0x3186, 0x2124, 0x3186, 0x2965, 0x2945, 0x2965, 0x0841, 0x0000, 0x0000, 0x0020, 0x0861, 0x0861, 0x0861, 0x0861,
  0x1082, 0x1082, 0x1082, 0x1082, 0x1082, 0x1082, 0x1082, 0x1082, 0x10A2, 0x10A2, 0x10A2, 0x10A3, 0x10A3, 0x18C3, 0x18C3, 0x18C3,
  0x18C3, 0x18E3, 0x18E3, 0x18E4, 0x18E4, 0x2104, 0x2124, 0x2125, 0x2125, 0x2945, 0x2965, 0x2966, 0x2945, 0x3186, 0x0000, 0x0020,
  0x0861, 0x0862, 0x1082, 0x1082, 0x1082, 0x0020, 0x0000, 0x0841, 0x2966, 0x0861, 0x0861, 0x1082, 0x0000, 0x0000, 0x0020, 0x10A2,
  0x0861, 0x1082, 0x0861, 0x0861, 0x0861, 0x0861, 0x0861, 0x0861, 0x0861, 0x0861, 0x0841, 0x0020, 0x0020, 0x0841, 0x10A2, 0x2104,
  0x2945, 0x2945, 0x2945, 0x2966, 0x2966, 0x3186, 0x3186, 0x2986, 0x2966, 0x3186, 0x3186, 0x3186, 0x3186, 0x3186, 0x3186, 0x3186,
  0x3186, 0x3186, 0x3186, 0x3186, 0x3186, 0x3186, 0x3186, 0x3186, 0x3186, 0x2124, 0x18C3, 0x10A2, 0x0000, 0x0000, 0x0000, 0x0000,
  0x0000, 0x0000, 0x0000, 0x0000, 0x0000, 0x0000, 0x0000, 0x0000, 0x0000, 0x0000, 0x0000, 0x0000, 0x0000, 0x0000, 0x0000, 0x0000,
  0x0000, 0x0000, 0x0000, 0x0000, 0x0000, 0x0000, 0x0020, 0x1082, 0x18C3, 0x2124, 0x3186, 0x3186, 0x3186, 0x3186, 0x3186, 0x3186,
  0x3186, 0x3186, 0x3186, 0x3186, 0x3186, 0x3186, 0x3186, 0x3186, 0x3186, 0x2986, 0x3186, 0x2945, 0x2986, 0x2966, 0x2945, 0x1904,
  0x2124, 0x2124, 0x2104, 0x18E3, 0x18C3, 0x0020, 0x0000, 0x0020, 0x0841, 0x1082, 0x1082, 0x1082, 0x1082, 0x1082, 0x1082, 0x1082,
  0x1082, 0x1082, 0x1082, 0x10A2, 0x0020, 0x0000, 0x0000, 0x1082, 0x0861, 0x0861, 0x2965, 0x0000, 0x0000, 0x0020, 0x10A2, 0x10A2,
  0x1082, 0x1082, 0x1081, 0x0020, 0x0000, 0x3186, 0x3186, 0x3186, 0x3186, 0x3186, 0x3186, 0x3186, 0x3186, 0x3186, 0x3186, 0x3186,
  0x3186, 0x3186, 0x3186, 0x3186, 0x3186, 0x3186, 0x3186, 0x3186, 0x3186, 0x3186, 0x3186, 0x3186, 0x3186, 0x3186, 0x3186, 0x3186,
  0x3186, 0x2945, 0x2945, 0x2125, 0x2945, 0x2966, 0x2945, 0x3186, 0x2125, 0x3186, 0x0000, 0x0000, 0x10A2, 0x2945, 0x18E3, 0x3186,
  0x2945, 0x2945, 0x0000, 0x2965, 0x1082, 0x18E4, 0x2125, 0x2945, 0x2965, 0x0000, 0x0841, 0x0020, 0x0861, 0x0861, 0x0861, 0x0861,
  0x1082, 0x1082, 0x1082, 0x1082, 0x1082, 0x1082, 0x10A2, 0x10A2, 0x1082, 0x10A2, 0x10A3, 0x10C3, 0x10C3, 0x18C3, 0x18C3, 0x18C3,
  0x18C3, 0x18E3, 0x18E4, 0x18E4, 0x18E4, 0x2104, 0x2124, 0x2125, 0x2945, 0x2945, 0x2965, 0x2125, 0x2965, 0x18C3, 0x0000, 0x0861,
  0x0861, 0x1082, 0x0861, 0x10A2, 0x0841, 0x0000, 0x0000, 0x2965, 0x2965, 0x0000, 0x0000, 0x0841, 0x0861, 0x0000, 0x0000, 0x18C3,
  0x1082, 0x0861, 0x1082, 0x0861, 0x0861, 0x0861, 0x1082, 0x0861, 0x0841, 0x0841, 0x0020, 0x0861, 0x1082, 0x10C3, 0x2124, 0x2945,
  0x2965, 0x2945, 0x2965, 0x2965, 0x2965, 0x2965, 0x2945, 0x2965, 0x2965, 0x2965, 0x2965, 0x2965, 0x2965, 0x2965, 0x2965, 0x2965,
  0x2965, 0x2965, 0x2965, 0x2965, 0x2124, 0x18E3, 0x0841, 0x0000, 0x0000, 0x0000, 0x0000, 0x0000, 0x0000, 0x0000, 0x0000, 0x0000,
  0x0000, 0x0000, 0x0000, 0x0000, 0x0841, 0x1082, 0x10A2, 0x10A2, 0x18C3, 0x18E3, 0x18C3, 0x10A2, 0x10A2, 0x1082, 0x0841, 0x0000,
  0x0000, 0x0000, 0x0000, 0x0000, 0x0000, 0x0000, 0x0000, 0x0000, 0x0000, 0x0000, 0x0000, 0x0000, 0x0841, 0x18E3, 0x2125, 0x2965,
  0x2965, 0x2965, 0x2965, 0x2965, 0x2965, 0x2965, 0x2965, 0x2965, 0x2965, 0x2965, 0x2965, 0x2965, 0x2125, 0x2945, 0x2125, 0x2124,
  0x2104, 0x18E4, 0x18E4, 0x1904, 0x2104, 0x18C3, 0x1082, 0x0861, 0x0000, 0x0020, 0x0841, 0x1082, 0x1082, 0x0861, 0x1082, 0x1082,
  0x1082, 0x1082, 0x10A2, 0x10A2, 0x0000, 0x0000, 0x0841, 0x0861, 0x0000, 0x0000, 0x2965, 0x2124, 0x0861, 0x0000, 0x0841, 0x10A3,
  0x1082, 0x1082, 0x1082, 0x0861, 0x0000, 0x0000, 0x2965, 0x2965, 0x2965, 0x2965, 0x2965, 0x2965, 0x2965, 0x2965, 0x2965, 0x2965,
  0x2965, 0x2965, 0x2965, 0x2965, 0x2965, 0x2965, 0x2965, 0x2965, 0x2965, 0x2965, 0x2965, 0x2965, 0x2965, 0x2965, 0x2965, 0x2965,
  0x2965, 0x2945, 0x2145, 0x2125, 0x2125, 0x2965, 0x2965, 0x2965, 0x2125, 0x2965, 0x0000, 0x0000, 0x0000, 0x10A2, 0x0000, 0x2965,
  0x2965, 0x2965, 0x0841, 0x2965, 0x0020, 0x0041, 0x0041, 0x0000, 0x2965, 0x0000, 0x0020, 0x0020, 0x0841, 0x0861, 0x0861, 0x0861,
  0x1082, 0x1082, 0x1082, 0x1082, 0x1082, 0x1082, 0x10A2, 0x10A2, 0x10A2, 0x10A2, 0x10A3, 0x10C3, 0x10C3, 0x18C3, 0x18C3, 0x18C3,
  0x18C3, 0x18E3, 0x18E4, 0x18E4, 0x18E4, 0x2104, 0x2104, 0x2124, 0x2145, 0x2145, 0x2145, 0x2965, 0x2965, 0x0000, 0x0841, 0x0861,
  0x1082, 0x1082, 0x0861, 0x1082, 0x0000, 0x0000, 0x10A2, 0x2965, 0x0020, 0x0000, 0x0000, 0x0000, 0x0861, 0x0020, 0x0000, 0x1082,
  0x10A2, 0x0861, 0x1082, 0x1082, 0x1082, 0x0861, 0x0861, 0x0841, 0x0020, 0x0841, 0x0861, 0x18C3, 0x2104, 0x2124, 0x2965, 0x2125,
  0x2945, 0x2965, 0x2965, 0x2965, 0x2965, 0x2965, 0x2965, 0x2965, 0x2965, 0x2965, 0x2965, 0x2965, 0x2965, 0x2965, 0x2965, 0x2965,
  0x18E4, 0x1082, 0x0862, 0x0000, 0x0000, 0x0000, 0x0000, 0x0000, 0x0000, 0x0000, 0x0000, 0x0000, 0x2104, 0x2965, 0x2965, 0x2965,
  0x2965, 0x2965, 0x2965, 0x2965, 0x2965, 0x2965, 0x2965, 0x2965, 0x2965, 0x2965, 0x2965, 0x2965, 0x2965, 0x2965, 0x2965, 0x2965,
  0x2965, 0x2965, 0x2965, 0x2965, 0x2965, 0x2965, 0x2104, 0x0000, 0x0000, 0x0000, 0x0000, 0x0000, 0x0000, 0x0000, 0x0000, 0x0000,
  0x0861, 0x18C3, 0x2125, 0x2965, 0x2965, 0x2965, 0x2965, 0x2965, 0x2965, 0x2965, 0x2965, 0x2965, 0x2945, 0x2145, 0x2124, 0x2125,
  0x2124, 0x2104, 0x1904, 0x18E4, 0x2104, 0x18C3, 0x18C3, 0x18E3, 0x0861, 0x0020, 0x0020, 0x0841, 0x0861, 0x1082, 0x1082, 0x1082,
  0x1082, 0x1082, 0x10A2, 0x0861, 0x0000, 0x0020, 0x10A2, 0x0000, 0x0000, 0x0000, 0x0000, 0x18E3, 0x10A2, 0x0000, 0x0000, 0x1082,
  0x1082, 0x1082, 0x1082, 0x0861, 0x0841, 0x0000, 0x2965, 0x2965, 0x2965, 0x2965, 0x2965, 0x2965, 0x2965, 0x2965, 0x2965, 0x2965,
  0x2965, 0x2965, 0x2965, 0x2965, 0x2965, 0x2965, 0x2965, 0x2965, 0x2965, 0x2965, 0x2965, 0x2965, 0x2965, 0x2965, 0x2965, 0x2965,
  0x2965, 0x2945, 0x2125, 0x2104, 0x2125, 0x2965, 0x2965, 0x2965, 0x2125, 0x2965, 0x0000, 0x0000, 0x0861, 0x2965, 0x2965, 0x2124,
  0x2125, 0x2124, 0x2965, 0x2965, 0x2965, 0x2965, 0x2965, 0x18E3, 0x2965, 0x0000, 0x0020, 0x0020, 0x0861, 0x0861, 0x0861, 0x0861,
  0x1082, 0x1082, 0x1082, 0x1082, 0x1082, 0x1082, 0x10A2, 0x10A2, 0x10A2, 0x10A2, 0x10A3, 0x18C3, 0x10C3, 0x18C3, 0x18C3, 0x18C3,
  0x18C3, 0x18E3, 0x18E4, 0x1904, 0x1904, 0x2104, 0x2104, 0x2124, 0x2124, 0x2125, 0x2945, 0x2965, 0x2965, 0x0020, 0x1081, 0x0861,
  0x1082, 0x1082, 0x1082, 0x0861, 0x0000, 0x0020, 0x2104, 0x18E3, 0x0000, 0x1082, 0x0020, 0x0000, 0x0000, 0x0020, 0x0000, 0x10A2,
  0x10A2, 0x1082, 0x1082, 0x0861, 0x0861, 0x0841, 0x0841, 0x0020, 0x0861, 0x10A2, 0x18E4, 0x2125, 0x2945, 0x2945, 0x2965, 0x2965,
  0x2125, 0x2965, 0x2965, 0x2965, 0x2965, 0x2965, 0x2965, 0x2965, 0x2965, 0x2965, 0x2965, 0x2965, 0x2965, 0x10A2, 0x0841, 0x0041,
  0x0000, 0x0000, 0x0000, 0x0000, 0x0000, 0x0000, 0x0862, 0x2124, 0x2965, 0x2965, 0x2965, 0x2965, 0x2965, 0x2965, 0x2965, 0x2965,
  0x2965, 0x2965, 0x2965, 0x2965, 0x2965, 0x2965, 0x2965, 0x2965, 0x2965, 0x2965, 0x2965, 0x2965, 0x2965, 0x2965, 0x2965, 0x2965,
  0x2965, 0x2965, 0x2965, 0x2965, 0x2965, 0x2965, 0x2965, 0x2965, 0x2965, 0x2965, 0x2965, 0x18E3, 0x0020, 0x0000, 0x0000, 0x0000,
  0x0000, 0x0000, 0x0000, 0x0021, 0x1082, 0x18E4, 0x2965, 0x2965, 0x2965, 0x2965, 0x2945, 0x2945, 0x2945, 0x2945, 0x2945, 0x2104,
  0x2104, 0x2104, 0x18E4, 0x1904, 0x2104, 0x18C3, 0x18C3, 0x10A3, 0x18C3, 0x10A2, 0x0861, 0x0000, 0x0020, 0x0861, 0x1082, 0x1082,
  0x1082, 0x10A2, 0x1082, 0x1082, 0x0000, 0x0841, 0x1082, 0x0000, 0x18C3, 0x18C3, 0x0000, 0x0000, 0x0020, 0x0020, 0x0000, 0x0861,
  0x1082, 0x1082, 0x1082, 0x1082, 0x0861, 0x0020, 0x2965, 0x2965, 0x2965, 0x2965, 0x2965, 0x2965, 0x2965, 0x2965, 0x2965, 0x2965,
  0x2965, 0x2965, 0x2965, 0x2965, 0x2965, 0x2965, 0x2965, 0x2965, 0x2965, 0x2965, 0x2965, 0x2965, 0x2965, 0x2965, 0x2965, 0x2965,
  0x2965, 0x2945, 0x2125, 0x2125, 0x2945, 0x2965, 0x2965, 0x2965, 0x2125, 0x2945, 0x0020, 0x0000, 0x0020, 0x2965, 0x2965, 0x0000,
  0x0020, 0x0000, 0x2965, 0x0000, 0x2124, 0x2125, 0x2104, 0x2945, 0x18C3, 0x0000, 0x0020, 0x0020, 0x0841, 0x0861, 0x0861, 0x0861,
  0x1082, 0x1082, 0x1082, 0x1082, 0x1082, 0x1082, 0x10A2, 0x10A2, 0x10A2, 0x10A2, 0x10A3, 0x18C3, 0x10C3, 0x18C3, 0x18C3, 0x18C3,
  0x18C3, 0x18E3, 0x18E4, 0x1904, 0x1904, 0x2104, 0x2104, 0x2104, 0x2125, 0x2945, 0x2965, 0x2965, 0x2104, 0x0862, 0x0861, 0x1082,
  0x1082, 0x1082, 0x1082, 0x0861, 0x0000, 0x0020, 0x0841, 0x0000, 0x0000, 0x10A3, 0x0020, 0x0000, 0x0000, 0x0020, 0x0020, 0x1082,
  0x1082, 0x1082, 0x1081, 0x0861, 0x0841, 0x0020, 0x0841, 0x0861, 0x18E3, 0x2124, 0x2945, 0x2945, 0x2945, 0x2945, 0x2945, 0x2945,
  0x2945, 0x2945, 0x2945, 0x2965, 0x2965, 0x2965, 0x2965, 0x2965, 0x2965, 0x2965, 0x10A3, 0x0841, 0x0020, 0x0020, 0x0020, 0x0000,
  0x0000, 0x0000, 0x0861, 0x2965, 0x2965, 0x2965, 0x2945, 0x2945, 0x2945, 0x2945, 0x2945, 0x2965, 0x2965, 0x2965, 0x2965, 0x2945,
  0x2945, 0x2945, 0x2965, 0x2965, 0x2965, 0x2965, 0x2965, 0x2945, 0x2965, 0x2965, 0x2965, 0x2965, 0x2945, 0x2945, 0x2965, 0x2965,
  0x2965, 0x2965, 0x2965, 0x2965, 0x2945, 0x2965, 0x2965, 0x2965, 0x2945, 0x2965, 0x2965, 0x2945, 0x2945, 0x2965, 0x2965, 0x2965,
  0x0000, 0x0000, 0x0000, 0x0000, 0x0000, 0x0000, 0x0020, 0x1082, 0x18E3, 0x2945, 0x2965, 0x2965, 0x2125, 0x2945, 0x2945, 0x2104,
  0x2104, 0x1904, 0x18E4, 0x2104, 0x18C3, 0x18C3, 0x18E3, 0x10A3, 0x10A2, 0x10A2, 0x18C3, 0x0861, 0x0020, 0x0020, 0x0841, 0x1082,
  0x1082, 0x10A2, 0x1082, 0x0841, 0x0000, 0x0020, 0x0000, 0x0000, 0x18C3, 0x0861, 0x0000, 0x0000, 0x0020, 0x0020, 0x0000, 0x0862,
  0x1082, 0x1082, 0x1082, 0x0861, 0x1082, 0x0861, 0x0040, 0x2965, 0x2965, 0x2965, 0x2965, 0x2965, 0x2965, 0x2965, 0x2965, 0x2965,
  0x2965, 0x2965, 0x2965, 0x2965, 0x2965, 0x2965, 0x2965, 0x2965, 0x2965, 0x2965, 0x2945, 0x2965, 0x2965, 0x2965, 0x2945, 0x2945,
  0x2965, 0x2945, 0x2125, 0x2124, 0x2945, 0x2945, 0x2965, 0x2965, 0x2965, 0x2965, 0x0000, 0x0000, 0x0861, 0x2945, 0x2965, 0x18E3,
  0x2945, 0x2104, 0x2945, 0x18C3, 0x2945, 0x2945, 0x18E3, 0x2945, 0x0000, 0x0000, 0x0000, 0x0020, 0x0841, 0x0861, 0x0861, 0x0861,
  0x0861, 0x1082, 0x1082, 0x1082, 0x1082, 0x1082, 0x10A2, 0x10A2, 0x10A2, 0x10A3, 0x10A3, 0x10A3, 0x10C3, 0x18C3, 0x18C3, 0x18C3,
  0x18E3, 0x18E4, 0x18E4, 0x1904, 0x2104, 0x2104, 0x2124, 0x2125, 0x2945, 0x2945, 0x2945, 0x2945, 0x0000, 0x0862, 0x1082, 0x1082,
  0x1082, 0x1082, 0x1082, 0x0861, 0x0000, 0x0000, 0x0000, 0x0000, 0x0000, 0x1082, 0x0841, 0x0020, 0x0020, 0x0000, 0x0841, 0x0841,
  0x1082, 0x0862, 0x0861, 0x0841, 0x0021, 0x1082, 0x10A3, 0x18E3, 0x2124, 0x2124, 0x2945, 0x2945, 0x2125, 0x2945, 0x2945, 0x2945,
  0x2945, 0x2145, 0x2945, 0x2945, 0x2945, 0x2945, 0x2945, 0x2104, 0x1082, 0x0841, 0x0020, 0x0840, 0x0000, 0x0841, 0x1082, 0x2124,
  0x2945, 0x2945, 0x2945, 0x2945, 0x2945, 0x2945, 0x2945, 0x2945, 0x2945, 0x2945, 0x2945, 0x2945, 0x2945, 0x2945, 0x2945, 0x2945,
  0x2945, 0x2945, 0x2945, 0x2945, 0x2945, 0x2945, 0x2945, 0x2945, 0x2945, 0x2945, 0x2945, 0x2945, 0x2945, 0x2945, 0x2945, 0x2945,
  0x2945, 0x2945, 0x2945, 0x2945, 0x2945, 0x2945, 0x2945, 0x2945, 0x2945, 0x2945, 0x2945, 0x2945, 0x2945, 0x2945, 0x2945, 0x2945,
  0x2945, 0x2945, 0x2945, 0x0000, 0x0000, 0x0000, 0x0000, 0x0000, 0x0000, 0x0841, 0x10A2, 0x2104, 0x2945, 0x2945, 0x2145, 0x2104,
  0x18E4, 0x2125, 0x18E3, 0x18E3, 0x18E3, 0x18C3, 0x18C3, 0x18C3, 0x10A3, 0x1082, 0x10A3, 0x10A2, 0x1082, 0x0862, 0x0020, 0x0020,
  0x0861, 0x1082, 0x1082, 0x0020, 0x0841, 0x0020, 0x0020, 0x0000, 0x0841, 0x0020, 0x0020, 0x0020, 0x0020, 0x0000, 0x0000, 0x1082,
  0x1082, 0x1082, 0x1082, 0x0861, 0x1082, 0x1082, 0x0000, 0x2945, 0x2945, 0x2945, 0x2945, 0x2945, 0x2945, 0x2945, 0x2945, 0x2945,
  0x2945, 0x2945, 0x2945, 0x2945, 0x2945, 0x2945, 0x2945, 0x2945, 0x2945, 0x2945, 0x2945, 0x2945, 0x2945, 0x2945, 0x2945, 0x2945,
  0x2945, 0x2145, 0x2124, 0x2124, 0x2945, 0x2945, 0x2945, 0x2945, 0x2945, 0x2945, 0x0000, 0x0000, 0x10A2, 0x2945, 0x2145, 0x2945,
  0x2945, 0x2945, 0x0862, 0x2945, 0x18E4, 0x2124, 0x2945, 0x2945, 0x2945, 0x0000, 0x0000, 0x0841, 0x0861, 0x0861, 0x0861, 0x0861,
  0x0861, 0x1082, 0x1082, 0x1082, 0x1082, 0x1082, 0x10A2, 0x10A2, 0x10A3, 0x10A3, 0x18C3, 0x10A3, 0x10C3, 0x18C3, 0x18C3, 0x18C3,
  0x18E3, 0x18E4, 0x18E4, 0x18E4, 0x2104, 0x2104, 0x2104, 0x2945, 0x2945, 0x2104, 0x2945, 0x1082, 0x0020, 0x1082, 0x1082, 0x1082,
  0x1082, 0x1082, 0x1082, 0x1082, 0x0020, 0x0000, 0x0020, 0x0020, 0x0020, 0x0861, 0x0020, 0x0020, 0x0020, 0x0020, 0x0841, 0x0861,
  0x1082, 0x0861, 0x0841, 0x0841, 0x0862, 0x18C3, 0x2104, 0x2125, 0x2124, 0x2145, 0x2125, 0x2945, 0x2145, 0x2125, 0x2945, 0x2145,
  0x2945, 0x2945, 0x2945, 0x2945, 0x2945, 0x18E3, 0x0861, 0x0000, 0x0020, 0x0841, 0x0840, 0x0841, 0x2124, 0x2945, 0x2945, 0x2945,
  0x2945, 0x2945, 0x2945, 0x2945, 0x2945, 0x2945, 0x2945, 0x2945, 0x2945, 0x2945, 0x2945, 0x2945, 0x2945, 0x2945, 0x2945, 0x2945,
  0x2945, 0x2945, 0x2945, 0x2945, 0x2945, 0x2945, 0x2945, 0x2945, 0x2945, 0x2945, 0x2945, 0x2945, 0x2945, 0x2945, 0x2945, 0x2945,
  0x2945, 0x2945, 0x2945, 0x2945, 0x2945, 0x2945, 0x2945, 0x2945, 0x2945, 0x2945, 0x2945, 0x2945, 0x2945, 0x2945, 0x2945, 0x2945,
  0x2945, 0x2945, 0x2945, 0x2945, 0x2945, 0x2945, 0x0020, 0x0000, 0x0000, 0x0000, 0x0020, 0x0020, 0x10A2, 0x18E3, 0x2124, 0x2945,
  0x2104, 0x2125, 0x18E3, 0x18E3, 0x18E3, 0x18C3, 0x10A3, 0x18C3, 0x10A3, 0x18C3, 0x10A2, 0x10A2, 0x10A3, 0x1082, 0x0861, 0x0020,
  0x0020, 0x0861, 0x10A2, 0x0841, 0x0841, 0x0841, 0x0020, 0x0841, 0x0861, 0x0020, 0x0020, 0x0020, 0x0020, 0x0000, 0x0841, 0x1082,
  0x1082, 0x1082, 0x1082, 0x1082, 0x1082, 0x0861, 0x0020, 0x0000, 0x2945, 0x2945, 0x2945, 0x2945, 0x2945, 0x2945, 0x2945, 0x2945,
  0x2945, 0x2945, 0x2945, 0x2945, 0x2945, 0x2945, 0x2945, 0x2945, 0x2945, 0x2945, 0x2945, 0x2945, 0x2945, 0x2945, 0x2945, 0x2945,
  0x2945, 0x2125, 0x2124, 0x2124, 0x2945, 0x2945, 0x2945, 0x2945, 0x2945, 0x2945, 0x0020, 0x0000, 0x0841, 0x1082, 0x0020, 0x2945,
  0x2125, 0x2945, 0x0841, 0x2945, 0x0841, 0x0841, 0x10A3, 0x0000, 0x2945, 0x0000, 0x0000, 0x0841, 0x0861, 0x0861, 0x0861, 0x0861,
  0x0861, 0x1082, 0x1082, 0x1082, 0x1082, 0x1082, 0x10A2, 0x10A2, 0x10A3, 0x10A3, 0x18C3, 0x10C3, 0x10C3, 0x18C3, 0x18C3, 0x18C3,
  0x18C3, 0x18E4, 0x18E4, 0x18E4, 0x2104, 0x2104, 0x2104, 0x2125, 0x2104, 0x2945, 0x2125, 0x0020, 0x0862, 0x1082, 0x1082, 0x1082,
  0x1082, 0x1082, 0x1082, 0x10A2, 0x0861, 0x0000, 0x0000, 0x0000, 0x0020, 0x0000, 0x0020, 0x0020, 0x0000, 0x0000, 0x0841, 0x0861,
  0x0841, 0x0841, 0x0861, 0x1082, 0x18E3, 0x2124, 0x2125, 0x2125, 0x2945, 0x2125, 0x2124, 0x2125, 0x2145, 0x2125, 0x2945, 0x2945,
  0x2945, 0x2945, 0x2104, 0x18C3, 0x0020, 0x0000, 0x0841, 0x0021, 0x0861, 0x2104, 0x2945, 0x2945, 0x2945, 0x2945, 0x2945, 0x2945,
  0x2945, 0x2945, 0x2945, 0x2945, 0x2945, 0x2945, 0x2945, 0x2945, 0x2945, 0x2945, 0x2945, 0x2945, 0x2945, 0x2945, 0x2945, 0x2945,
  0x2945, 0x2945, 0x2945, 0x2945, 0x2945, 0x2945, 0x2945, 0x2945, 0x2945, 0x2945, 0x2945, 0x2945, 0x2945, 0x2945, 0x2945, 0x2945,
  0x2945, 0x2945, 0x2945, 0x2945, 0x2945, 0x2945, 0x2945, 0x2945, 0x2945, 0x2945, 0x2945, 0x2945, 0x2945, 0x2945, 0x2945, 0x2945,
  0x2945, 0x2945, 0x2945, 0x2945, 0x2945, 0x2945, 0x2945, 0x2945, 0x18E3, 0x0000, 0x0000, 0x0000, 0x0021, 0x0021, 0x0841, 0x18C3,
  0x2104, 0x2124, 0x18E4, 0x2104, 0x18C3, 0x18E3, 0x18C3, 0x18C3, 0x18C3, 0x18C3, 0x10A2, 0x1082, 0x1082, 0x1082, 0x1082, 0x0861,
  0x0861, 0x0841, 0x0861, 0x0861, 0x0000, 0x0020, 0x0020, 0x0020, 0x0020, 0x0020, 0x0020, 0x0020, 0x0000, 0x0020, 0x1082, 0x10A2,
  0x1082, 0x1082, 0x1082, 0x1082, 0x1082, 0x1082, 0x0841, 0x0000, 0x10A2, 0x2945, 0x2945, 0x2945, 0x2945, 0x2945, 0x2945, 0x2945,
  0x2945, 0x2945, 0x2945, 0x2945, 0x2945, 0x2945, 0x2945, 0x2945, 0x2945, 0x2945, 0x2945, 0x2945, 0x2945, 0x2945, 0x2945, 0x2945,
  0x2945, 0x2125, 0x2124, 0x2104, 0x2945, 0x2945, 0x2945, 0x2945, 0x2945, 0x2945, 0x0040, 0x0000, 0x0861, 0x2945, 0x2945, 0x2945,
  0x2945, 0x2945, 0x2945, 0x2945, 0x2945, 0x2945, 0x2945, 0x18C3, 0x2945, 0x0000, 0x0000, 0x0020, 0x0861, 0x0861, 0x0861, 0x0861,
  0x0861, 0x1082, 0x1082, 0x1082, 0x1082, 0x1082, 0x10A2, 0x10A2, 0x10A3, 0x10A3, 0x18C3, 0x10C3, 0x10C3, 0x18C3, 0x18C3, 0x18C3,
  0x18C3, 0x18E4, 0x18E4, 0x1904, 0x2104, 0x2104, 0x2124, 0x2125, 0x2104, 0x2945, 0x0021, 0x0841, 0x0862, 0x0862, 0x1082, 0x1082,
  0x1082, 0x1082, 0x1082, 0x1082, 0x10A2, 0x0861, 0x0000, 0x0000, 0x0000, 0x0000, 0x0000, 0x0000, 0x0841, 0x1082, 0x18C2, 0x0841,
  0x0020, 0x0861, 0x10A3, 0x18E4, 0x2125, 0x2125, 0x2125, 0x2124, 0x2125, 0x2125, 0x2145, 0x2125, 0x2125, 0x2945, 0x2945, 0x2945,
  0x2125, 0x0841, 0x0021, 0x0020, 0x0041, 0x0841, 0x1082, 0x2945, 0x2945, 0x2945, 0x2945, 0x2945, 0x2945, 0x2945, 0x2945, 0x2945,
  0x2945, 0x2945, 0x2945, 0x2945, 0x2945, 0x2945, 0x2945, 0x2945, 0x2945, 0x2945, 0x2945, 0x2945, 0x2945, 0x2945, 0x2945, 0x2945,
  0x2945, 0x2945, 0x2945, 0x2945, 0x2945, 0x2945, 0x2945, 0x2945, 0x2945, 0x2945, 0x2945, 0x2945, 0x2945, 0x2945, 0x2945, 0x2945,
  0x2945, 0x2945, 0x2945, 0x2945, 0x2945, 0x2945, 0x2945, 0x2945, 0x2945, 0x2945, 0x2945, 0x2945, 0x2945, 0x2945, 0x2945, 0x2945,
  0x2945, 0x2945, 0x2945, 0x2945, 0x2945, 0x2945, 0x2945, 0x2945, 0x2945, 0x2945, 0x2104, 0x0861, 0x0000, 0x0000, 0x0020, 0x0841,
  0x0862, 0x1082, 0x2104, 0x2125, 0x2104, 0x18C3, 0x10A3, 0x18C3, 0x1082, 0x10A2, 0x1082, 0x1082, 0x1082, 0x1082, 0x1082, 0x1082,
  0x1082, 0x0841, 0x0841, 0x0841, 0x0020, 0x0000, 0x0000, 0x0000, 0x0000, 0x0000, 0x0000, 0x0000, 0x0841, 0x1082, 0x10A2, 0x1082,
  0x1082, 0x1082, 0x1082, 0x1082, 0x0861, 0x1082, 0x0861, 0x0020, 0x0000, 0x2945, 0x2945, 0x2945, 0x2945, 0x2945, 0x2945, 0x2945,
  0x2945, 0x2945, 0x2945, 0x2945, 0x2945, 0x2945, 0x2945, 0x2945, 0x2945, 0x2945, 0x2945, 0x2945, 0x2945, 0x2945, 0x2945, 0x2945,
  0x2945, 0x2125, 0x2104, 0x2104, 0x2945, 0x2945, 0x2945, 0x2945, 0x2945, 0x2945, 0x0020, 0x0000, 0x0020, 0x2945, 0x2945, 0x0000,
  0x0861, 0x0000, 0x2145, 0x0000, 0x2124, 0x2945, 0x2125, 0x2145, 0x2104, 0x0000, 0x0000, 0x0020, 0x0841, 0x0861, 0x0861, 0x0861,
  0x0861, 0x1082, 0x1082, 0x1082, 0x1082, 0x1082, 0x10A2, 0x10A2, 0x10A3, 0x10A3, 0x18C3, 0x18C3, 0x18C3, 0x18C3, 0x18C3, 0x18C3,
  0x18C3, 0x18E4, 0x18E4, 0x18E4, 0x2104, 0x2124, 0x2104, 0x18E4, 0x2925, 0x2944, 0x0020, 0x0861, 0x0861, 0x1082, 0x1082, 0x1082,
  0x1082, 0x1082, 0x1082, 0x1082, 0x1082, 0x10A2, 0x0861, 0x0861, 0x0861, 0x0862, 0x0862, 0x10A2, 0x2144, 0x18E3, 0x0841, 0x0861,
  0x0861, 0x10A2, 0x2104, 0x2104, 0x2125, 0x2124, 0x2125, 0x2145, 0x2125, 0x2945, 0x2144, 0x2924, 0x2125, 0x2945, 0x2124, 0x1082,
  0x0020, 0x0020, 0x0020, 0x0841, 0x18E4, 0x2925, 0x2925, 0x2944, 0x2944, 0x2144, 0x2945, 0x2945, 0x2945, 0x2945, 0x2945, 0x2125,
  0x2925, 0x2945, 0x2945, 0x2145, 0x2925, 0x2945, 0x2925, 0x2925, 0x2925, 0x2124, 0x2124, 0x2925, 0x2945, 0x2945, 0x2144, 0x2944,
  0x2144, 0x2145, 0x2124, 0x2945, 0x2124, 0x1904, 0x1905, 0x1904, 0x20E3, 0x1904, 0x18E4, 0x2104, 0x20E4, 0x2104, 0x2125, 0x2125,
  0x2145, 0x2944, 0x2944, 0x2944, 0x2944, 0x2945, 0x2945, 0x2945, 0x2125, 0x2945, 0x2924, 0x2945, 0x2945, 0x2945, 0x2944, 0x2944,
  0x2924, 0x2944, 0x2145, 0x2125, 0x2125, 0x2125, 0x2945, 0x2145, 0x2925, 0x2925, 0x2945, 0x2945, 0x18E3, 0x0861, 0x0000, 0x0000,
  0x0041, 0x0841, 0x0861, 0x10A3, 0x2104, 0x18E4, 0x10A3, 0x18C3, 0x10A2, 0x1082, 0x1082, 0x1082, 0x1082, 0x1082, 0x0862, 0x0861,
  0x0861, 0x0861, 0x0861, 0x0841, 0x0841, 0x0861, 0x0861, 0x0862, 0x0861, 0x0861, 0x10A2, 0x18C3, 0x18E3, 0x1082, 0x1082, 0x1082,
  0x1082, 0x1082, 0x1082, 0x1082, 0x1082, 0x1082, 0x0861, 0x0861, 0x0000, 0x2924, 0x2945, 0x2945, 0x2945, 0x2945, 0x2945, 0x2144,
  0x2144, 0x2925, 0x2945, 0x2945, 0x2944, 0x2945, 0x2945, 0x2924, 0x2945, 0x2945, 0x2925, 0x2144, 0x2945, 0x2945, 0x2945, 0x2944,
  0x2144, 0x2124, 0x2104, 0x2104, 0x2925, 0x2125, 0x2924, 0x2944, 0x2145, 0x2145, 0x0000, 0x0020, 0x0861, 0x2945, 0x2145, 0x18E4,
  0x2124, 0x18E3, 0x2124, 0x10A2, 0x2124, 0x2124, 0x10A3, 0x2124, 0x0020, 0x0000, 0x0000, 0x0020, 0x0841, 0x0841, 0x0861, 0x0861,
  0x1082, 0x1082, 0x1082, 0x1082, 0x1082, 0x1082, 0x10A2, 0x10A2, 0x10A3, 0x10A3, 0x18C3, 0x18C3, 0x18C3, 0x18C3, 0x18C3, 0x18C3,
  0x18C3, 0x18E3, 0x18E4, 0x18E4, 0x2104, 0x2104, 0x2124, 0x2124, 0x2124, 0x2124, 0x0841, 0x0861, 0x1082, 0x1082, 0x1082, 0x1082,
  0x1082, 0x1082, 0x1082, 0x1082, 0x1082, 0x1082, 0x10A3, 0x10A3, 0x18C3, 0x2124, 0x2124, 0x2124, 0x0862, 0x0021, 0x0021, 0x1082,
  0x18E3, 0x2104, 0x2124, 0x2124, 0x2104, 0x2124, 0x2124, 0x2124, 0x2124, 0x2124, 0x2124, 0x2124, 0x2124, 0x18C3, 0x0000, 0x0840,
  0x0841, 0x0041, 0x18C3, 0x2124, 0x2124, 0x2124, 0x2124, 0x2124, 0x2124, 0x2124, 0x2124, 0x2124, 0x2124, 0x2124, 0x2124, 0x2124,
  0x2124, 0x2124, 0x2124, 0x2124, 0x2124, 0x2124, 0x2124, 0x2124, 0x2124, 0x2124, 0x2124, 0x2124, 0x2104, 0x2104, 0x2124, 0x2124,
  0x2124, 0x2124, 0x2124, 0x2124, 0x2124, 0x2124, 0x2124, 0x2124, 0x2124, 0x2124, 0x2124, 0x2124, 0x2124, 0x2124, 0x2124, 0x2124,
  0x2124, 0x2124, 0x2124, 0x2124, 0x2104, 0x2104, 0x2104, 0x2124, 0x2124, 0x2124, 0x2124, 0x2124, 0x2124, 0x2124, 0x2124, 0x2124,
  0x2124, 0x2124, 0x2124, 0x2124, 0x2124, 0x2124, 0x2124, 0x2124, 0x2124, 0x2124, 0x2124, 0x2124, 0x2124, 0x2124, 0x2124, 0x0840,
  0x0000, 0x0000, 0x0841, 0x0861, 0x0861, 0x10A2, 0x10A2, 0x18C3, 0x10A3, 0x10A3, 0x10A2, 0x1082, 0x1082, 0x10A2, 0x0861, 0x0861,
  0x0861, 0x0861, 0x1082, 0x0861, 0x0841, 0x0861, 0x0861, 0x2104, 0x2124, 0x2124, 0x2104, 0x10A3, 0x1082, 0x1082, 0x1082, 0x1082,
  0x1082, 0x1082, 0x1082, 0x1082, 0x1082, 0x1082, 0x0861, 0x1082, 0x0841, 0x18E4, 0x2124, 0x2124, 0x2124, 0x2124, 0x2124, 0x2124,
  0x2124, 0x2124, 0x2124, 0x2124, 0x2124, 0x2124, 0x2124, 0x2124, 0x2124, 0x2124, 0x2124, 0x2124, 0x2124, 0x2124, 0x2124, 0x2124,
  0x2124, 0x2124, 0x2124, 0x2104, 0x2124, 0x2124, 0x2124, 0x2124, 0x2124, 0x2124, 0x0000, 0x0000, 0x18C3, 0x2124, 0x2124, 0x2124,
  0x2124, 0x2124, 0x18C3, 0x2124, 0x2124, 0x2124, 0x2124, 0x2124, 0x2124, 0x0000, 0x0000, 0x0020, 0x0861, 0x0841, 0x0861, 0x0861,
  0x1082, 0x1082, 0x1082, 0x1082, 0x1082, 0x1082, 0x10A2, 0x10A2, 0x10A3, 0x10A3, 0x18C3, 0x18C3, 0x18C3, 0x18C3, 0x18C3, 0x18C3,
  0x18E3, 0x18E3, 0x18E4, 0x18E4, 0x1904, 0x2124, 0x2124, 0x2124, 0x2124, 0x0862, 0x1082, 0x1082, 0x1082, 0x1082, 0x1082, 0x1082,
  0x1082, 0x1082, 0x1082, 0x1082, 0x1082, 0x1082, 0x1082, 0x1082, 0x1082, 0x1082, 0x0861, 0x0021, 0x0020, 0x0841, 0x1082, 0x2104,
  0x2124, 0x2104, 0x2104, 0x2124, 0x2104, 0x2124, 0x2124, 0x2124, 0x2124, 0x2124, 0x2124, 0x10A2, 0x0020, 0x0000, 0x0020, 0x0020,
  0x0861, 0x2124, 0x2124, 0x2124, 0x2124, 0x2124, 0x2124, 0x2124, 0x2124, 0x2124, 0x2124, 0x2124, 0x2124, 0x2124, 0x2124, 0x2124,
  0x2124, 0x2124, 0x2124, 0x2124, 0x2124, 0x2124, 0x2124, 0x2124, 0x2124, 0x2124, 0x2124, 0x2124, 0x2124, 0x2124, 0x2124, 0x2124,
  0x2124, 0x2124, 0x2124, 0x2124, 0x2124, 0x2124, 0x2124, 0x2124, 0x2124, 0x2124, 0x2124, 0x2124, 0x2124, 0x2124, 0x2124, 0x2124,
  0x2124, 0x2124, 0x2124, 0x2124, 0x2124, 0x2124, 0x2124, 0x2124, 0x2124, 0x2124, 0x2104, 0x2124, 0x2124, 0x2124, 0x2124, 0x2124,
  0x2124, 0x2124, 0x2124, 0x2124, 0x2124, 0x2124, 0x2124, 0x2124, 0x2124, 0x2124, 0x2124, 0x2124, 0x2124, 0x2124, 0x2124, 0x2124,
  0x2124, 0x0861, 0x0000, 0x0020, 0x0841, 0x0841, 0x0861, 0x1082, 0x10A3, 0x10A2, 0x10A3, 0x1081, 0x10A2, 0x10A2, 0x0861, 0x0861,
  0x0861, 0x0861, 0x0841, 0x0861, 0x0861, 0x0841, 0x0020, 0x0861, 0x0862, 0x1082, 0x1082, 0x1082, 0x1082, 0x10A2, 0x10A2, 0x1082,
  0x1082, 0x1082, 0x1082, 0x1082, 0x1082, 0x1082, 0x0861, 0x0861, 0x0861, 0x0000, 0x2124, 0x2124, 0x2124, 0x2124, 0x2124, 0x2124,
  0x2124, 0x2124, 0x2124, 0x2124, 0x2124, 0x2124, 0x2124, 0x2124, 0x2124, 0x2124, 0x2124, 0x2124, 0x2124, 0x2124, 0x2124, 0x2124,
  0x2124, 0x2104, 0x2104, 0x1904, 0x2124, 0x2124, 0x2124, 0x2124, 0x2124, 0x2124, 0x0020, 0x0000, 0x0862, 0x0020, 0x0000, 0x2124,
  0x18E3, 0x2124, 0x0020, 0x2124, 0x0041, 0x0000, 0x2104, 0x0841, 0x2124, 0x0000, 0x0000, 0x0020, 0x0841, 0x0841, 0x0861, 0x0861,
  0x1082, 0x1082, 0x1082, 0x1082, 0x1082, 0x1082, 0x10A2, 0x10A2, 0x10A3, 0x10A3, 0x18C3, 0x18C3, 0x18C3, 0x18C3, 0x18C3, 0x18C3,
  0x18E3, 0x18E4, 0x18E4, 0x18E4, 0x2104, 0x2124, 0x18E3, 0x2124, 0x2124, 0x0000, 0x1082, 0x1082, 0x1082, 0x1082, 0x1082, 0x1082,
  0x1082, 0x1082, 0x1082, 0x1082, 0x1082, 0x1082, 0x1082, 0x1082, 0x1082, 0x0861, 0x0841, 0x0021, 0x1062, 0x1082, 0x18E4, 0x2124,
  0x2104, 0x2124, 0x2104, 0x2124, 0x2124, 0x2124, 0x2124, 0x2124, 0x2124, 0x2104, 0x1082, 0x0000, 0x0861, 0x0841, 0x1082, 0x2124,
  0x2124, 0x2104, 0x2124, 0x2124, 0x2124, 0x2124, 0x2124, 0x2124, 0x2124, 0x2124, 0x2124, 0x2124, 0x2124, 0x2124, 0x2124, 0x2124,
  0x2124, 0x2124, 0x2124, 0x2124, 0x2104, 0x2124, 0x2124, 0x2104, 0x2104, 0x2124, 0x2104, 0x2104, 0x2124, 0x2124, 0x2124, 0x2124,
  0x2124, 0x2124, 0x2124, 0x2124, 0x2124, 0x2124, 0x2124, 0x2124, 0x2124, 0x2104, 0x2124, 0x2104, 0x2104, 0x2124, 0x2124, 0x2124,
  0x2124, 0x2124, 0x2124, 0x2124, 0x2124, 0x2124, 0x2124, 0x2124, 0x2124, 0x2124, 0x2124, 0x2124, 0x2124, 0x2124, 0x2124, 0x2124,
  0x2124, 0x2124, 0x2124, 0x2124, 0x2124, 0x2124, 0x2124, 0x2124, 0x2124, 0x2104, 0x2124, 0x2124, 0x2124, 0x2124, 0x2124, 0x2124,
  0x2124, 0x2124, 0x10A2, 0x0020, 0x0000, 0x0861, 0x0861, 0x0861, 0x0841, 0x0862, 0x18C3, 0x1082, 0x0861, 0x1082, 0x0841, 0x0861,
  0x0861, 0x0861, 0x0861, 0x0861, 0x0841, 0x0841, 0x0841, 0x0841, 0x0841, 0x0862, 0x10A2, 0x10A2, 0x1082, 0x10A2, 0x10A2, 0x1082,
  0x1082, 0x1082, 0x1082, 0x1082, 0x1082, 0x1082, 0x1082, 0x1082, 0x1082, 0x0000, 0x0861, 0x2124, 0x2124, 0x2124, 0x2124, 0x2124,
  0x2124, 0x2104, 0x2124, 0x2124, 0x2124, 0x2124, 0x2124, 0x2104, 0x2124, 0x2124, 0x2124, 0x2124, 0x2124, 0x2124, 0x2124, 0x2124,
  0x2124, 0x2104, 0x2104, 0x1904, 0x2124, 0x2124, 0x2124, 0x2124, 0x2124, 0x2124, 0x0841, 0x0000, 0x1082, 0x2124, 0x2124, 0x2124,
  0x2104, 0x2124, 0x2104, 0x2104, 0x2104, 0x2104, 0x2104, 0x0862, 0x2104, 0x0000, 0x0000, 0x0020, 0x0841, 0x0841, 0x0861, 0x0861,
  0x1082, 0x1082, 0x1082, 0x1082, 0x1082, 0x1082, 0x10A2, 0x10A2, 0x10A3, 0x10A3, 0x18C3, 0x18C3, 0x18C3, 0x18C3, 0x18C3, 0x18C3,
  0x18E3, 0x18E4, 0x18E4, 0x1904, 0x2104, 0x2104, 0x18E3, 0x2124, 0x0041, 0x0821, 0x1082, 0x1082, 0x1082, 0x1082, 0x1082, 0x1082,
  0x1082, 0x1082, 0x1082, 0x1082, 0x1082, 0x1082, 0x1082, 0x1082, 0x0862, 0x0841, 0x0841, 0x0862, 0x10A3, 0x2104, 0x2104, 0x2104,
  0x2104, 0x2124, 0x2104, 0x2104, 0x2104, 0x2124, 0x2124, 0x2104, 0x1082, 0x0020, 0x0020, 0x0841, 0x0020, 0x18E4, 0x2124, 0x2104,
  0x2104, 0x2104, 0x2104, 0x2104, 0x2104, 0x2104, 0x2104, 0x2104, 0x2104, 0x2104, 0x2104, 0x2104, 0x2124, 0x2104, 0x2104, 0x2104,
  0x2124, 0x2104, 0x2124, 0x2124, 0x2104, 0x2104, 0x2104, 0x2104, 0x2104, 0x2104, 0x2104, 0x2104, 0x2104, 0x2104, 0x2104, 0x2124,
  0x2124, 0x2104, 0x2104, 0x2104, 0x2104, 0x2104, 0x2104, 0x2104, 0x2124, 0x2104, 0x2104, 0x2104, 0x2104, 0x2124, 0x2104, 0x2104,
  0x2104, 0x2104, 0x2104, 0x2124, 0x2104, 0x2124, 0x2104, 0x2104, 0x2124, 0x2124, 0x2124, 0x2104, 0x2104, 0x2104, 0x2104, 0x2104,
  0x2104, 0x2104, 0x2104, 0x2104, 0x2104, 0x2104, 0x2124, 0x2124, 0x2104, 0x2104, 0x2124, 0x2104, 0x2104, 0x2124, 0x2124, 0x2104,
  0x2104, 0x2104, 0x2104, 0x2124, 0x18E3, 0x0000, 0x0020, 0x0841, 0x0862, 0x0841, 0x0861, 0x1082, 0x1082, 0x1082, 0x0861, 0x0861,
  0x1082, 0x0861, 0x0861, 0x0861, 0x0841, 0x0841, 0x0841, 0x0841, 0x0841, 0x0841, 0x1082, 0x1082, 0x10A2, 0x1082, 0x1082, 0x1082,
  0x1082, 0x1082, 0x1082, 0x1082, 0x1082, 0x1082, 0x1082, 0x1082, 0x0861, 0x0040, 0x0000, 0x2124, 0x2104, 0x2104, 0x2104, 0x2104,
  0x2104, 0x2104, 0x2104, 0x2124, 0x2104, 0x2104, 0x2104, 0x2104, 0x2104, 0x2104, 0x2104, 0x2104, 0x2104, 0x2104, 0x2124, 0x2104,
  0x2104, 0x2104, 0x2104, 0x2104, 0x2124, 0x2104, 0x2104, 0x2104, 0x2104, 0x2104, 0x0020, 0x0000, 0x0020, 0x2124, 0x2104, 0x0000,
  0x18E4, 0x0000, 0x2104, 0x0841, 0x2104, 0x2104, 0x2104, 0x2104, 0x2104, 0x0000, 0x0000, 0x0020, 0x0861, 0x0841, 0x0861, 0x0861,
  0x0862, 0x1082, 0x1082, 0x1082, 0x1082, 0x1082, 0x10A2, 0x10A2, 0x10A3, 0x10A3, 0x18C3, 0x18C3, 0x18C3, 0x18C3, 0x18C3, 0x18E3,
  0x18E4, 0x18E4, 0x18E4, 0x1904, 0x2104, 0x18E4, 0x2104, 0x2104, 0x0000, 0x0862, 0x1082, 0x1082, 0x1082, 0x1082, 0x1082, 0x1082,
  0x1082, 0x1082, 0x1082, 0x1082, 0x1082, 0x1082, 0x1082, 0x0862, 0x0861, 0x0841, 0x0861, 0x1082, 0x2104, 0x2104, 0x2104, 0x2104,
  0x2104, 0x2104, 0x2104, 0x2104, 0x2104, 0x2104, 0x18E4, 0x1082, 0x0000, 0x0841, 0x0841, 0x2104, 0x2104, 0x2104, 0x2104, 0x2104,
  0x2104, 0x2104, 0x2104, 0x2104, 0x2104, 0x2104, 0x2104, 0x2104, 0x2104, 0x2104, 0x2104, 0x2104, 0x2104, 0x2104, 0x2104, 0x2104,
  0x2104, 0x2104, 0x2104, 0x2104, 0x2104, 0x2104, 0x2104, 0x2104, 0x2104, 0x2104, 0x2104, 0x2104, 0x2104, 0x2104, 0x2104, 0x2104,
  0x2104, 0x2104, 0x2104, 0x2104, 0x2104, 0x2104, 0x2104, 0x20A3, 0x2104, 0x2104, 0x2104, 0x2104, 0x2104, 0x2104, 0x2104, 0x2104,
  0x2104, 0x2104, 0x2104, 0x2104, 0x2104, 0x2104, 0x2104, 0x2104, 0x2104, 0x2104, 0x2104, 0x2104, 0x2104, 0x2104, 0x2104, 0x2104,
  0x2104, 0x2104, 0x2104, 0x2104, 0x2104, 0x2104, 0x2104, 0x2104, 0x2104, 0x2104, 0x2104, 0x2104, 0x2104, 0x2104, 0x2104, 0x2104,
  0x2104, 0x2104, 0x2104, 0x2104, 0x2104, 0x18E3, 0x0841, 0x0000, 0x0841, 0x1082, 0x1082, 0x0861, 0x10A2, 0x10A2, 0x0861, 0x0841,
  0x0861, 0x1082, 0x0861, 0x0861, 0x0841, 0x0841, 0x0841, 0x0861, 0x0841, 0x0021, 0x0841, 0x1082, 0x1082, 0x1082, 0x1082, 0x1082,
  0x1082, 0x1082, 0x1082, 0x1082, 0x1082, 0x1082, 0x1082, 0x1082, 0x1082, 0x0861, 0x0000, 0x0000, 0x2104, 0x2104, 0x2104, 0x2104,
  0x2104, 0x2104, 0x2104, 0x2104, 0x2104, 0x2104, 0x2104, 0x2104, 0x2104, 0x2104, 0x2104, 0x2104, 0x2104, 0x2104, 0x2104, 0x2104,
  0x2104, 0x2104, 0x2104, 0x1904, 0x2104, 0x2104, 0x2104, 0x2104, 0x2104, 0x2104, 0x0000, 0x0020, 0x0841, 0x2104, 0x2104, 0x2104,
  0x2104, 0x1082, 0x2104, 0x0862, 0x2104, 0x2104, 0x1082, 0x2104, 0x1082, 0x0000, 0x0000, 0x0020, 0x0841, 0x0841, 0x0861, 0x0861,
  0x0862, 0x1082, 0x1082, 0x1082, 0x1082, 0x1082, 0x10A2, 0x10A2, 0x10A3, 0x10A3, 0x18C3, 0x18C3, 0x18C3, 0x18C3, 0x18C3, 0x18E3,
  0x18C3, 0x18E4, 0x18E4, 0x1904, 0x2104, 0x18E4, 0x2104, 0x0020, 0x0841, 0x1082, 0x1082, 0x1082, 0x1082, 0x1082, 0x1082, 0x1082,
  0x1082, 0x1082, 0x1082, 0x1082, 0x1082, 0x1082, 0x0862, 0x0841, 0x0841, 0x1082, 0x10A2, 0x18E3, 0x2104, 0x2104, 0x2104, 0x2104,
  0x2104, 0x2104, 0x2104, 0x2104, 0x2104, 0x10A2, 0x0821, 0x0020, 0x0021, 0x0020, 0x2104, 0x2104, 0x2104, 0x2104, 0x2104, 0x2104,
  0x2104, 0x2104, 0x2104, 0x2104, 0x2104, 0x2104, 0x2104, 0x2104, 0x2104, 0x2104, 0x2104, 0x2104, 0x2104, 0x2104, 0x2104, 0x2104,
  0x2104, 0x2104, 0x2104, 0x2104, 0x2104, 0x2104, 0x2104, 0x2104, 0x2104, 0x2104, 0x2104, 0x2104, 0x2104, 0x2104, 0x2104, 0x2104,
  0x2104, 0x2104, 0x2104, 0x2104, 0x2104, 0x2104, 0x2104, 0x2000, 0x2000, 0x2000, 0x2020, 0x2041, 0x2104, 0x2104, 0x2104, 0x2104,
  0x2104, 0x2104, 0x2104, 0x2104, 0x2104, 0x2104, 0x2104, 0x2104, 0x2104, 0x2104, 0x2104, 0x2104, 0x2104, 0x2104, 0x2104, 0x2104,
  0x2104, 0x2104, 0x2104, 0x2104, 0x2104, 0x2104, 0x2104, 0x2104, 0x2104, 0x2104, 0x2104, 0x2104, 0x2104, 0x2104, 0x2104, 0x2104,
  0x2104, 0x2104, 0x2104, 0x2104, 0x2104, 0x2104, 0x2104, 0x2104, 0x0000, 0x0000, 0x0861, 0x1082, 0x0861, 0x0861, 0x1082, 0x0861,
  0x0841, 0x0861, 0x0861, 0x0841, 0x0841, 0x0841, 0x0841, 0x0861, 0x0841, 0x0841, 0x0841, 0x0841, 0x0861, 0x1082, 0x1082, 0x1082,
  0x1082, 0x1082, 0x1082, 0x1082, 0x1082, 0x1082, 0x1082, 0x1082, 0x1082, 0x1082, 0x0841, 0x0000, 0x2104, 0x2104, 0x2104, 0x2104,
  0x2104, 0x2104, 0x2104, 0x2104, 0x2104, 0x2104, 0x2104, 0x2104, 0x2104, 0x2104, 0x2104, 0x2104, 0x2104, 0x2104, 0x2104, 0x2104,
  0x2104, 0x1904, 0x1904, 0x18E4, 0x2104, 0x2104, 0x2104, 0x2104, 0x2104, 0x2104, 0x0000, 0x0000, 0x18C3, 0x2104, 0x2104, 0x2104,
  0x2104, 0x2104, 0x2104, 0x2104, 0x2104, 0x2104, 0x2104, 0x2104, 0x2104, 0x0000, 0x0000, 0x0020, 0x0841, 0x0841, 0x0861, 0x0861,
  0x0862, 0x1082, 0x1082, 0x1082, 0x1082, 0x10A2, 0x10A2, 0x10A2, 0x10A3, 0x10A3, 0x18C3, 0x18C3, 0x18C3, 0x18C3, 0x18C3, 0x18C3,
  0x18E3, 0x18E4, 0x18E4, 0x18E4, 0x18E4, 0x2104, 0x2104, 0x0020, 0x1082, 0x1082, 0x1082, 0x1082, 0x1082, 0x1082, 0x1082, 0x1082,
  0x1082, 0x1082, 0x1082, 0x1082, 0x1082, 0x1081, 0x0841, 0x0841, 0x0861, 0x18E3, 0x2104, 0x2104, 0x2104, 0x2104, 0x2104, 0x2104,
  0x2104, 0x2104, 0x2104, 0x2104, 0x10A3, 0x0021, 0x0841, 0x0000, 0x2104, 0x2104, 0x2104, 0x2104, 0x2104, 0x2104, 0x2104, 0x2104,
  0x2104, 0x2104, 0x2104, 0x2104, 0x2104, 0x2104, 0x2104, 0x2104, 0x2104, 0x2104, 0x2104, 0x2104, 0x2104, 0x2104, 0x2104, 0x2104,
  0x2104, 0x2104, 0x2104, 0x2104, 0x2104, 0x2104, 0x2104, 0x2104, 0x2104, 0x2104, 0x2104, 0x2104, 0x2104, 0x2104, 0x2104, 0x2104,
  0x2104, 0x2104, 0x2104, 0x2104, 0x2104, 0x2104, 0x20E4, 0x2000, 0x20A2, 0x2104, 0x20A2, 0x2001, 0x2104, 0x2104, 0x2104, 0x2104,
  0x2104, 0x2104, 0x2104, 0x2104, 0x2104, 0x2104, 0x2104, 0x2104, 0x2104, 0x2104, 0x2104, 0x2104, 0x2104, 0x2104, 0x2104, 0x2104,
  0x2104, 0x2104, 0x2104, 0x2104, 0x2104, 0x2104, 0x2104, 0x2104, 0x2104, 0x2104, 0x2104, 0x2104, 0x2104, 0x2104, 0x2104, 0x2104,
  0x2104, 0x2104, 0x2104, 0x2104, 0x2104, 0x2104, 0x2104, 0x2104, 0x18E3, 0x0861, 0x0000, 0x0841, 0x1082, 0x1082, 0x0841, 0x0861,
  0x0861, 0x0841, 0x0841, 0x0841, 0x0841, 0x0841, 0x0841, 0x0841, 0x0841, 0x0020, 0x0841, 0x0841, 0x0841, 0x1082, 0x1082, 0x1082,
  0x1082, 0x1082, 0x1082, 0x1082, 0x1082, 0x1082, 0x1082, 0x1082, 0x1082, 0x1082, 0x0862, 0x0000, 0x2104, 0x2104, 0x2104, 0x2104,
  0x2104, 0x2104, 0x2104, 0x2104, 0x2104, 0x2104, 0x2104, 0x2104, 0x2104, 0x2104, 0x2104, 0x2104, 0x2104, 0x2104, 0x2104, 0x2104,
  0x2104, 0x1904, 0x1904, 0x18E4, 0x2104, 0x2104, 0x2104, 0x2104, 0x2104, 0x2104, 0x0000, 0x0000, 0x18C3, 0x0861, 0x1082, 0x2104,
  0x10A2, 0x2104, 0x1082, 0x2104, 0x10A2, 0x0000, 0x20E4, 0x0000, 0x20E4, 0x0000, 0x0000, 0x0020, 0x0841, 0x0841, 0x0861, 0x0861,
  0x0862, 0x1082, 0x1082, 0x1082, 0x1082, 0x10A2, 0x10A2, 0x10A3, 0x10A3, 0x10A3, 0x18C3, 0x18C3, 0x18C3, 0x18C3, 0x18E3, 0x18E3,
  0x18E3, 0x18E3, 0x18E3, 0x2104, 0x1903, 0x20E3, 0x2103, 0x0861, 0x1082, 0x1082, 0x1082, 0x1082, 0x1082, 0x1082, 0x1082, 0x1082,
  0x1082, 0x1082, 0x1082, 0x1082, 0x1082, 0x0861, 0x0841, 0x0862, 0x10A2, 0x20E4, 0x2104, 0x1903, 0x20E4, 0x2104, 0x1904, 0x2103,
  0x2104, 0x2104, 0x10C3, 0x0020, 0x0041, 0x0000, 0x0000, 0x18C3, 0x1904, 0x1904, 0x18E4, 0x1904, 0x2104, 0x20E3, 0x1903, 0x2104,
  0x20E4, 0x2104, 0x2104, 0x2104, 0x1904, 0x2104, 0x2104, 0x20E4, 0x20E4, 0x2104, 0x20E4, 0x20E4, 0x2103, 0x1903, 0x20E4, 0x2103,
  0x1904, 0x2104, 0x1903, 0x2103, 0x1903, 0x1904, 0x20E3, 0x1903, 0x1904, 0x1904, 0x1903, 0x20E3, 0x20E3, 0x20E3, 0x20E3, 0x20E4,
  0x2104, 0x1903, 0x20E4, 0x18E3, 0x2104, 0x2104, 0x2103, 0x18A2, 0x2104, 0x2104, 0x2104, 0x1904, 0x1903, 0x2103, 0x2104, 0x2104,
  0x1904, 0x20E3, 0x20E3, 0x2103, 0x2104, 0x2104, 0x20E4, 0x20E3, 0x2104, 0x2103, 0x2103, 0x2104, 0x20E4, 0x2103, 0x2103, 0x2104,
  0x20E3, 0x20E4, 0x18E4, 0x20E4, 0x20E3, 0x20E3, 0x2104, 0x2104, 0x20E4, 0x2104, 0x1904, 0x1904, 0x20E3, 0x1903, 0x1904, 0x2104,
  0x20E4, 0x20E4, 0x1903, 0x2104, 0x2104, 0x18E3, 0x18E4, 0x18E4, 0x2103, 0x2104, 0x18E3, 0x0000, 0x0000, 0x0861, 0x0861, 0x0861,
  0x0861, 0x0861, 0x0861, 0x0861, 0x0841, 0x0841, 0x0841, 0x0841, 0x0841, 0x0841, 0x0841, 0x0841, 0x0020, 0x0861, 0x1082, 0x1082,
  0x1082, 0x1082, 0x1082, 0x1082, 0x1082, 0x1082, 0x1082, 0x1082, 0x1082, 0x1082, 0x0861, 0x0841, 0x20E4, 0x20E4, 0x2104, 0x20E4,
  0x20E3, 0x1903, 0x2104, 0x2103, 0x2104, 0x18E4, 0x2104, 0x2104, 0x20E4, 0x1904, 0x1904, 0x18E4, 0x2103, 0x2103, 0x1903, 0x2103,
  0x2103, 0x2104, 0x2104, 0x1904, 0x2104, 0x18E4, 0x20E4, 0x2104, 0x18E4, 0x1904, 0x0000, 0x0000, 0x18E3, 0x2104, 0x20E3, 0x20E3,
  0x18E3, 0x1904, 0x18E3, 0x18E3, 0x18E3, 0x18E3, 0x20E4, 0x1082, 0x18E4, 0x0000, 0x0000, 0x0020, 0x0841, 0x0841, 0x0861, 0x0861,
  0x0862, 0x1082, 0x1082, 0x1082, 0x1082, 0x10A2, 0x10A2, 0x10A3, 0x10A3, 0x10A3, 0x18C3, 0x18C3, 0x18C3, 0x18C3, 0x18E3, 0x18E3,
  0x18E3, 0x18E3, 0x1903, 0x18E3, 0x18E3, 0x18E3, 0x10A2, 0x10A2, 0x1082, 0x1082, 0x1082, 0x1082, 0x1082, 0x1082, 0x1082, 0x1082,
  0x1082, 0x1082, 0x10A2, 0x0861, 0x0861, 0x0861, 0x0862, 0x18C3, 0x1903, 0x18E3, 0x18E3, 0x18E3, 0x18E3, 0x18E3, 0x18E3, 0x18E3,
  0x1903, 0x1903, 0x0020, 0x0861, 0x0020, 0x1082, 0x18E3, 0x18E4, 0x1903, 0x18E3, 0x18E3, 0x18E3, 0x18E3, 0x18E3, 0x18E3, 0x18E3,
  0x20E3, 0x18E3, 0x20E3, 0x18E3, 0x18E3, 0x18E3, 0x18E3, 0x18E3, 0x18E3, 0x18E3, 0x20E4, 0x18E3, 0x18E3, 0x18E3, 0x18E3, 0x18E3,
  0x18E3, 0x18E3, 0x1903, 0x18E3, 0x18E3, 0x18E3, 0x18E3, 0x18E3, 0x18E4, 0x18E3, 0x18E3, 0x18E3, 0x18E3, 0x18E3, 0x20E3, 0x18E3,
  0x18E3, 0x18E3, 0x18E3, 0x18E3, 0x18E4, 0x18E3, 0x18E3, 0x18E3, 0x1903, 0x18E3, 0x20E3, 0x18E3, 0x18E3, 0x18E3, 0x20E3, 0x18E3,
  0x18E4, 0x18E3, 0x18E3, 0x18E3, 0x18E3, 0x18E3, 0x18E3, 0x18E3, 0x18E3, 0x1903, 0x18E3, 0x18E3, 0x18E3, 0x18E3, 0x18E3, 0x18E4,
  0x20E3, 0x18E3, 0x18E4, 0x18E3, 0x18E3, 0x18E3, 0x18E3, 0x20E3, 0x18E3, 0x18E3, 0x1903, 0x18E3, 0x18E3, 0x1903, 0x18E3, 0x20E3,
  0x18E3, 0x18E3, 0x18E3, 0x18E3, 0x18E4, 0x18E3, 0x18E3, 0x18E4, 0x18E3, 0x18E3, 0x18E3, 0x18C3, 0x0021, 0x0000, 0x1082, 0x1082,
  0x0861, 0x0841, 0x0861, 0x0861, 0x0841, 0x0841, 0x0841, 0x0841, 0x0841, 0x0841, 0x0841, 0x0841, 0x0020, 0x0841, 0x0841, 0x0862,
  0x10A2, 0x10A2, 0x10A2, 0x1082, 0x10A2, 0x1082, 0x1082, 0x1082, 0x1082, 0x1081, 0x0861, 0x0862, 0x0000, 0x18E3, 0x18E3, 0x18E3,
  0x18E3, 0x18E3, 0x18E3, 0x18E3, 0x20E3, 0x18E3, 0x18E4, 0x20E3, 0x20E3, 0x18E3, 0x18E3, 0x18E3, 0x18E3, 0x18E3, 0x18E3, 0x18E3,
  0x18E3, 0x18E4, 0x18E4, 0x18E3, 0x18E3, 0x18E4, 0x18E4, 0x20E3, 0x18E3, 0x18E3, 0x0000, 0x0000, 0x0841, 0x18E3, 0x18E3, 0x0000,
  0x18E3, 0x0000, 0x18E3, 0x0841, 0x18C3, 0x18E3, 0x18E3, 0x18E3, 0x18E3, 0x0000, 0x0000, 0x0020, 0x0841, 0x0841, 0x0861, 0x0861,
  0x1082, 0x1082, 0x1082, 0x1082, 0x1082, 0x10A2, 0x10A2, 0x10A3, 0x10A3, 0x10A3, 0x18C3, 0x18C3, 0x18C3, 0x18C3, 0x18E3, 0x18E3,
  0x18E3, 0x18E3, 0x18E3, 0x18E3, 0x18E3, 0x18E3, 0x0841, 0x1082, 0x1082, 0x1082, 0x1082, 0x1082, 0x1082, 0x1082, 0x1082, 0x1082,
  0x1082, 0x1082, 0x1082, 0x0861, 0x0841, 0x0861, 0x18E3, 0x18E3, 0x18E3, 0x18E3, 0x18E3, 0x18E3, 0x18E3, 0x18E3, 0x18E3, 0x18E3,
  0x10A2, 0x0020, 0x0861, 0x0000, 0x0841, 0x18E3, 0x18E3, 0x18E3, 0x18E3, 0x18E3, 0x18E3, 0x18E3, 0x18E3, 0x18E3, 0x18E3, 0x18E3,
  0x18E3, 0x18E3, 0x18E3, 0x18E3, 0x18E3, 0x18E3, 0x18E3, 0x18E3, 0x18E3, 0x18E3, 0x18E3, 0x18E3, 0x18E3, 0x18E3, 0x18E3, 0x18E3,
  0x18E3, 0x18E3, 0x18E3, 0x18E3, 0x18E3, 0x18E3, 0x18E3, 0x18E3, 0x18E3, 0x18E3, 0x18E3, 0x18E3, 0x18E3, 0x18E3, 0x18E3, 0x18E3,
  0x18E3, 0x18E3, 0x18E3, 0x18E3, 0x18E3, 0x18E3, 0x18E3, 0x18E3, 0x18E3, 0x18E3, 0x18E3, 0x18E3, 0x18E3, 0x18E3, 0x18E3, 0x18E3,
  0x18E3, 0x18E3, 0x18E3, 0x18E3, 0x18E3, 0x18E3, 0x18E3, 0x18E3, 0x18E3, 0x18E3, 0x18E3, 0x18E3, 0x18E3, 0x18E3, 0x18E3, 0x18E3,
  0x18E3, 0x18E3, 0x18E3, 0x18E3, 0x18E3, 0x18E3, 0x18E3, 0x18E3, 0x18E3, 0x18E3, 0x18E3, 0x18E3, 0x18E3, 0x18E3, 0x18E3, 0x18E3,
  0x18E3, 0x18E3, 0x18E3, 0x18E3, 0x18C3, 0x18E3, 0x18E3, 0x18E3, 0x18E3, 0x18E3, 0x18E3, 0x18E3, 0x18E3, 0x10A3, 0x0000, 0x0841,
  0x10A2, 0x0861, 0x0841, 0x0861, 0x0841, 0x0861, 0x0841, 0x0841, 0x0841, 0x0841, 0x0841, 0x0841, 0x0841, 0x0020, 0x0020, 0x0841,
  0x1082, 0x10A2, 0x1082, 0x10A2, 0x10A2, 0x1082, 0x1082, 0x1082, 0x1082, 0x1082, 0x0861, 0x0861, 0x0000, 0x18E3, 0x18E3, 0x18E3,
  0x18E3, 0x18E3, 0x18E3, 0x18E3, 0x18E3, 0x18E3, 0x18E3, 0x18E3, 0x18E3, 0x18E3, 0x18E3, 0x18E3, 0x18E3, 0x18E3, 0x18E3, 0x18E3,
  0x18E3, 0x18E3, 0x18E3, 0x18E3, 0x18E3, 0x18E3, 0x18E3, 0x18E3, 0x18E3, 0x18E3, 0x0000, 0x0861, 0x0841, 0x18E3, 0x18E3, 0x18E3,
  0x18E3, 0x10A2, 0x18E3, 0x1082, 0x18C3, 0x18E3, 0x0000, 0x18E3, 0x1082, 0x0000, 0x0000, 0x0020, 0x0841, 0x0861, 0x0861, 0x0861,
  0x1082, 0x1082, 0x1082, 0x1082, 0x1082, 0x10A2, 0x10A2, 0x10A3, 0x10A3, 0x10A3, 0x18C3, 0x18C3, 0x18C3, 0x18C3, 0x18E3, 0x18E3,
  0x18E3, 0x18E3, 0x18E3, 0x18E3, 0x18E3, 0x18C3, 0x0841, 0x1082, 0x1082, 0x1082, 0x1082, 0x1082, 0x1082, 0x1082, 0x1082, 0x1082,
  0x1082, 0x1082, 0x0861, 0x0861, 0x0861, 0x1082, 0x18E3, 0x18E3, 0x18E3, 0x18E3, 0x18E3, 0x18E3, 0x18E3, 0x18E3, 0x18E3, 0x0841,
  0x0000, 0x0861, 0x0000, 0x18E3, 0x18E3, 0x18E3, 0x18E3, 0x18E3, 0x18E3, 0x18E3, 0x18E3, 0x18E3, 0x18E3, 0x18E3, 0x18E3, 0x18E3,
  0x18E3, 0x18E3, 0x18E3, 0x18E3, 0x18E3, 0x18E3, 0x18E3, 0x18E3, 0x18E3, 0x18E3, 0x18E3, 0x18E3, 0x18E3, 0x18E3, 0x18E3, 0x18E3,
  0x18E3, 0x18E3, 0x18E3, 0x18E3, 0x18E3, 0x18E3, 0x18E3, 0x18E3, 0x18E3, 0x18E3, 0x18E3, 0x18E3, 0x18E3, 0x18E3, 0x18E3, 0x18E3,
  0x18E3, 0x18E3, 0x18E3, 0x18E3, 0x18E3, 0x18E3, 0x18E3, 0x18E3, 0x18E3, 0x18E3, 0x18E3, 0x18E3, 0x18E3, 0x18E3, 0x18E3, 0x18E3,
  0x18E3, 0x18E3, 0x18E3, 0x18E3, 0x18E3, 0x18E3, 0x18E3, 0x18E3, 0x18E3, 0x18E3, 0x18E3, 0x18E3, 0x18E3, 0x18E3, 0x18E3, 0x18E3,
  0x18E3, 0x18E3, 0x18E3, 0x18E3, 0x18E3, 0x18E3, 0x18E3, 0x18E3, 0x18E3, 0x18E3, 0x18E3, 0x18E3, 0x18E3, 0x18E3, 0x18E3, 0x18E3,
  0x18E3, 0x18E3, 0x18E3, 0x18E3, 0x18E3, 0x10A2, 0x10A2, 0x18E3, 0x18E3, 0x18E3, 0x18E3, 0x18E3, 0x18E3, 0x18E3, 0x1082, 0x0000,
  0x0000, 0x18C3, 0x1082, 0x0841, 0x0841, 0x0861, 0x0841, 0x0841, 0x0841, 0x0841, 0x0841, 0x0841, 0x0841, 0x0020, 0x0020, 0x0840,
  0x0861, 0x1082, 0x10A2, 0x10A2, 0x10A2, 0x1082, 0x1082, 0x1082, 0x1082, 0x1082, 0x1082, 0x1082, 0x0020, 0x0000, 0x18E3, 0x18E3,
  0x18E3, 0x18E3, 0x18E3, 0x18E3, 0x18E3, 0x18E3, 0x18E3, 0x18E3, 0x18E3, 0x18E3, 0x18E3, 0x18E3, 0x18E3, 0x18E3, 0x18E3, 0x18E3,
  0x18E3, 0x18E3, 0x18E3, 0x18E3, 0x18E3, 0x18E3, 0x18E3, 0x18E3, 0x18E3, 0x18E3, 0x0000, 0x0020, 0x18E3, 0x18E3, 0x18E3, 0x18E3,
  0x18E3, 0x18E3, 0x18E3, 0x18E3, 0x18E3, 0x18E3, 0x18C3, 0x18C3, 0x18C3, 0x0000, 0x0000, 0x0020, 0x0841, 0x0861, 0x0861, 0x0861,
  0x1082, 0x1082, 0x1082, 0x1082, 0x1082, 0x10A2, 0x10A2, 0x10A3, 0x10A3, 0x10A3, 0x18C3, 0x18C3, 0x18C3, 0x18C3, 0x18C3, 0x18C3,
  0x18E3, 0x18E3, 0x18E3, 0x18E3, 0x18E3, 0x0841, 0x1082, 0x1082, 0x10A2, 0x10A2, 0x1082, 0x1082, 0x1082, 0x1082, 0x10A2, 0x10A2,
  0x1082, 0x0862, 0x0862, 0x0861, 0x10A3, 0x18E3, 0x18E3, 0x18E3, 0x18E3, 0x18C3, 0x18E3, 0x18E3, 0x18C3, 0x18E3, 0x1082, 0x0841,
  0x0862, 0x0000, 0x18E3, 0x18C3, 0x18C3, 0x18E3, 0x18E3, 0x18C3, 0x18E3, 0x18E3, 0x18C3, 0x18E3, 0x18E3, 0x18C3, 0x18E3, 0x18E3,
  0x18C3, 0x18E3, 0x18E3, 0x18E3, 0x18E3, 0x18E3, 0x18E3, 0x18C3, 0x18C3, 0x18E3, 0x18C3, 0x18C3, 0x18E3, 0x18E3, 0x18C3, 0x18E3,
  0x18E3, 0x18E3, 0x18E3, 0x18E3, 0x18E3, 0x18E3, 0x18C3, 0x18E3, 0x18E3, 0x18E3, 0x18E3, 0x18C3, 0x18C3, 0x18C3, 0x18C3, 0x18E3,
  0x18E3, 0x18E3, 0x18C3, 0x18C3, 0x18E3, 0x18E3, 0x18E3, 0x18E3, 0x18E3, 0x18E3, 0x18E3, 0x18E3, 0x18E3, 0x18E3, 0x18E3, 0x18E3,
  0x18E3, 0x18C3, 0x18C3, 0x18E3, 0x18E3, 0x18E3, 0x18C3, 0x18C3, 0x18E3, 0x18E3, 0x18E3, 0x18E3, 0x18C3, 0x18E3, 0x18E3, 0x18E3,
  0x18C3, 0x18C3, 0x18C3, 0x18C3, 0x18C3, 0x18C3, 0x18E3, 0x18E3, 0x18C3, 0x18E3, 0x18E3, 0x18E3, 0x18C3, 0x18E3, 0x18E3, 0x18E3,
  0x18C3, 0x18C3, 0x18E3, 0x18E3, 0x18E3, 0x18C3, 0x18C3, 0x10A2, 0x18E3, 0x18E3, 0x18C3, 0x18C3, 0x18C3, 0x18C3, 0x18C3, 0x18C3,
  0x0841, 0x0020, 0x10A2, 0x10A2, 0x0841, 0x0841, 0x0861, 0x0841, 0x0841, 0x0841, 0x0841, 0x0841, 0x0841, 0x0841, 0x0841, 0x0020,
  0x0841, 0x0861, 0x1082, 0x10A2, 0x10A2, 0x1082, 0x1082, 0x1082, 0x1082, 0x1082, 0x1082, 0x1082, 0x0861, 0x0000, 0x18E3, 0x18C3,
  0x18C3, 0x18E3, 0x18E3, 0x18E3, 0x18E3, 0x18C3, 0x18E3, 0x18E3, 0x18C3, 0x18E3, 0x18E3, 0x18C3, 0x18E3, 0x18E3, 0x18E3, 0x18E3,
  0x18E3, 0x18E3, 0x18E3, 0x18E3, 0x18E3, 0x18C3, 0x18C3, 0x18E3, 0x18C3, 0x18E3, 0x0000, 0x0000, 0x18E3, 0x0000, 0x18C3, 0x18C3,
  0x0020, 0x18C3, 0x1082, 0x18C3, 0x18C3, 0x0000, 0x18C3, 0x0841, 0x18C3, 0x0020, 0x0000, 0x0020, 0x0841, 0x0861, 0x0861, 0x0861,
  0x1082, 0x1082, 0x1082, 0x1082, 0x1082, 0x10A2, 0x10A2, 0x10A3, 0x10A3, 0x10A3, 0x18C3, 0x18C3, 0x18C3, 0x18C3, 0x18C3, 0x18C3,
  0x18C3, 0x18C3, 0x18C3, 0x18C3, 0x18C3, 0x0841, 0x1082, 0x1082, 0x10A2, 0x10A2, 0x1082, 0x10A2, 0x1082, 0x1082, 0x10A2, 0x10A2,
  0x0862, 0x0861, 0x0861, 0x10A3, 0x18C3, 0x18C3, 0x18C3, 0x18C3, 0x18C3, 0x18C3, 0x18C3, 0x18C3, 0x18C3, 0x0841, 0x0021, 0x0021,
  0x0000, 0x18C3, 0x18C3, 0x18C3, 0x18C3, 0x18C3, 0x18C3, 0x18C3, 0x18C3, 0x18C3, 0x18C3, 0x18C3, 0x18C3, 0x18C3, 0x18C3, 0x18C3,
  0x18C3, 0x18C3, 0x18C3, 0x18C3, 0x18C3, 0x18C3, 0x18C3, 0x18C3, 0x18C3, 0x18C3, 0x18C3, 0x18C3, 0x18C3, 0x18C3, 0x18C3, 0x18C3,
  0x18C3, 0x18C3, 0x18C3, 0x18C3, 0x18C3, 0x18C3, 0x18C3, 0x18C3, 0x18C3, 0x18C3, 0x18C3, 0x18C3, 0x18C3, 0x18C3, 0x18C3, 0x18E3,
  0x18E3, 0x18C3, 0x18C3, 0x18C3, 0x18C3, 0x18C3, 0x18C3, 0x18C3, 0x18C3, 0x18C3, 0x18C3, 0x18C3, 0x18C3, 0x18C3, 0x18C3, 0x18C3,
  0x18C3, 0x18C3, 0x18C3, 0x18C3, 0x18C3, 0x18C3, 0x18C3, 0x18C3, 0x18C3, 0x18C3, 0x18C3, 0x18C3, 0x18C3, 0x18C3, 0x18C3, 0x18C3,
  0x18C3, 0x18C3, 0x18C3, 0x18C3, 0x18C3, 0x18C3, 0x18C3, 0x18C3, 0x18C3, 0x18C3, 0x18C3, 0x18C3, 0x18C3, 0x18C3, 0x18C3, 0x18C3,
  0x18C3, 0x18C3, 0x18C3, 0x18C3, 0x18C3, 0x18C3, 0x18C3, 0x18C3, 0x1082, 0x10A2, 0x18C3, 0x18C3, 0x18C3, 0x18C3, 0x18C3, 0x18C3,
  0x18C3, 0x0020, 0x0000, 0x0861, 0x1082, 0x0841, 0x0841, 0x0841, 0x0841, 0x0841, 0x0841, 0x0841, 0x0841, 0x0841, 0x0841, 0x0841,
  0x0020, 0x0841, 0x0861, 0x1082, 0x1082, 0x10A2, 0x1082, 0x1082, 0x1082, 0x1082, 0x1082, 0x1082, 0x0861, 0x0000, 0x0000, 0x18C3,
  0x18C3, 0x18C3, 0x18C3, 0x18C3, 0x18C3, 0x18C3, 0x18C3, 0x18C3, 0x18C3, 0x18C3, 0x18C3, 0x18C3, 0x18C3, 0x18C3, 0x18C3, 0x18C3,
  0x18C3, 0x18C3, 0x18C3, 0x18C3, 0x18C3, 0x18C3, 0x18C3, 0x18C3, 0x18C3, 0x18C3, 0x0000, 0x0000, 0x18C3, 0x18C3, 0x18C3, 0x18C3,
  0x18C3, 0x18C3, 0x18C3, 0x18C3, 0x18C3, 0x18C3, 0x18C3, 0x0841, 0x18C3, 0x0820, 0x0000, 0x0020, 0x0841, 0x0861, 0x0861, 0x0861,
  0x0861, 0x1082, 0x1082, 0x1082, 0x1082, 0x10A2, 0x10A3, 0x10A3, 0x10A3, 0x10A3, 0x18C3, 0x18C3, 0x18C3, 0x18C3, 0x18C3, 0x18C3,
  0x18C3, 0x18C3, 0x18C3, 0x18C3, 0x0861, 0x1082, 0x1082, 0x1082, 0x10A2, 0x10A2, 0x1082, 0x10A2, 0x10A2, 0x10A2, 0x10A2, 0x1082,
  0x0861, 0x0861, 0x0862, 0x18C3, 0x18C3, 0x18C3, 0x18C3, 0x18C3, 0x18C3, 0x18C3, 0x18C3, 0x18C3, 0x0021, 0x0841, 0x0841, 0x18C3,
  0x18C3, 0x18C3, 0x18C3, 0x18C3, 0x18C3, 0x18C3, 0x18C3, 0x18C3, 0x18C3, 0x18C3, 0x18C3, 0x18C3, 0x18C3, 0x18C3, 0x18C3, 0x18C3,
  0x18C3, 0x18C3, 0x18C3, 0x18C3, 0x18C3, 0x18C3, 0x18C3, 0x18C3, 0x18C3, 0x18C3, 0x18C3, 0x18C3, 0x18C3, 0x18C3, 0x18C3, 0x18C3,
  0x18C3, 0x18C3, 0x18C3, 0x18C3, 0x18C3, 0x18C3, 0x18C3, 0x18C3, 0x18C3, 0x18C3, 0x18C3, 0x18C3, 0x18C3, 0x18C3, 0x18C3, 0x18C3,
  0x18C3, 0x18C3, 0x18C3, 0x18C3, 0x18C3, 0x18C3, 0x18C3, 0x18C3, 0x18C3, 0x18C3, 0x18C3, 0x18C3, 0x18C3, 0x18C3, 0x18C3, 0x18C3,
  0x18C3, 0x18C3, 0x18C3, 0x18C3, 0x18C3, 0x18C3, 0x18C3, 0x18C3, 0x18C3, 0x18C3, 0x18C3, 0x18C3, 0x18C3, 0x18C3, 0x18C3, 0x18C3,
  0x18C3, 0x18C3, 0x18C3, 0x18C3, 0x18C3, 0x18C3, 0x18C3, 0x18C3, 0x18C3, 0x18C3, 0x18C3, 0x18C3, 0x18C3, 0x18C3, 0x18C3, 0x18C3,
  0x18C3, 0x18C3, 0x18C3, 0x18C3, 0x18C3, 0x18C3, 0x18C3, 0x18C3, 0x18C3, 0x18C3, 0x0861, 0x18C3, 0x18C3, 0x18C3, 0x18C3, 0x10A2,
  0x18C3, 0x18C3, 0x0861, 0x0000, 0x10A2, 0x10A3, 0x0841, 0x0841, 0x0861, 0x0861, 0x0841, 0x0841, 0x0841, 0x0841, 0x0841, 0x0841,
  0x0020, 0x0020, 0x0841, 0x0862, 0x10A2, 0x10A2, 0x10A2, 0x1082, 0x1082, 0x1082, 0x1082, 0x1082, 0x0862, 0x0861, 0x0000, 0x18C3,
  0x18C3, 0x18C3, 0x18C3, 0x18C3, 0x18C3, 0x18C3, 0x18C3, 0x18C3, 0x18C3, 0x18C3, 0x18C3, 0x18C3, 0x18C3, 0x18C3, 0x18C3, 0x18C3,
  0x18C3, 0x18C3, 0x18C3, 0x18C3, 0x18C3, 0x18C3, 0x18C3, 0x18C3, 0x18C3, 0x18C3, 0x0000, 0x0861, 0x10A2, 0x18C3, 0x18C3, 0x0000,
  0x18C3, 0x0000, 0x18C3, 0x0861, 0x18C3, 0x18C3, 0x18C3, 0x18C3, 0x18C3, 0x0020, 0x0000, 0x0020, 0x0841, 0x0861, 0x0861, 0x0861,
  0x0861, 0x1082, 0x1082, 0x1082, 0x1082, 0x10A2, 0x10A3, 0x10A3, 0x10A3, 0x10A3, 0x18C3, 0x18C3, 0x18C3, 0x18C3, 0x18C3, 0x18C3,
  0x18C3, 0x18C3, 0x18C3, 0x18C3, 0x0841, 0x1082, 0x1082, 0x1082, 0x10A2, 0x10A2, 0x10A2, 0x1082, 0x10A2, 0x10A2, 0x1082, 0x0862,
  0x0841, 0x1082, 0x18C3, 0x18C3, 0x18C3, 0x18C3, 0x18C3, 0x18C3, 0x18C3, 0x18C3, 0x18C3, 0x0862, 0x0861, 0x0020, 0x0020, 0x18C3,
  0x18C3, 0x18C3, 0x18C3, 0x18C3, 0x18C3, 0x18C3, 0x18C3, 0x18C3, 0x18C3, 0x18C3, 0x18C3, 0x18C3, 0x18C3, 0x18C3, 0x18C3, 0x18C3,
  0x18C3, 0x18C3, 0x18C3, 0x18C3, 0x18C3, 0x18C3, 0x18C3, 0x18C3, 0x18C3, 0x18C3, 0x18C3, 0x18C3, 0x18C3, 0x18C3, 0x18C3, 0x18C3,
  0x18C3, 0x18C3, 0x18C3, 0x18C3, 0x18C3, 0x18C3, 0x18C3, 0x18C3, 0x18C3, 0x18C3, 0x18C3, 0x18C3, 0x18C3, 0x18C3, 0x18C3, 0x18C3,
  0x18C3, 0x18C3, 0x18C3, 0x18C3, 0x18C3, 0x18C3, 0x18C3, 0x18C3, 0x18C3, 0x18C3, 0x18C3, 0x18C3, 0x18C3, 0x18C3, 0x18C3, 0x18C3,
  0x18C3, 0x18C3, 0x18C3, 0x18C3, 0x18C3, 0x18C3, 0x18C3, 0x18C3, 0x18C3, 0x18C3, 0x18C3, 0x18C3, 0x18C3, 0x18C3, 0x18C3, 0x18C3,
  0x18C3, 0x18C3, 0x18C3, 0x18C3, 0x18C3, 0x18C3, 0x18C3, 0x18C3, 0x18C3, 0x18C3, 0x18C3, 0x18C3, 0x18C3, 0x18C3, 0x18C3, 0x18C3,
  0x18C3, 0x18C3, 0x18C3, 0x18C3, 0x18C3, 0x18C3, 0x18C3, 0x18C3, 0x18C3, 0x18C3, 0x18C3, 0x0861, 0x1082, 0x18C3, 0x18C3, 0x18C3,
  0x18C3, 0x18C3, 0x18C3, 0x10A2, 0x0000, 0x0862, 0x10A3, 0x0841, 0x0841, 0x0841, 0x0841, 0x0841, 0x0841, 0x0841, 0x0861, 0x0841,
  0x0841, 0x0020, 0x0020, 0x0841, 0x1082, 0x10A2, 0x10A2, 0x10A2, 0x10A2, 0x1082, 0x1082, 0x1082, 0x0862, 0x0861, 0x0000, 0x18C3,
  0x18C3, 0x18C3, 0x18C3, 0x18C3, 0x18C3, 0x18C3, 0x18C3, 0x18C3, 0x18C3, 0x18C3, 0x18C3, 0x18C3, 0x18C3, 0x18C3, 0x18C3, 0x18C3,
  0x18C3, 0x18C3, 0x18C3, 0x18C3, 0x18C3, 0x18C3, 0x18C3, 0x18C3, 0x18C3, 0x18C3, 0x0000, 0x10A2, 0x0861, 0x18C3, 0x18C3, 0x18C3,
  0x18C3, 0x1082, 0x18C3, 0x0862, 0x1082, 0x18C3, 0x0020, 0x18C3, 0x18C3, 0x0020, 0x0000, 0x0000, 0x0841, 0x0861, 0x0861, 0x0861,
  0x1082, 0x1082, 0x1082, 0x1082, 0x1082, 0x10A2, 0x10A3, 0x10A3, 0x10A3, 0x10A3, 0x18C3, 0x18C3, 0x18C3, 0x18C3, 0x18C3, 0x18C3,
  0x18C3, 0x18C3, 0x18C3, 0x18C3, 0x0862, 0x1082, 0x1082, 0x1082, 0x1082, 0x10A2, 0x10A2, 0x1082, 0x10A2, 0x1082, 0x0862, 0x0861,
  0x0862, 0x18C3, 0x18C3, 0x18C3, 0x18C3, 0x18C3, 0x18C3, 0x18C3, 0x18C3, 0x18C3, 0x0841, 0x0841, 0x0000, 0x0862, 0x18C3, 0x18C3,
  0x18C3, 0x18C3, 0x18C3, 0x18C3, 0x18C3, 0x18C3, 0x18C3, 0x18C3, 0x18C3, 0x18C3, 0x18C3, 0x18C3, 0x18C3, 0x18C3, 0x18C3, 0x18C3,
  0x18C3, 0x18C3, 0x18C3, 0x18C3, 0x18C3, 0x18C3, 0x18C3, 0x18C3, 0x18C3, 0x18C3, 0x18C3, 0x18C3, 0x18C3, 0x18C3, 0x18C3, 0x18C3,
  0x18C3, 0x18C3, 0x18C3, 0x18C3, 0x18C3, 0x18C3, 0x18C3, 0x1082, 0x1082, 0x18C3, 0x18C3, 0x18C3, 0x18C3, 0x18C3, 0x18C3, 0x18C3,
  0x18C3, 0x18C3, 0x18C3, 0x18C3, 0x18C3, 0x18C3, 0x18C3, 0x18C3, 0x18C3, 0x18C3, 0x18C3, 0x18C3, 0x18C3, 0x18C3, 0x18C3, 0x18C3,
  0x18C3, 0x18C3, 0x18C3, 0x18C3, 0x18C3, 0x18C3, 0x18C3, 0x18C3, 0x18C3, 0x18C3, 0x0862, 0x0861, 0x10C3, 0x18C3, 0x18C3, 0x18C3,
  0x18C3, 0x18C3, 0x18C3, 0x18C3, 0x18C3, 0x18C3, 0x18C3, 0x18C3, 0x18C3, 0x18C3, 0x18C3, 0x18C3, 0x18C3, 0x18C3, 0x18C3, 0x18C3,
  0x18C3, 0x18C3, 0x18C3, 0x18C3, 0x18C3, 0x18C3, 0x18C3, 0x18C3, 0x18C3, 0x18C3, 0x18C3, 0x18C3, 0x10A2, 0x0861, 0x18C3, 0x18C3,
  0x18C3, 0x18C3, 0x18C3, 0x18C3, 0x0861, 0x0000, 0x0021, 0x10A2, 0x0841, 0x0841, 0x0841, 0x0841, 0x0841, 0x0861, 0x0841, 0x0841,
  0x0841, 0x0841, 0x0020, 0x0020, 0x0861, 0x1082, 0x10A2, 0x10A2, 0x10A2, 0x1082, 0x1082, 0x1082, 0x0862, 0x1082, 0x0861, 0x18C3,
  0x18C3, 0x18C3, 0x18C3, 0x18C3, 0x18C3, 0x18C3, 0x18C3, 0x18C3, 0x18C3, 0x18C3, 0x18C3, 0x18C3, 0x18C3, 0x18C3, 0x18C3, 0x18C3,
  0x18C3, 0x18C3, 0x18C3, 0x18C3, 0x18C3, 0x18C3, 0x18C3, 0x18C3, 0x18C3, 0x18C3, 0x0000, 0x0861, 0x18C3, 0x18C3, 0x18C3, 0x18C3,
  0x18A3, 0x10C2, 0x18A2, 0x18C2, 0x10A2, 0x10A3, 0x18A2, 0x18C2, 0x18C2, 0x0861, 0x0000, 0x0020, 0x0841, 0x0841, 0x0841, 0x0861,
  0x1082, 0x1082, 0x1082, 0x1082, 0x1082, 0x10A2, 0x10A2, 0x10A2, 0x10A3, 0x18C3, 0x18C3, 0x10C3, 0x10C3, 0x18C3, 0x18C3, 0x18C3,
  0x10A3, 0x18C3, 0x18C3, 0x18C2, 0x1082, 0x10A2, 0x1082, 0x10A2, 0x10A2, 0x10A2, 0x10A2, 0x10A2, 0x10A2, 0x0862, 0x0841, 0x0861,
  0x18C2, 0x18C2, 0x18A3, 0x10C3, 0x10C3, 0x18C2, 0x10C2, 0x18C2, 0x18A2, 0x0041, 0x0862, 0x0841, 0x18C2, 0x18C2, 0x10A2, 0x10C2,
  0x18C2, 0x18C2, 0x18C2, 0x18C2, 0x10A2, 0x10A2, 0x10A2, 0x10C3, 0x18C3, 0x18C3, 0x10A3, 0x10C3, 0x10A2, 0x10C3, 0x18C3, 0x10A3,
  0x10C3, 0x18A3, 0x10A2, 0x10A2, 0x10C3, 0x10C3, 0x10C3, 0x18A2, 0x18A2, 0x18A3, 0x18C3, 0x18C3, 0x18C3, 0x18A3, 0x10C2, 0x10C3,
  0x10C3, 0x10C3, 0x10A3, 0x1041, 0x1041, 0x1061, 0x10C2, 0x18C3, 0x18C3, 0x10C3, 0x10C3, 0x18C3, 0x18A3, 0x18A3, 0x18A3, 0x10C3,
  0x10C3, 0x18A3, 0x10C3, 0x10C3, 0x18C2, 0x10C2, 0x10C3, 0x18C3, 0x10C3, 0x10C3, 0x10C3, 0x10C2, 0x18C2, 0x18C2, 0x18A3, 0x18A3,
  0x10A3, 0x18A2, 0x18A3, 0x18C3, 0x18C3, 0x18C2, 0x18C2, 0x18C2, 0x10A2, 0x10A2, 0x10C2, 0x18C3, 0x18C3, 0x0841, 0x0021, 0x1082,
  0x18C2, 0x18C2, 0x18C2, 0x10A3, 0x10A3, 0x10C3, 0x10A2, 0x10A3, 0x18C3, 0x18C3, 0x18C2, 0x18A2, 0x18C3, 0x10A3, 0x18A3, 0x10A3,
  0x10C3, 0x10C3, 0x18A3, 0x10A3, 0x10A3, 0x18C3, 0x18C3, 0x10C2, 0x18C3, 0x18C3, 0x18C2, 0x18C2, 0x18C3, 0x18A3, 0x0841, 0x10A2,
  0x18A2, 0x10C2, 0x18C2, 0x18C2, 0x10C3, 0x10A2, 0x0000, 0x1082, 0x18C2, 0x0861, 0x0841, 0x0861, 0x0861, 0x0841, 0x0841, 0x0841,
  0x0841, 0x0841, 0x0841, 0x0020, 0x0020, 0x0841, 0x1082, 0x10A2, 0x10A2, 0x10A2, 0x10A2, 0x1082, 0x1082, 0x1081, 0x0861, 0x0020,
  0x18C3, 0x18C3, 0x18A3, 0x10C2, 0x18C2, 0x18C3, 0x10C3, 0x10A2, 0x10C3, 0x10C3, 0x10C3, 0x10A3, 0x18C2, 0x18C2, 0x18C3, 0x18C3,
  0x10C3, 0x18C3, 0x18C3, 0x10C3, 0x18C3, 0x10C3, 0x10A3, 0x18A3, 0x10A3, 0x10A3, 0x0000, 0x0000, 0x18A3, 0x0861, 0x10C2, 0x10C2,
  0x0000, 0x10A2, 0x10A2, 0x10A2, 0x10A2, 0x0000, 0x10A2, 0x0000, 0x10A2, 0x0861, 0x0000, 0x0000, 0x0841, 0x0841, 0x0841, 0x0861,
  0x1082, 0x1082, 0x1082, 0x1082, 0x1082, 0x10A2, 0x10A2, 0x10A2, 0x10A2, 0x10A2, 0x10A2, 0x10A2, 0x10A2, 0x10A2, 0x10A2, 0x10A2,
  0x10A2, 0x10A2, 0x10A2, 0x0862, 0x1082, 0x10A2, 0x1082, 0x10A2, 0x10A2, 0x10A2, 0x10A2, 0x10A2, 0x1082, 0x0861, 0x0841, 0x1082,
  0x10A2, 0x10A2, 0x10A2, 0x10A2, 0x10A2, 0x10A2, 0x10A2, 0x10A2, 0x1082, 0x0862, 0x0020, 0x0000, 0x10A2, 0x10A2, 0x10A2, 0x10A2,
  0x10A2, 0x10A2, 0x10A2, 0x10A2, 0x10A2, 0x10A2, 0x10A2, 0x10A2, 0x10A2, 0x10A2, 0x10A2, 0x10A2, 0x10A2, 0x10A2, 0x10A2, 0x10A2,
  0x10A2, 0x10A2, 0x10A2, 0x10A2, 0x10A2, 0x10A2, 0x10A2, 0x10A2, 0x10A2, 0x10A2, 0x10A2, 0x10A2, 0x10A2, 0x10A2, 0x10A2, 0x10A2,
  0x0861, 0x0841, 0x0841, 0x10A2, 0x10A2, 0x10A2, 0x10A2, 0x10A2, 0x10A2, 0x10A2, 0x10A2, 0x10A2, 0x10A2, 0x10A2, 0x10A2, 0x10A2,
  0x10A2, 0x10A2, 0x10A2, 0x10A2, 0x10A2, 0x10A2, 0x10A2, 0x10A2, 0x10A2, 0x10A2, 0x10A2, 0x10A2, 0x10A2, 0x10A2, 0x10A2, 0x10A2,
  0x10A2, 0x10A2, 0x10A2, 0x10A2, 0x10A2, 0x10A2, 0x10A2, 0x10A2, 0x10A2, 0x10A2, 0x10A2, 0x10A2, 0x10A2, 0x10A2, 0x10A2, 0x10A2,
  0x0021, 0x0041, 0x10A2, 0x10A2, 0x10A2, 0x10A2, 0x10A2, 0x10A2, 0x10A2, 0x10A2, 0x10A2, 0x10A2, 0x10A2, 0x10A2, 0x10A2, 0x10A2,
  0x10A2, 0x10A2, 0x10A2, 0x10A2, 0x10A2, 0x10A2, 0x10A2, 0x10A2, 0x10A2, 0x10A2, 0x10A2, 0x10A2, 0x10A2, 0x10A2, 0x10A2, 0x0020,
  0x1082, 0x10A2, 0x10A2, 0x10A2, 0x10A2, 0x10A2, 0x10A2, 0x0000, 0x0861, 0x10A2, 0x0841, 0x0841, 0x0861, 0x0861, 0x0841, 0x0841,
  0x0841, 0x0841, 0x0841, 0x0841, 0x0020, 0x0020, 0x1082, 0x10A2, 0x10A2, 0x10A2, 0x10A2, 0x10A2, 0x1082, 0x1082, 0x1082, 0x0000,
  0x10A2, 0x10A2, 0x10A2, 0x10A2, 0x10A2, 0x10A2, 0x10A2, 0x10A2, 0x10A2, 0x10A2, 0x10A2, 0x10A2, 0x10A2, 0x10A2, 0x10A2, 0x10A2,
  0x10A2, 0x10A2, 0x10A2, 0x10A2, 0x10A2, 0x10A2, 0x10A2, 0x10A2, 0x10A2, 0x10A2, 0x0000, 0x1082, 0x10A2, 0x10A2, 0x10A2, 0x10A2,
  0x10A2, 0x10A2, 0x10A2, 0x10A2, 0x10A2, 0x10A2, 0x10A2, 0x10A2, 0x1082, 0x10A2, 0x0000, 0x0000, 0x0841, 0x0841, 0x0841, 0x0861,
  0x1082, 0x1082, 0x1082, 0x1082, 0x1082, 0x10A2, 0x10A2, 0x10A2, 0x10A2, 0x10A2, 0x10A2, 0x10A2, 0x10A2, 0x10A2, 0x10A2, 0x10A2,
  0x10A2, 0x10A2, 0x10A2, 0x0841, 0x1082, 0x1082, 0x10A2, 0x10A2, 0x10A2, 0x10A2, 0x10A2, 0x1082, 0x0861, 0x0841, 0x1082, 0x10A2,
  0x10A2, 0x10A2, 0x10A2, 0x10A2, 0x10A2, 0x10A2, 0x10A2, 0x0861, 0x0841, 0x0000, 0x0020, 0x10A2, 0x10A2, 0x10A2, 0x10A2, 0x10A2,
  0x10A2, 0x10A2, 0x10A2, 0x10A2, 0x10A2, 0x10A2, 0x10A2, 0x10A2, 0x10A2, 0x10A2, 0x10A2, 0x10A2, 0x10A2, 0x10A2, 0x10A2, 0x10A2,
  0x10A2, 0x10A2, 0x10A2, 0x10A2, 0x10A2, 0x10A2, 0x10A2, 0x10A2, 0x10A2, 0x10A2, 0x10A2, 0x10A2, 0x10A2, 0x10A2, 0x0000, 0x0000,
  0x10A2, 0x10A2, 0x10A2, 0x10A2, 0x10A2, 0x10A2, 0x10A2, 0x10A2, 0x10A2, 0x10A2, 0x10A2, 0x10A2, 0x10A2, 0x10A2, 0x10A2, 0x10A2,
  0x10A2, 0x10A2, 0x10A2, 0x10A2, 0x10A2, 0x10A2, 0x10A2, 0x10A2, 0x10A2, 0x10A2, 0x10A2, 0x10A2, 0x10A2, 0x10A2, 0x10A2, 0x10A2,
  0x10A2, 0x10A2, 0x10A2, 0x10A2, 0x10A2, 0x10A2, 0x10A2, 0x10A2, 0x10A2, 0x10A2, 0x10A2, 0x10A2, 0x10A2, 0x10A2, 0x10A2, 0x10A2,
  0x10A2, 0x10A2, 0x0861, 0x0020, 0x1082, 0x10A2, 0x10A2, 0x10A2, 0x10A2, 0x10A2, 0x10A2, 0x10A2, 0x10A2, 0x10A2, 0x10A2, 0x10A2,
  0x10A2, 0x10A2, 0x10A2, 0x10A2, 0x10A2, 0x10A2, 0x10A2, 0x10A2, 0x10A2, 0x10A2, 0x10A2, 0x10A2, 0x10A2, 0x10A2, 0x10A2, 0x10A2,
  0x0020, 0x10A2, 0x10A2, 0x10A2, 0x10A2, 0x10A2, 0x10A2, 0x1082, 0x0000, 0x0021, 0x1082, 0x0021, 0x0841, 0x0861, 0x0841, 0x0861,
  0x0841, 0x0861, 0x0841, 0x0841, 0x0020, 0x0020, 0x0861, 0x1082, 0x1082, 0x10A2, 0x1082, 0x1082, 0x1082, 0x1082, 0x1082, 0x0000,
  0x0841, 0x10A2, 0x10A2, 0x10A2, 0x10A2, 0x10A2, 0x10A2, 0x10A2, 0x10A2, 0x10A2, 0x10A2, 0x10A2, 0x10A2, 0x10A2, 0x10A2, 0x10A2,
  0x10A2, 0x10A2, 0x10A2, 0x10A2, 0x10A2, 0x10A2, 0x10A2, 0x10A2, 0x10A2, 0x10A2, 0x0020, 0x10A2, 0x10A2, 0x10A2, 0x10A2, 0x0841,
  0x10A2, 0x0020, 0x1082, 0x10A2, 0x10A2, 0x10A2, 0x10A2, 0x10A2, 0x10A2, 0x10A2, 0x0000, 0x0000, 0x0841, 0x0841, 0x0841, 0x0861,
  0x1082, 0x1082, 0x1082, 0x1082, 0x1082, 0x10A2, 0x10A2, 0x10A2, 0x10A2, 0x10A2, 0x10A2, 0x10A2, 0x10A2, 0x10A2, 0x10A2, 0x10A2,
  0x10A2, 0x10A2, 0x1082, 0x0841, 0x1082, 0x10A2, 0x10A2, 0x10A2, 0x10A2, 0x10A2, 0x1082, 0x0862, 0x0862, 0x0862, 0x10A2, 0x10A2,
  0x10A2, 0x10A2, 0x10A2, 0x10A2, 0x10A2, 0x10A2, 0x0841, 0x0841, 0x1082, 0x10A2, 0x10A2, 0x10A2, 0x10A2, 0x10A2, 0x10A2, 0x10A2,
  0x10A2, 0x10A2, 0x10A2, 0x10A2, 0x10A2, 0x10A2, 0x10A2, 0x10A2, 0x10A2, 0x10A2, 0x10A2, 0x10A2, 0x10A2, 0x10A2, 0x10A2, 0x10A2,
  0x10A2, 0x10A2, 0x10A2, 0x10A2, 0x10A2, 0x10A2, 0x10A2, 0x10A2, 0x10A2, 0x10A2, 0x10A2, 0x10A2, 0x0861, 0x0000, 0x10A2, 0x10A2,
  0x10A2, 0x10A2, 0x10A2, 0x10A2, 0x10A2, 0x10A2, 0x10A2, 0x10A2, 0x10A2, 0x10A2, 0x10A2, 0x10A2, 0x10A2, 0x10A2, 0x10A2, 0x10A2,
  0x10A2, 0x10A2, 0x10A2, 0x10A2, 0x10A2, 0x10A2, 0x10A2, 0x10A2, 0x10A2, 0x10A2, 0x10A2, 0x10A2, 0x10A2, 0x10A2, 0x10A2, 0x10A2,
  0x10A2, 0x10A2, 0x10A2, 0x10A2, 0x10A2, 0x10A2, 0x10A2, 0x10A2, 0x10A2, 0x10A2, 0x10A2, 0x10A2, 0x10A2, 0x10A2, 0x10A2, 0x10A2,
  0x10A2, 0x10A2, 0x10A2, 0x0882, 0x0861, 0x0040, 0x10A2, 0x10A2, 0x10A2, 0x10A2, 0x10A2, 0x10A2, 0x10A2, 0x10A2, 0x10A2, 0x10A2,
  0x10A2, 0x10A2, 0x10A2, 0x10A2, 0x10A2, 0x10A2, 0x10A2, 0x10A2, 0x10A2, 0x10A2, 0x10A2, 0x10A2, 0x10A2, 0x10A2, 0x10A2, 0x10A2,
  0x10A2, 0x0000, 0x10A2, 0x10A2, 0x10A2, 0x10A2, 0x10A2, 0x10A2, 0x10A2, 0x0000, 0x10A2, 0x10A2, 0x0841, 0x0841, 0x0861, 0x0861,
  0x0861, 0x0861, 0x0861, 0x0861, 0x0841, 0x0020, 0x0020, 0x0841, 0x1082, 0x10A2, 0x10A2, 0x10A2, 0x1082, 0x1082, 0x1081, 0x0841,
  0x0000, 0x10A2, 0x10A2, 0x10A2, 0x10A2, 0x10A2, 0x10A2, 0x10A2, 0x10A2, 0x10A2, 0x10A2, 0x10A2, 0x10A2, 0x10A2, 0x10A2, 0x10A2,
  0x10A2, 0x10A2, 0x10A2, 0x10A2, 0x10A2, 0x10A2, 0x10A2, 0x10A2, 0x10A2, 0x10A2, 0x0841, 0x10A2, 0x10A2, 0x10A2, 0x10A2, 0x10A2,
  0x1082, 0x1082, 0x10A2, 0x10A2, 0x0861, 0x1082, 0x0000, 0x10A2, 0x10A2, 0x0841, 0x0020, 0x0000, 0x0841, 0x0841, 0x0841, 0x0861,
  0x1082, 0x1082, 0x1082, 0x1082, 0x1082, 0x10A2, 0x1082, 0x1082, 0x10A2, 0x1082, 0x1082, 0x10A2, 0x10A2, 0x10A2, 0x1082, 0x1082,
  0x10A2, 0x10A2, 0x0861, 0x1082, 0x1082, 0x10A2, 0x1082, 0x10A2, 0x1082, 0x1082, 0x0862, 0x0861, 0x0841, 0x10A2, 0x10A2, 0x1082,
  0x10A2, 0x10A2, 0x10A2, 0x1082, 0x10A2, 0x10A2, 0x0861, 0x0861, 0x0000, 0x1082, 0x1082, 0x1082, 0x10A2, 0x1082, 0x1082, 0x10A2,
  0x10A2, 0x1082, 0x10A2, 0x10A2, 0x1082, 0x10A2, 0x10A2, 0x10A2, 0x10A2, 0x1082, 0x10A2, 0x10A2, 0x10A2, 0x10A2, 0x10A2, 0x1082,
  0x10A2, 0x10A2, 0x10A2, 0x10A2, 0x10A2, 0x10A2, 0x10A2, 0x10A2, 0x10A2, 0x10A2, 0x0000, 0x0000, 0x0821, 0x1082, 0x10A2, 0x10A2,
  0x1082, 0x10A2, 0x10A2, 0x10A2, 0x10A2, 0x10A2, 0x10A2, 0x10A2, 0x10A2, 0x10A2, 0x10A2, 0x10A2, 0x10A2, 0x10A2, 0x10A2, 0x10A2,
  0x10A2, 0x10A2, 0x10A2, 0x10A2, 0x10A2, 0x10A2, 0x10A2, 0x10A2, 0x10A2, 0x10A2, 0x10A2, 0x1082, 0x1082, 0x10A2, 0x1082, 0x1082,
  0x10A2, 0x1082, 0x1082, 0x10A2, 0x10A2, 0x10A2, 0x10A2, 0x10A2, 0x1082, 0x10A2, 0x10A2, 0x10A2, 0x10A2, 0x10A2, 0x1082, 0x1082,
  0x10A2, 0x10A2, 0x10A2, 0x1082, 0x1082, 0x10A2, 0x0861, 0x0000, 0x0861, 0x10A2, 0x1082, 0x1082, 0x10A2, 0x10A2, 0x1082, 0x1082,
  0x10A2, 0x10A2, 0x10A2, 0x10A2, 0x10A2, 0x10A2, 0x10A2, 0x10A2, 0x10A2, 0x10A2, 0x10A2, 0x10A2, 0x10A2, 0x1082, 0x1082, 0x1082,
  0x1082, 0x10A2, 0x0841, 0x1082, 0x10A2, 0x10A2, 0x10A2, 0x10A2, 0x10A2, 0x10A2, 0x0000, 0x1082, 0x1082, 0x0021, 0x0861, 0x0861,
  0x0861, 0x0861, 0x0861, 0x0861, 0x0861, 0x0841, 0x0020, 0x0841, 0x0861, 0x1082, 0x10A2, 0x10A2, 0x1082, 0x1082, 0x1082, 0x1082,
  0x0000, 0x10A2, 0x10A2, 0x10A2, 0x10A2, 0x10A2, 0x10A2, 0x1082, 0x10A2, 0x10A2, 0x10A2, 0x1082, 0x10A2, 0x10A2, 0x10A2, 0x10A2,
  0x10A2, 0x1082, 0x1082, 0x10A2, 0x10A2, 0x10A2, 0x10A2, 0x10A2, 0x1082, 0x1082, 0x0000, 0x1082, 0x1082, 0x0841, 0x10A2, 0x10A2,
  0x1082, 0x1082, 0x1082, 0x1082, 0x1082, 0x1082, 0x1082, 0x1082, 0x1082, 0x1082, 0x0020, 0x0000, 0x0841, 0x0841, 0x0841, 0x0861,
  0x1082, 0x1082, 0x1082, 0x1082, 0x1082, 0x1082, 0x1082, 0x1082, 0x1082, 0x1082, 0x1082, 0x10A2, 0x1082, 0x1082, 0x1082, 0x1082,
  0x10A2, 0x1082, 0x0862, 0x1082, 0x1082, 0x1082, 0x1082, 0x1082, 0x1082, 0x1082, 0x1082, 0x0861, 0x1062, 0x1082, 0x1082, 0x1082,
  0x10A2, 0x10A2, 0x1082, 0x1082, 0x1082, 0x0841, 0x0861, 0x0000, 0x1082, 0x1082, 0x1082, 0x1082, 0x1082, 0x1082, 0x1082, 0x1082,
  0x1082, 0x1082, 0x1082, 0x1082, 0x1082, 0x1082, 0x1082, 0x1082, 0x1082, 0x1082, 0x1082, 0x1082, 0x1082, 0x1082, 0x1082, 0x1082,
  0x1082, 0x1082, 0x1082, 0x1082, 0x1082, 0x1082, 0x1082, 0x1082, 0x1082, 0x0020, 0x0861, 0x1082, 0x1082, 0x1082, 0x1082, 0x1082,
  0x1082, 0x1082, 0x1082, 0x1082, 0x1082, 0x1082, 0x1082, 0x1082, 0x1082, 0x1082, 0x1082, 0x1082, 0x1082, 0x1082, 0x1082, 0x1082,
  0x1082, 0x1082, 0x1082, 0x1082, 0x1082, 0x1082, 0x1082, 0x1082, 0x1082, 0x1082, 0x1082, 0x1082, 0x1082, 0x1082, 0x1082, 0x1082,
  0x10A2, 0x1082, 0x1082, 0x1082, 0x1082, 0x1082, 0x1082, 0x10A2, 0x1082, 0x1082, 0x1082, 0x1082, 0x1082, 0x1082, 0x1082, 0x1082,
  0x1082, 0x1082, 0x1082, 0x1082, 0x1082, 0x1082, 0x1082, 0x1082, 0x1082, 0x0020, 0x1082, 0x1082, 0x1082, 0x1082, 0x1082, 0x1082,
  0x1082, 0x1082, 0x1082, 0x1082, 0x1082, 0x1082, 0x1082, 0x1082, 0x1082, 0x1082, 0x1082, 0x10A2, 0x1082, 0x1082, 0x1082, 0x1082,
  0x1082, 0x1082, 0x1082, 0x1082, 0x1082, 0x1082, 0x1082, 0x1082, 0x1082, 0x1082, 0x0861, 0x0000, 0x1082, 0x0841, 0x0841, 0x0861,
  0x0861, 0x0861, 0x0861, 0x0861, 0x0861, 0x0841, 0x0020, 0x0020, 0x0841, 0x1082, 0x1082, 0x1082, 0x1082, 0x1082, 0x1082, 0x1081,
  0x0020, 0x0000, 0x1082, 0x1082, 0x1082, 0x1082, 0x1082, 0x1082, 0x1082, 0x1082, 0x1082, 0x1082, 0x10A2, 0x10A2, 0x1082, 0x1082,
  0x1082, 0x1082, 0x1082, 0x1082, 0x1082, 0x1082, 0x10A2, 0x1082, 0x1082, 0x1082, 0x0000, 0x0000, 0x1082, 0x1082, 0x10A2, 0x10A2,
  0x0000, 0x1082, 0x1082, 0x1082, 0x1082, 0x0020, 0x1082, 0x0861, 0x0861, 0x1082, 0x0000, 0x0000, 0x0841, 0x0841, 0x0861, 0x0861,
  0x0862, 0x1082, 0x1082, 0x1082, 0x1082, 0x1082, 0x1082, 0x1082, 0x1082, 0x1082, 0x1082, 0x1082, 0x1082, 0x1082, 0x1082, 0x1082,
  0x1082, 0x0862, 0x0861, 0x1082, 0x1082, 0x1082, 0x1082, 0x1082, 0x1082, 0x1082, 0x0861, 0x0862, 0x1082, 0x1082, 0x1082, 0x1082,
  0x1082, 0x1082, 0x1082, 0x1082, 0x0841, 0x0861, 0x0000, 0x1082, 0x1082, 0x1082, 0x1082, 0x1082, 0x1082, 0x1082, 0x1082, 0x1082,
  0x1082, 0x1082, 0x1082, 0x1082, 0x1082, 0x1082, 0x1082, 0x1082, 0x1082, 0x1082, 0x1082, 0x1082, 0x1082, 0x1082, 0x1082, 0x1082,
  0x1082, 0x1082, 0x1082, 0x1082, 0x1082, 0x1082, 0x1082, 0x0862, 0x0000, 0x0841, 0x1082, 0x1082, 0x1082, 0x1082, 0x1082, 0x1082,
  0x1082, 0x1082, 0x1082, 0x1082, 0x1082, 0x1082, 0x1082, 0x1082, 0x1082, 0x1082, 0x1082, 0x1082, 0x1082, 0x1082, 0x1082, 0x1082,
  0x1082, 0x1082, 0x1082, 0x1082, 0x1082, 0x1082, 0x1082, 0x1082, 0x1082, 0x1082, 0x1082, 0x1082, 0x1082, 0x1082, 0x1082, 0x1082,
  0x1082, 0x1082, 0x1082, 0x1082, 0x1082, 0x1082, 0x1082, 0x1082, 0x1082, 0x1082, 0x1082, 0x1082, 0x1082, 0x1082, 0x1082, 0x1082,
  0x1082, 0x1082, 0x1082, 0x1082, 0x1082, 0x1082, 0x1082, 0x1082, 0x1082, 0x1082, 0x0000, 0x0020, 0x1082, 0x1082, 0x1082, 0x1082,
  0x1082, 0x1082, 0x1082, 0x1082, 0x1082, 0x1082, 0x1082, 0x1082, 0x1082, 0x1082, 0x1082, 0x1082, 0x1082, 0x1082, 0x1082, 0x1082,
  0x1082, 0x1082, 0x1082, 0x1082, 0x0862, 0x1082, 0x1082, 0x1082, 0x1082, 0x1082, 0x1082, 0x1082, 0x0000, 0x1082, 0x0861, 0x0841,
  0x0861, 0x0861, 0x0861, 0x0861, 0x0861, 0x0861, 0x0841, 0x0020, 0x0020, 0x0862, 0x1082, 0x1082, 0x1082, 0x1082, 0x1082, 0x1082,
  0x0861, 0x0000, 0x1082, 0x1082, 0x1082, 0x1082, 0x1082, 0x1082, 0x1082, 0x1082, 0x1082, 0x1082, 0x1082, 0x1082, 0x1082, 0x1082,
  0x1082, 0x1082, 0x1082, 0x1082, 0x1082, 0x1082, 0x1082, 0x1082, 0x1082, 0x0861, 0x0882, 0x1082, 0x1082, 0x1082, 0x1082, 0x0862,
  0x1082, 0x1082, 0x1082, 0x1082, 0x1082, 0x1082, 0x1082, 0x1082, 0x1082, 0x1082, 0x0000, 0x0000, 0x0020, 0x0841, 0x0861, 0x0861,
  0x0861, 0x1082, 0x1082, 0x1082, 0x1082, 0x1082, 0x1082, 0x1082, 0x1082, 0x1082, 0x1082, 0x1082, 0x1082, 0x1082, 0x1082, 0x1082,
  0x1082, 0x0861, 0x1082, 0x1082, 0x1082, 0x1082, 0x1082, 0x1082, 0x1082, 0x0862, 0x0861, 0x1082, 0x1082, 0x1082, 0x1082, 0x1082,
  0x1082, 0x1082, 0x1082, 0x0841, 0x0862, 0x0841, 0x1082, 0x1082, 0x1082, 0x1082, 0x1082, 0x1082, 0x1082, 0x1082, 0x1082, 0x1082,
  0x1082, 0x1082, 0x1082, 0x1082, 0x1082, 0x1082, 0x1082, 0x1082, 0x1082, 0x1082, 0x1082, 0x1082, 0x1082, 0x1082, 0x1082, 0x1082,
  0x1082, 0x1082, 0x1082, 0x1082, 0x0861, 0x0841, 0x1082, 0x0841, 0x1082, 0x1082, 0x1082, 0x1082, 0x0842, 0x1082, 0x1082, 0x1082,
  0x1082, 0x1082, 0x1082, 0x1082, 0x1082, 0x1082, 0x1082, 0x1082, 0x1082, 0x1082, 0x1082, 0x1082, 0x1082, 0x1082, 0x1082, 0x1082,
  0x1082, 0x1082, 0x1082, 0x1082, 0x1082, 0x1082, 0x1082, 0x1082, 0x1082, 0x1082, 0x1082, 0x1082, 0x1082, 0x1082, 0x1082, 0x1082,
  0x1082, 0x1082, 0x1082, 0x1082, 0x1082, 0x1082, 0x1082, 0x1082, 0x1082, 0x1082, 0x1082, 0x1082, 0x1082, 0x1082, 0x1082, 0x1082,
  0x1082, 0x1082, 0x1082, 0x1082, 0x1082, 0x1082, 0x1082, 0x1082, 0x1082, 0x1082, 0x1082, 0x0862, 0x0020, 0x1082, 0x1082, 0x1082,
  0x1082, 0x1082, 0x1082, 0x1082, 0x1082, 0x1082, 0x1082, 0x1082, 0x1082, 0x1082, 0x1082, 0x1082, 0x1082, 0x1082, 0x1082, 0x1082,
  0x1082, 0x1082, 0x1082, 0x1082, 0x1082, 0x1082, 0x1082, 0x1082, 0x1082, 0x1082, 0x1082, 0x1082, 0x1082, 0x0861, 0x1082, 0x0862,
  0x0841, 0x0862, 0x0861, 0x1082, 0x1082, 0x0861, 0x0861, 0x0861, 0x0020, 0x0841, 0x1082, 0x1082, 0x1082, 0x1082, 0x1082, 0x1082,
  0x1082, 0x0000, 0x1082, 0x1082, 0x1082, 0x1082, 0x1082, 0x1082, 0x1082, 0x1082, 0x1082, 0x1082, 0x1082, 0x1082, 0x1082, 0x1082,
  0x1082, 0x1082, 0x1082, 0x1082, 0x1082, 0x1082, 0x1082, 0x1082, 0x1082, 0x0021, 0x1082, 0x1082, 0x1082, 0x1082, 0x1082, 0x1082,
  0x1082, 0x0841, 0x0020, 0x1082, 0x0841, 0x1082, 0x1082, 0x1082, 0x1082, 0x1082, 0x0861, 0x0000, 0x0841, 0x0841, 0x0861, 0x0861,
  0x0862, 0x0862, 0x1082, 0x1082, 0x1082, 0x1082, 0x1082, 0x1082, 0x1082, 0x1082, 0x1082, 0x1082, 0x1082, 0x1082, 0x1082, 0x1082,
  0x1082, 0x0861, 0x1082, 0x1082, 0x1082, 0x1082, 0x1082, 0x1082, 0x1082, 0x0861, 0x1082, 0x1082, 0x1082, 0x1082, 0x1082, 0x1082,
  0x1082, 0x1082, 0x1082, 0x1082, 0x0020, 0x0020, 0x1082, 0x1082, 0x1082, 0x1082, 0x1082, 0x1082, 0x1082, 0x1082, 0x1082, 0x1082,
  0x1082, 0x1082, 0x1082, 0x1082, 0x1082, 0x1082, 0x1082, 0x1082, 0x1082, 0x1082, 0x1082, 0x1082, 0x1082, 0x1082, 0x1082, 0x1082,
  0x1082, 0x1082, 0x1082, 0x1082, 0x0841, 0x0020, 0x0020, 0x1082, 0x1082, 0x1082, 0x1082, 0x0841, 0x0841, 0x1082, 0x1082, 0x1082,
  0x1082, 0x1082, 0x1082, 0x1082, 0x1082, 0x1082, 0x1082, 0x1082, 0x1082, 0x1082, 0x1082, 0x1082, 0x1082, 0x1082, 0x1082, 0x1082,
  0x1082, 0x1082, 0x1082, 0x1082, 0x1082, 0x1082, 0x1082, 0x1082, 0x1082, 0x1082, 0x1082, 0x1082, 0x1082, 0x1082, 0x1082, 0x1082,
  0x1082, 0x1082, 0x1082, 0x1082, 0x1082, 0x1082, 0x1082, 0x1082, 0x1082, 0x1082, 0x1082, 0x1082, 0x1082, 0x1082, 0x1082, 0x1082,
  0x1082, 0x1082, 0x1082, 0x1082, 0x1082, 0x1082, 0x1082, 0x1082, 0x0021, 0x1082, 0x1082, 0x1082, 0x0861, 0x0000, 0x0000, 0x1082,
  0x1082, 0x1082, 0x1082, 0x1082, 0x1082, 0x1082, 0x1082, 0x1082, 0x1082, 0x1082, 0x1082, 0x1082, 0x1082, 0x1082, 0x1082, 0x1082,
  0x1082, 0x1082, 0x1082, 0x1082, 0x1082, 0x1082, 0x1082, 0x1082, 0x1082, 0x1082, 0x1082, 0x1082, 0x1082, 0x0000, 0x0841, 0x1082,
  0x0841, 0x0862, 0x1081, 0x1082, 0x0861, 0x0861, 0x0861, 0x0861, 0x0841, 0x0020, 0x0841, 0x1082, 0x1082, 0x1082, 0x1082, 0x1082,
  0x1082, 0x0861, 0x1082, 0x1082, 0x1082, 0x1082, 0x1082, 0x1082, 0x1082, 0x1082, 0x1082, 0x1082, 0x1082, 0x1082, 0x1082, 0x1082,
  0x1082, 0x1082, 0x1082, 0x1082, 0x1082, 0x1082, 0x1082, 0x1082, 0x1082, 0x0021, 0x1082, 0x1082, 0x1082, 0x1082, 0x1082, 0x1082,
  0x0862, 0x1061, 0x0861, 0x0861, 0x1082, 0x1082, 0x0020, 0x0861, 0x0861, 0x0862, 0x0862, 0x0000, 0x0020, 0x0841, 0x0861, 0x0861,
  0x0861, 0x0861, 0x0861, 0x1081, 0x0861, 0x0861, 0x0861, 0x0861, 0x0861, 0x0881, 0x0881, 0x0882, 0x0882, 0x0862, 0x0881, 0x0881,
  0x0882, 0x1061, 0x0881, 0x1061, 0x0862, 0x0861, 0x0861, 0x0862, 0x0861, 0x0841, 0x1081, 0x0861, 0x0862, 0x0861, 0x0861, 0x0861,
  0x0881, 0x0881, 0x0841, 0x0020, 0x0000, 0x0861, 0x0861, 0x0861, 0x0862, 0x0881, 0x1062, 0x0882, 0x0862, 0x0882, 0x0882, 0x1061,
  0x0881, 0x0881, 0x1061, 0x1061, 0x0861, 0x0861, 0x0861, 0x0862, 0x0882, 0x0882, 0x0861, 0x0861, 0x0861, 0x1061, 0x0862, 0x0861,
  0x0861, 0x0862, 0x1061, 0x1061, 0x0862, 0x0841, 0x0861, 0x0861, 0x0861, 0x0881, 0x0021, 0x0041, 0x0862, 0x0861, 0x0841, 0x0841,
  0x0841, 0x0841, 0x0841, 0x0841, 0x0841, 0x0841, 0x0821, 0x0841, 0x0041, 0x0841, 0x0841, 0x0841, 0x0841, 0x0841, 0x0841, 0x0841,
  0x0841, 0x0841, 0x0841, 0x0841, 0x0841, 0x0841, 0x0041, 0x0041, 0x0041, 0x0041, 0x0041, 0x0041, 0x0041, 0x0041, 0x0041, 0x0041,
  0x0040, 0x0040, 0x0841, 0x0840, 0x0040, 0x0040, 0x0041, 0x0041, 0x0041, 0x0041, 0x0041, 0x0041, 0x0041, 0x0041, 0x0041, 0x0041,
  0x0041, 0x0041, 0x0041, 0x0041, 0x0061, 0x0041, 0x0041, 0x0861, 0x0882, 0x0861, 0x0882, 0x0861, 0x0861, 0x1061, 0x0861, 0x0000,
  0x1062, 0x1062, 0x1062, 0x1062, 0x0861, 0x1061, 0x1061, 0x0862, 0x1061, 0x0861, 0x1061, 0x1082, 0x1062, 0x0882, 0x0861, 0x0861,
  0x0862, 0x1061, 0x0861, 0x1061, 0x0861, 0x0862, 0x0862, 0x0861, 0x0881, 0x0861, 0x0862, 0x0862, 0x1061, 0x0862, 0x0000, 0x0841,
  0x0861, 0x0841, 0x0861, 0x0861, 0x0861, 0x0861, 0x0881, 0x0881, 0x0861, 0x0020, 0x0020, 0x0861, 0x0861, 0x0861, 0x0881, 0x0861,
  0x0861, 0x0862, 0x1061, 0x1061, 0x0882, 0x0861, 0x0861, 0x0862, 0x0861, 0x1081, 0x1081, 0x0882, 0x0881, 0x0881, 0x0861, 0x0861,
  0x0861, 0x1081, 0x1081, 0x1061, 0x1062, 0x0881, 0x0881, 0x1061, 0x0861, 0x0000, 0x0840, 0x0861, 0x1062, 0x0000, 0x0881, 0x0881,
  0x0000, 0x0000, 0x0000, 0x0000, 0x0000, 0x0000, 0x0000, 0x0000, 0x0000, 0x0000, 0x0000, 0x0000, 0x0000, 0x0000, 0x0000, 0x0000,
  0x0000, 0x0000, 0x0000, 0x0000, 0x0000, 0x0000, 0x0000, 0x0000, 0x0000, 0x0000, 0x0000, 0x0000, 0x0000, 0x0000, 0x0000, 0x0000,
  0x0000, 0x0000, 0x0000, 0x0000, 0x0000, 0x0000, 0x0000, 0x0000, 0x0000, 0x0000, 0x0000, 0x0000, 0x0000, 0x0000, 0x0000, 0x0000,
  0x0000, 0x0000, 0x0000, 0x0000, 0x0000, 0x0000, 0x0000, 0x0000, 0x0000, 0x0000, 0x0000, 0x0000, 0x0000, 0x0000, 0x0000, 0x0000,
  0x0000, 0x0000, 0x0000, 0x0000, 0x0000, 0x0000, 0x0000, 0x0000, 0x0000, 0x0000, 0x0000, 0x0000, 0x0000, 0x0000, 0x0000, 0x0000,
  0x0000, 0x0000, 0x0000, 0x0000, 0x0000, 0x0000, 0x0000, 0x0000, 0x0000, 0x0000, 0x0000, 0x0000, 0x0000, 0x0000, 0x0000, 0x0000,
  0x0000, 0x0000, 0x0000, 0x0000, 0x0000, 0x0000, 0x0000, 0x0000, 0x0000, 0x0000, 0x0000, 0x0000, 0x0000, 0x0000, 0x0000, 0x0000,
  0x0000, 0x0000, 0x0000, 0x0000, 0x0000, 0x0000, 0x0000, 0x0000, 0x0000, 0x0000, 0x0000, 0x0000, 0x0000, 0x0000, 0x0000, 0x0000,
  0x0000, 0x0000, 0x0000, 0x0000, 0x0000, 0x0000, 0x0000, 0x0000, 0x0000, 0x0000, 0x0000, 0x0000, 0x0000, 0x0000, 0x0000, 0x0000,
  0x0000, 0x0000, 0x0000, 0x0000, 0x0000, 0x0000, 0x0000, 0x0000, 0x0000, 0x0000, 0x0000, 0x0000, 0x0000, 0x0000, 0x0000, 0x0000,
  0x0000, 0x0000, 0x0000, 0x0000, 0x0000, 0x0000, 0x0000, 0x0000, 0x0000, 0x0000, 0x0000, 0x0000, 0x0000, 0x0000, 0x0000, 0x0000,
  0x0000, 0x0000, 0x0000, 0x0000, 0x0000, 0x0000, 0x0000, 0x0000, 0x0000, 0x0000, 0x0000, 0x0000, 0x0000, 0x0000, 0x0000, 0x0000,
  0x0000, 0x0000, 0x0000, 0x0000, 0x0000, 0x0000, 0x0000, 0x0000, 0x0000, 0x0000, 0x0000, 0x0000, 0x0000, 0x0000, 0x0000, 0x0000,
  0x0000, 0x0000, 0x0000, 0x0000, 0x0000, 0x0000, 0x0000, 0x0000, 0x0000, 0x0000, 0x0000, 0x0000, 0x0000, 0x0000, 0x0000, 0x0000,
  0x0000, 0x0000, 0x0000, 0x0000, 0x0000, 0x0000, 0x0000, 0x0000, 0x0000, 0x0000, 0x0000, 0x0000, 0x0000, 0x0000, 0x0000, 0x0000,
  0x0000, 0x0000, 0x0000, 0x0000, 0x0000, 0x0000, 0x0000, 0x0000, 0x0000, 0x0000, 0x0000, 0x0000, 0x0000, 0x0000, 0x0000, 0x0000,
  0x0000, 0x0000, 0x0000, 0x0000, 0x0000, 0x0000, 0x0000, 0x0000, 0x0000, 0x0000, 0x0000, 0x0000, 0x0000, 0x0000, 0x0000, 0x0000,
  0x0000, 0x0000, 0x0000, 0x0000, 0x0000, 0x0000, 0x0000, 0x0000, 0x0000, 0x0000, 0x0000, 0x0000, 0x0000, 0x0000, 0x0000, 0x0000,
  0x0000, 0x0000, 0x0000, 0x0000, 0x0000, 0x0000, 0x0000, 0x0000, 0x0000, 0x0000, 0x0000, 0x0000, 0x0000, 0x0000, 0x0000, 0x0000,
  0x0000, 0x0000, 0x0000, 0x0000, 0x0000, 0x0000, 0x0000, 0x0000, 0x0000, 0x0000, 0x0000, 0x0000, 0x0000, 0x0000, 0x0000, 0x0000,
  0x0000, 0x0000, 0x0000, 0x0000, 0x0000, 0x0000, 0x0000, 0x0000, 0x0000, 0x0000, 0x0000, 0x0000, 0x0000, 0x0000, 0x0000, 0x0000,
  0x0000, 0x0000, 0x0000, 0x0000, 0x0000, 0x0000, 0x0000, 0x0000, 0x0000, 0x0000, 0x0000, 0x0000, 0x0000, 0x0000, 0x0000, 0x0000,
  0x0000, 0x0000, 0x0000, 0x0000, 0x0000, 0x0000, 0x0000, 0x0000, 0x0000, 0x0000, 0x0000, 0x0000, 0x0000, 0x0000, 0x0000, 0x0000,
  0x0000, 0x0000, 0x0000, 0x0000, 0x0000, 0x0000, 0x0000, 0x0000, 0x0000, 0x0000, 0x0000, 0x0000, 0x0000, 0x0000, 0x0000, 0x0000,
  0x0000, 0x0000, 0x0000, 0x0000, 0x0000, 0x0000, 0x0000, 0x0000, 0x0000, 0x0000, 0x0000, 0x0000, 0x0000, 0x0000, 0x0000, 0x0000,
  0x0000, 0x0000, 0x0000, 0x0000, 0x0000, 0x0000, 0x0000, 0x0000, 0x0000, 0x0000, 0x0000, 0x0000, 0x0000, 0x0000, 0x0000, 0x0000,
  0x0000, 0x0000, 0x0000, 0x0000, 0x0000, 0x0000, 0x0000, 0x0000, 0x0000, 0x0000, 0x0000, 0x0000, 0x0000, 0x0000, 0x0000, 0x0000,
  0x0000, 0x0000, 0x0000, 0x0000, 0x0000, 0x0000, 0x0000, 0x0000, 0x0000, 0x0000, 0x0000, 0x0000, 0x0000, 0x0000, 0x0000, 0x0000,
  0x0000, 0x0000, 0x0000, 0x0000, 0x0000, 0x0000, 0x0000, 0x0000, 0x0000, 0x0000, 0x0000, 0x0000, 0x0000, 0x0000, 0x0000, 0x0000,
  0x0000, 0x0000, 0x0000, 0x0000, 0x0000, 0x0000, 0x0000, 0x0000, 0x0000, 0x0000, 0x0000, 0x0000, 0x0000, 0x0000, 0x0000, 0x0000,
  0x0000, 0x0000, 0x0000, 0x0000, 0x0000, 0x0000, 0x0000, 0x0000, 0x0000, 0x0000, 0x0000, 0x0000, 0x0000, 0x0000, 0x0000, 0x0000,
  0x0000, 0x0000, 0x0000, 0x0000, 0x0000, 0x0000, 0x0000, 0x0000, 0x0000, 0x0000, 0x0000, 0x0000, 0x0000, 0x0000, 0x0000, 0x0000,
  0x0000, 0x0000, 0x0000, 0x0000, 0x0000, 0x0000, 0x0000, 0x0000, 0x0000, 0x0000, 0x0000, 0x0000, 0x0000, 0x0000, 0x0000, 0x0000,
  0x0000, 0x0000, 0x0000, 0x0000, 0x0000, 0x0000, 0x0000, 0x0000, 0x0000, 0x0000, 0x0000, 0x0000, 0x0000, 0x0000, 0x0000, 0x0000,
  0x0000, 0x0000, 0x0000, 0x0000, 0x0000, 0x0000, 0x0000, 0x0000, 0x0000, 0x0000, 0x0000, 0x0000, 0x0000, 0x0000, 0x0000, 0x0000,
  0x0000, 0x0000, 0x0000, 0x0000, 0x0000, 0x0000, 0x0000, 0x0000, 0x0000, 0x0000, 0x0000, 0x0000, 0x0000, 0x0000, 0x0000, 0x0000,
  0x0000, 0x0000, 0x0000, 0x0000, 0x0000, 0x0000, 0x0000, 0x0000, 0x0000, 0x0000, 0x0000, 0x0000, 0x0000, 0x0000, 0x0000, 0x0000,
  0x0000, 0x0000, 0x0000, 0x0000, 0x0000, 0x0000, 0x0000, 0x0000, 0x0000, 0x0000, 0x0000, 0x0000, 0x0000, 0x0000, 0x0000, 0x0000,
  0x0000, 0x0000, 0x0000, 0x0000, 0x0000, 0x0000, 0x0000, 0x0000, 0x0000, 0x0000, 0x0000, 0x0000, 0x0000, 0x0000, 0x0000, 0x0000,
  0x0000, 0x0000, 0x0000, 0x0000, 0x0000, 0x0000, 0x0000, 0x0000, 0x0000, 0x0000, 0x0000, 0x0000, 0x0000, 0x0000, 0x0000, 0x0000,
  0x0000, 0x0000, 0x0000, 0x0000, 0x0000, 0x0000, 0x0000, 0x0000, 0x0000, 0x0000, 0x0000, 0x0000, 0x0000, 0x0000, 0x0000, 0x0000,
  0x0000, 0x0000, 0x0000, 0x0000, 0x0000, 0x0000, 0x0000, 0x0000, 0x0000, 0x0000, 0x0000, 0x0000, 0x0000, 0x0000, 0x0000, 0x0000,
  0x0000, 0x0000, 0x0000, 0x0000, 0x0000, 0x0000, 0x0000, 0x0000, 0x0000, 0x0000, 0x0000, 0x0000, 0x0000, 0x0000, 0x0000, 0x0000,
  0x0000, 0x0000, 0x0000, 0x0000, 0x0000, 0x0000, 0x0000, 0x0000, 0x0000, 0x0000, 0x0000, 0x0000, 0x0000, 0x0000, 0x0000, 0x0000,
  0x0000, 0x0000, 0x0000, 0x0000, 0x0000, 0x0000, 0x0000, 0x0000, 0x0000, 0x0000, 0x0000, 0x0000, 0x0000, 0x0000, 0x0000, 0x0000,
  0x0000, 0x0000, 0x0000, 0x0000, 0x0000, 0x0000, 0x0000, 0x0000, 0x0000, 0x0000, 0x0000, 0x0000, 0x0000, 0x0000, 0x0000, 0x0000,
  0x0000, 0x0000, 0x0000, 0x0000, 0x0000, 0x0000, 0x0000, 0x0000, 0x0000, 0x0000, 0x0000, 0x0000, 0x0000, 0x0000, 0x0000, 0x0000,
  0x0000, 0x0000, 0x0000, 0x0000, 0x0000, 0x0000, 0x0000, 0x0000, 0x0000, 0x0000, 0x0000, 0x0000, 0x0000, 0x0000, 0x0000, 0x0000,
  0x0000, 0x0000, 0x0000, 0x0000, 0x0000, 0x0000, 0x0000, 0x0000, 0x0000, 0x0000, 0x0000, 0x0000, 0x0000, 0x0000, 0x0000, 0x0000,
  0x0000, 0x0000, 0x0000, 0x0000, 0x0000, 0x0000, 0x0000, 0x0000, 0x0000, 0x0000, 0x0000, 0x0000, 0x0000, 0x0000, 0x0000, 0x0000,
  0x0000, 0x0000, 0x0000, 0x0000, 0x0000, 0x0000, 0x0000, 0x0000, 0x0000, 0x0000, 0x0000, 0x0000, 0x0000, 0x0000, 0x0000, 0x0000,
  0x0000, 0x0000, 0x0000, 0x0000, 0x0000, 0x0000, 0x0000, 0x0000, 0x0000, 0x0000, 0x0000, 0x0000, 0x0000, 0x0000, 0x0000, 0x0000,
  0x0000, 0x0000, 0x0000, 0x0000, 0x0000, 0x0000, 0x0000, 0x0000, 0x0000, 0x0000, 0x0000, 0x0000, 0x0000, 0x0000, 0x0000, 0x0000,
  0x0000, 0x0000, 0x0000, 0x0000, 0x0000, 0x0000, 0x0000, 0x0000, 0x0000, 0x0000, 0x0000, 0x0000, 0x0000, 0x0000, 0x0000, 0x0000,
  0x0000, 0x0000, 0x0000, 0x0000, 0x0000, 0x0000, 0x0000, 0x0000, 0x0000, 0x0000, 0x0000, 0x0000, 0x0000, 0x0000, 0x0000, 0x0000,
  0x0000, 0x0000, 0x0000, 0x0000, 0x0000, 0x0000, 0x0000, 0x0000, 0x0000, 0x0000, 0x0000, 0x0000, 0x0000, 0x0000, 0x0000, 0x0000,
  0x0000, 0x0000, 0x0000, 0x0000, 0x0000, 0x0000, 0x0000, 0x0000, 0x0000, 0x0000, 0x0000, 0x0000, 0x0000, 0x0000, 0x0000, 0x0000,
  0x0000, 0x0000, 0x0000, 0x0000, 0x0000, 0x0000, 0x0000, 0x0000, 0x0000, 0x0000, 0x0000, 0x0000, 0x0000, 0x0000, 0x0000, 0x0000,
  0x0000, 0x0000, 0x0000, 0x0000, 0x0000, 0x0000, 0x0000, 0x0000, 0x0000, 0x0000, 0x0000, 0x0000, 0x0000, 0x0000, 0x0000, 0x0000,
  0x0000, 0x0000, 0x0000, 0x0000, 0x0000, 0x0000, 0x0000, 0x0000, 0x0000, 0x0000, 0x0000, 0x0000, 0x0000, 0x0000, 0x0000, 0x0000,
  0x0000, 0x0000, 0x0000, 0x0000, 0x0000, 0x0000, 0x0000, 0x0000, 0x0000, 0x0000, 0x0000, 0x0000, 0x0000, 0x0000, 0x0000, 0x0000,
  0x0000, 0x0000, 0x0000, 0x0000, 0x0000, 0x0000, 0x0000, 0x0000, 0x0000, 0x0000, 0x0000, 0x0000, 0x0000, 0x0000, 0x0000, 0x0000,
  0x0000, 0x0000, 0x0000, 0x0000, 0x0000, 0x0000, 0x0000, 0x0000, 0x0000, 0x0000, 0x0000, 0x0000, 0x0000, 0x0000, 0x0000, 0x0000,
  0x0000, 0x0000, 0x0000, 0x0000, 0x0000, 0x0000, 0x0000, 0x0000, 0x0000, 0x0000, 0x0000, 0x0000, 0x0000, 0x0000, 0x0000, 0x0000,
  0x0000, 0x0000, 0x0000, 0x0000, 0x0000, 0x0000, 0x0000, 0x0000, 0x0000, 0x0000, 0x0000, 0x0000, 0x0000, 0x0000, 0x0000, 0x0000,
  0x0000, 0x0000, 0x0000, 0x0000, 0x0000, 0x0000, 0x0000, 0x0000, 0x0000, 0x0000, 0x0000, 0x0000, 0x0000, 0x0000, 0x0000, 0x0000,
  0x0000, 0x0000, 0x0000, 0x0000, 0x0000, 0x0000, 0x0000, 0x0000, 0x0000, 0x0000, 0x0000, 0x0000, 0x0000, 0x0000, 0x0000, 0x0000,
  0x0000, 0x0000, 0x0000, 0x0000, 0x0000, 0x0000, 0x0000, 0x0000, 0x0000, 0x0000, 0x0000, 0x0000, 0x0000, 0x0000, 0x0000, 0x0000,
  0x0000, 0x0000, 0x0000, 0x0000, 0x0000, 0x0000, 0x0000, 0x0000, 0x0000, 0x0000, 0x0000, 0x0000, 0x0000, 0x0000, 0x0000, 0x0000,
  0x0000, 0x0000, 0x0000, 0x0000, 0x0000, 0x0000, 0x0000, 0x0000, 0x0000, 0x0000, 0x0000, 0x0000, 0x0000, 0x0000, 0x0000, 0x0000,
  0x0000, 0x0000, 0x0000, 0x0000, 0x0000, 0x0000, 0x0000, 0x0000, 0x0000, 0x0000, 0x0000, 0x0000, 0x0000, 0x0000, 0x0000, 0x0000,
  0x0000, 0x0000, 0x0000, 0x0000, 0x0000, 0x0000, 0x0000, 0x0000, 0x0000, 0x0000, 0x0000, 0x0000, 0x0000, 0x0000, 0x0000, 0x0000,
  0x0000, 0x0000, 0x0000, 0x0000, 0x0000, 0x0000, 0x0000, 0x0000, 0x0000, 0x0000, 0x0000, 0x0000, 0x0000, 0x0000, 0x0000, 0x0000,
  0x0000, 0x0000, 0x0000, 0x0000, 0x0000, 0x0000, 0x0000, 0x0000, 0x0000, 0x0000, 0x0000, 0x0000, 0x0000, 0x0000, 0x0000, 0x0000,
  0x0000, 0x0000, 0x0000, 0x0000, 0x0000, 0x0000, 0x0000, 0x0000, 0x0000, 0x0000, 0x0000, 0x0000, 0x0000, 0x0000, 0x0000, 0x0000,
  0x0000, 0x0000, 0x0000, 0x0000, 0x0000, 0x0000, 0x0000, 0x0000, 0x0000, 0x0000, 0x0000, 0x0000, 0x0000, 0x0000, 0x0000, 0x0000,
  0x0000, 0x0000, 0x0000, 0x0000, 0x0000, 0x0000, 0x0000, 0x0000, 0x0000, 0x0000, 0x0000, 0x0000, 0x0000, 0x0000, 0x0000, 0x0000,
  0x0000, 0x0000, 0x0000, 0x0000, 0x0000, 0x0000, 0x0000, 0x0000, 0x0000, 0x0000, 0x0000, 0x0000, 0x0000, 0x0000, 0x0000, 0x0000,
  0x0000, 0x0000, 0x0000, 0x0000, 0x0000, 0x0000, 0x0000, 0x0000, 0x0000, 0x0000, 0x0000, 0x0000, 0x0000, 0x0000, 0x0000, 0x0000,
  0x0000, 0x0000, 0x0000, 0x0000, 0x0000, 0x0000, 0x0000, 0x0000, 0x0000, 0x0000, 0x0000, 0x0000, 0x0000, 0x0000, 0x0000, 0x0000,
  0x0000, 0x0000, 0x0000, 0x0000, 0x0000, 0x0000, 0x0000, 0x0000, 0x0000, 0x0000, 0x0000, 0x0000, 0x0000, 0x0000, 0x0000, 0x0000,
  0x0000, 0x0000, 0x0000, 0x0000, 0x0000, 0x0000, 0x0000, 0x0000, 0x0000, 0x0000, 0x0000, 0x0000, 0x0000, 0x0000, 0x0000, 0x0000,
  0x0000, 0x0000, 0x0000, 0x0000, 0x0000, 0x0000, 0x0000, 0x0000, 0x0000, 0x0000, 0x0000, 0x0000, 0x0000, 0x0000, 0x0000, 0x0000,
  0x0000, 0x0000, 0x0000, 0x0000, 0x0000, 0x0000, 0x0000, 0x0000, 0x0000, 0x0000, 0x0000, 0x0000, 0x0000, 0x0000, 0x0000, 0x0000,
  0x0000, 0x0000, 0x0000, 0x0000, 0x0000, 0x0000, 0x0000, 0x0000, 0x0000, 0x0000, 0x0000, 0x0000, 0x0000, 0x0000, 0x0000, 0x0000,
  0x0000, 0x0000, 0x0000, 0x0000, 0x0000, 0x0000, 0x0000, 0x0000, 0x0000, 0x0000, 0x0000, 0x0000, 0x0000, 0x0000, 0x0000, 0x0000,
  0x0000, 0x0000, 0x0000, 0x0000, 0x0000, 0x0000, 0x0000, 0x0000, 0x0000, 0x0000, 0x0000, 0x0000, 0x0000, 0x0000, 0x0000, 0x0000,
  0x0000, 0x0000, 0x0000, 0x0000, 0x0000, 0x0000, 0x0000, 0x0000, 0x0000, 0x0000, 0x0000, 0x0000, 0x0000, 0x0000, 0x0000, 0x0000,
  0x0000, 0x0000, 0x0000, 0x0000, 0x0000, 0x0000, 0x0000, 0x0000, 0x0000, 0x0000, 0x0000, 0x0000, 0x0000, 0x0000, 0x0000, 0x0000,
  0x0000, 0x0000, 0x0000, 0x0000, 0x0000, 0x0000, 0x0000, 0x0000, 0x0000, 0x0000, 0x0000, 0x0000, 0x0000, 0x0000, 0x0000, 0x0000,
  0x0000, 0x0000, 0x0000, 0x0000, 0x0000, 0x0000, 0x0000, 0x0000, 0x0000, 0x0000, 0x0000, 0x0000, 0x0000, 0x0000, 0x0000, 0x0000,
  0x0000, 0x0000, 0x0000, 0x0000, 0x0000, 0x0000, 0x0000, 0x0000, 0x0000, 0x0000, 0x0000, 0x0000, 0x0000, 0x0000, 0x0000, 0x0000,
  0x0000, 0x0000, 0x0000, 0x0000, 0x0000, 0x0000, 0x0000, 0x0000, 0x0000, 0x0000, 0x0000, 0x0000, 0x0000, 0x0000, 0x0000, 0x0000,
  0x0000, 0x0000, 0x0000, 0x0000, 0x0000, 0x0000, 0x0000, 0x0000, 0x0000, 0x0000, 0x0000, 0x0000, 0x0000, 0x0000, 0x0000, 0x0000,
  0x0000, 0x0000, 0x0000, 0x0000, 0x0000, 0x0000, 0x0000, 0x0000, 0x0000, 0x0000, 0x0000, 0x0000, 0x0000, 0x0000, 0x0000, 0x0000,
  0x0000, 0x0000, 0x0000, 0x0000, 0x0000, 0x0000, 0x0000, 0x0000, 0x0000, 0x0000, 0x0000, 0x0000, 0x0000, 0x0000, 0x0000, 0x0000,
  0x0000, 0x0000, 0x0000, 0x0000, 0x0000, 0x0000, 0x0000, 0x0000, 0x0000, 0x0000, 0x0000, 0x0000, 0x0000, 0x0000, 0x0000, 0x0000,
  0x0000, 0x0000, 0x0000, 0x0000, 0x0000, 0x0000, 0x0000, 0x0000, 0x0000, 0x0000, 0x0000, 0x0000, 0x0000, 0x0000, 0x0000, 0x0000,
  0x0000, 0x0000, 0x0000, 0x0000, 0x0000, 0x0000, 0x0000, 0x0000, 0x0000, 0x0000, 0x0000, 0x0000, 0x0000, 0x0000, 0x0000, 0x0000,
  0x0000, 0x0000, 0x0000, 0x0000, 0x0000, 0x0000, 0x0000, 0x0000, 0x0000, 0x0000, 0x0000, 0x0000, 0x0000, 0x0000, 0x0000, 0x0000,
  0x0000, 0x0000, 0x0000, 0x0000, 0x0000, 0x0000, 0x0000, 0x0000, 0x0000, 0x0000, 0x0000, 0x0000, 0x0000, 0x0000, 0x0000, 0x0000,
  0x0000, 0x0000, 0x0000, 0x0000, 0x0000, 0x0000, 0x0000, 0x0000, 0x0000, 0x0000, 0x0000, 0x0000, 0x0000, 0x0000, 0x0000, 0x0000,
  0x0000, 0x0000, 0x0000, 0x0000, 0x0000, 0x0000, 0x0000, 0x0000, 0x0000, 0x0000, 0x0000, 0x0000, 0x0000, 0x0000, 0x0000, 0x0000,
  0x0000, 0x0000, 0x0000, 0x0000, 0x0000, 0x0000, 0x0000, 0x0000, 0x0000, 0x0000, 0x0000, 0x0000, 0x0000, 0x0000, 0x0000, 0x0000,
  0x0000, 0x0000, 0x0000, 0x0000, 0x0000, 0x0000, 0x0000, 0x0000, 0x0000, 0x0000, 0x0000, 0x0000, 0x0000, 0x0000, 0x0000, 0x0000,
  0x0000, 0x0000, 0x0000, 0x0000, 0x0000, 0x0000, 0x0000, 0x0000, 0x0000, 0x0000, 0x0000, 0x0000, 0x0000, 0x0000, 0x0000, 0x0000,
  0x0000, 0x0000, 0x0000, 0x0000, 0x0000, 0x0000, 0x0000, 0x0000, 0x0000, 0x0000, 0x0000, 0x0000, 0x0000, 0x0000, 0x0000, 0x0000,
  0x0000, 0x0000, 0x0000, 0x0000, 0x0000, 0x0000, 0x0000, 0x0000, 0x0000, 0x0000, 0x0000, 0x0000, 0x0000, 0x0000, 0x0000, 0x0000,
  0x0000, 0x0000, 0x0000, 0x0000, 0x0000, 0x0000, 0x0000, 0x0000, 0x0000, 0x0000, 0x0000, 0x0000, 0x0000, 0x0000, 0x0000, 0x0000,
  0x0000, 0x0000, 0x0000, 0x0000, 0x0000, 0x0000, 0x0000, 0x0000, 0x0000, 0x0000, 0x0000, 0x0000, 0x0000, 0x0000, 0x0000, 0x0000,
  0x0000, 0x0000, 0x0000, 0x0000, 0x0000, 0x0000, 0x0000, 0x0000, 0x0000, 0x0000, 0x0000, 0x0000, 0x0000, 0x0000, 0x0000, 0x0000,
  0x0000, 0x0000, 0x0000, 0x0000, 0x0000, 0x0000, 0x0000, 0x0000, 0x0000, 0x0000, 0x0000, 0x0000, 0x0000, 0x0000, 0x0000, 0x0000,
  0x0000, 0x0000, 0x0000, 0x0000, 0x0000, 0x0000, 0x0000, 0x0000, 0x0000, 0x0000, 0x0000, 0x0000, 0x0000, 0x0000, 0x0000, 0x0000,
  0x0000, 0x0000, 0x0000, 0x0000, 0x0000, 0x0000, 0x0000, 0x0000, 0x0000, 0x0000, 0x0000, 0x0000, 0x0000, 0x0000, 0x0000, 0x0000,
  0x0000, 0x0000, 0x0000, 0x0000, 0x0000, 0x0000, 0x0000, 0x0000, 0x0000, 0x0000, 0x0000, 0x0000, 0x0000, 0x0000, 0x0000, 0x0000,
  0x0000, 0x0000, 0x0000, 0x0000, 0x0000, 0x0000, 0x0000, 0x0000, 0x0000, 0x0000, 0x0000, 0x0000, 0x0000, 0x0000, 0x0000, 0x0000,
  0x0000, 0x0000, 0x0000, 0x0000, 0x0000, 0x0000, 0x0000, 0x0000, 0x0000, 0x0000, 0x0000, 0x0000, 0x0000, 0x0000, 0x0000, 0x0000,
  0x0000, 0x0000, 0x0000, 0x0000, 0x0000, 0x0000, 0x0000, 0x0000, 0x0000, 0x0000, 0x0000, 0x0000, 0x0000, 0x0000, 0x0000, 0x0000,
  0x0000, 0x0000, 0x0000, 0x0000, 0x0000, 0x0000, 0x0000, 0x0000, 0x0000, 0x0000, 0x0000, 0x0000, 0x0000, 0x0000, 0x0000, 0x0000,
  0x0000, 0x0000, 0x0000, 0x0000, 0x0000, 0x0000, 0x0000, 0x0000, 0x0000, 0x0000, 0x0000, 0x0000, 0x0000, 0x0000, 0x0000, 0x0000,
  0x0000, 0x0000, 0x0000, 0x0000, 0x0000, 0x0000, 0x0000, 0x0000, 0x0000, 0x0000, 0x0000, 0x0000, 0x0000, 0x0000, 0x0000, 0x0000,
  0x0000, 0x0000, 0x0000, 0x0000, 0x0000, 0x0000, 0x0000, 0x0000, 0x0000, 0x0000, 0x0000, 0x0000, 0x0000, 0x0000, 0x0000, 0x0000,
  0x0000, 0x0000, 0x0000, 0x0000, 0x0000, 0x0000, 0x0000, 0x0000, 0x0000, 0x0000, 0x0000, 0x0000, 0x0000, 0x0000, 0x0000, 0x0000,
  0x0000, 0x0000, 0x0000, 0x0000, 0x0000, 0x0000, 0x0000, 0x0000, 0x0000, 0x0000, 0x0000, 0x0000, 0x0000, 0x0000, 0x0000, 0x0000,
  0x0000, 0x0000, 0x0000, 0x0000, 0x0000, 0x0000, 0x0000, 0x0000, 0x0000, 0x0000, 0x0000, 0x0000, 0x0000, 0x0000, 0x0000, 0x0000,
  0x0000, 0x0000, 0x0000, 0x0000, 0x0000, 0x0000, 0x0000, 0x0000, 0x0000, 0x0000, 0x0000, 0x0000, 0x0000, 0x0000, 0x0000, 0x0000,
  0x0000, 0x0000, 0x0000, 0x0000, 0x0000, 0x0000, 0x0000, 0x0000, 0x0000, 0x0000, 0x0000, 0x0000, 0x0000, 0x0000, 0x0000, 0x0000,
  0x0000, 0x0000, 0x0000, 0x0000, 0x0000, 0x0000, 0x0000, 0x0000, 0x0000, 0x0000, 0x0000, 0x0000, 0x0000, 0x0000, 0x0000, 0x0000,
  0x0000, 0x0000, 0x0000, 0x0000, 0x0000, 0x0000, 0x0000, 0x0000, 0x0000, 0x0000, 0x0000, 0x0000, 0x0000, 0x0000, 0x0000, 0x0000,
  0x0000, 0x0000, 0x0000, 0x0000, 0x0000, 0x0000, 0x0000, 0x0000, 0x0000, 0x0000, 0x0000, 0x0000, 0x0000, 0x0000, 0x0000, 0x0000,
  0x0000, 0x0000, 0x0000, 0x0000, 0x0000, 0x0000, 0x0000, 0x0000, 0x0000, 0x0000, 0x0000, 0x0000, 0x0000, 0x0000, 0x0000, 0x0000,
  0x0000, 0x0000, 0x0000, 0x0000, 0x0000, 0x0000, 0x0000, 0x0000, 0x0000, 0x0000, 0x0000, 0x0000, 0x0000, 0x0000, 0x0000, 0x0000,
  0x0000, 0x0000, 0x0000, 0x0000, 0x0000, 0x0000, 0x0000, 0x0000, 0x0000, 0x0000, 0x0000, 0x0000, 0x0000, 0x0000, 0x0000, 0x0000,
  0x0000, 0x0000, 0x0000, 0x0000, 0x0000, 0x0000, 0x0000, 0x0000, 0x0000, 0x0000, 0x0000, 0x0000, 0x0000, 0x0000, 0x0000, 0x0000,
  0x0000, 0x0000, 0x0000, 0x0000, 0x0000, 0x0000, 0x0000, 0x0000, 0x0000, 0x0000, 0x0000, 0x0000, 0x0000, 0x0000, 0x0000, 0x0000,
  0x0000, 0x0000, 0x0000, 0x0000, 0x0000, 0x0000, 0x0000, 0x0000, 0x0000, 0x0000, 0x0000, 0x0000, 0x0000, 0x0000, 0x0000, 0x0000,
  0x0000, 0x0000, 0x0000, 0x0000, 0x0000, 0x0000, 0x0000, 0x0000, 0x0000, 0x0000, 0x0000, 0x0000, 0x0000, 0x0000, 0x0000, 0x0000,
  0x0000, 0x0000, 0x0000, 0x0000, 0x0000, 0x0000, 0x0000, 0x0000, 0x0000, 0x0000, 0x0000, 0x0000, 0x0000, 0x0000, 0x0000, 0x0000,
  0x0000, 0x0000, 0x0000, 0x0000, 0x0000, 0x0000, 0x0000, 0x0000, 0x0000, 0x0000, 0x0000, 0x0000, 0x0000, 0x0000, 0x0000, 0x0000,
  0x0000, 0x0000, 0x0000, 0x0000, 0x0000, 0x0000, 0x0000, 0x0000, 0x0000, 0x0000, 0x0000, 0x0000, 0x0000, 0x0000, 0x0000, 0x0000,
  0x0000, 0x0000, 0x0000, 0x0000, 0x0000, 0x0000, 0x0000, 0x0000, 0x0000, 0x0000, 0x0000, 0x0000, 0x0000, 0x0000, 0x0000, 0x0000,
  0x0000, 0x0000, 0x0000, 0x0000, 0x0000, 0x0000, 0x0000, 0x0000, 0x0000, 0x0000, 0x0000, 0x0000, 0x0000, 0x0000, 0x0000, 0x0000,
  0x0000, 0x0000, 0x0000, 0x0000, 0x0000, 0x0000, 0x0000, 0x0000, 0x0000, 0x0000, 0x0000, 0x0000, 0x0000, 0x0000, 0x0000, 0x0000,
  0x0000, 0x0000, 0x0000, 0x0000, 0x0000, 0x0000, 0x0000, 0x0000, 0x0000, 0x0000, 0x0000, 0x0000, 0x0000, 0x0000, 0x0000, 0x0000,
  0x0000, 0x0000, 0x0000, 0x0000, 0x0000, 0x0000, 0x0000, 0x0000, 0x0000, 0x0000, 0x0000, 0x0000, 0x0000, 0x0000, 0x0000, 0x0000,
  0x0000, 0x0000, 0x0000, 0x0000, 0x0000, 0x0000, 0x0000, 0x0000, 0x0000, 0x0000, 0x0000, 0x0000, 0x0000, 0x0000, 0x0000, 0x0000,
  0x0000, 0x0000, 0x0000, 0x0000, 0x0000, 0x0000, 0x0000, 0x0000, 0x0000, 0x0000, 0x0000, 0x0000, 0x0000, 0x0000, 0x0000, 0x0000,
  0x0000, 0x0000, 0x0000, 0x0000, 0x0000, 0x0000, 0x0000, 0x0000, 0x0000, 0x0000, 0x0000, 0x0000, 0x0000, 0x0000, 0x0000, 0x0000,
  0x0000, 0x0000, 0x0000, 0x0000, 0x0000, 0x0000, 0x0000, 0x0000, 0x0000, 0x0000, 0x0000, 0x0000, 0x0000, 0x0000, 0x0000, 0x0000,
  0x0000, 0x0000, 0x0000, 0x0000, 0x0000, 0x0000, 0x0000, 0x0000, 0x0000, 0x0000, 0x0000, 0x0000, 0x0000, 0x0000, 0x0000, 0x0000,
  0x0000, 0x0000, 0x0000, 0x0000, 0x0000, 0x0000, 0x0000, 0x0000, 0x0000, 0x0000, 0x0000, 0x0000, 0x0000, 0x0000, 0x0000, 0x0000,
  0x0000, 0x0000, 0x0000, 0x0000, 0x0000, 0x0000, 0x0000, 0x0000, 0x0000, 0x0000, 0x0000, 0x0000, 0x0000, 0x0000, 0x0000, 0x0000,
  0x0000, 0x0000, 0x0000, 0x0000, 0x0000, 0x0000, 0x0000, 0x0000, 0x0000, 0x0000, 0x0000, 0x0000, 0x0000, 0x0000, 0x0000, 0x0000,
  0x0000, 0x0000, 0x0000, 0x0000, 0x0000, 0x0000, 0x0000, 0x0000, 0x0000, 0x0000, 0x0000, 0x0000, 0x0000, 0x0000, 0x0000, 0x0000,
  0x0000, 0x0000, 0x0000, 0x0000, 0x0000, 0x0000, 0x0000, 0x0000, 0x0000, 0x0000, 0x0000, 0x0000, 0x0000, 0x0000, 0x0000, 0x0000,
  0x0000, 0x0000, 0x0000, 0x0000, 0x0000, 0x0000, 0x0000, 0x0000, 0x0000, 0x0000, 0x0000, 0x0000, 0x0000, 0x0000, 0x0000, 0x0000,
  0x0000, 0x0000, 0x0000, 0x0000, 0x0000, 0x0000, 0x0000, 0x0000, 0x0000, 0x0000, 0x0000, 0x0000, 0x0000, 0x0000, 0x0000, 0x0000,
  0x0000, 0x0000, 0x0000, 0x0000, 0x0000, 0x0000, 0x0000, 0x0000, 0x0000, 0x0000, 0x0000, 0x0000, 0x0000, 0x0000, 0x0000, 0x0000,
  0x0000, 0x0000, 0x0000, 0x0000, 0x0000, 0x0000, 0x0000, 0x0000, 0x0000, 0x0000, 0x0000, 0x0000, 0x0000, 0x0000, 0x0000, 0x0000,
  0x0000, 0x0000, 0x0000, 0x0000, 0x0000, 0x0000, 0x0000, 0x0000, 0x0000, 0x0000, 0x0000, 0x0000, 0x0000, 0x0000, 0x0000, 0x0000,
  0x0000, 0x0000, 0x0000, 0x0000, 0x0000, 0x0000, 0x0000, 0x0000, 0x0000, 0x0000, 0x0000, 0x0000, 0x0000, 0x0000, 0x0000, 0x0000,
  0x0000, 0x0000, 0x0000, 0x0000, 0x0000, 0x0000, 0x0000, 0x0000, 0x0000, 0x0000, 0x0000, 0x0000, 0x0000, 0x0000, 0x0000, 0x0000,
  0x0000, 0x0000, 0x0000, 0x0000, 0x0000, 0x0000, 0x0000, 0x0000, 0x0000, 0x0000, 0x0000, 0x0000, 0x0000, 0x0000, 0x0000, 0x0000,
  0x0000, 0x0000, 0x0000, 0x0000, 0x0000, 0x0000, 0x0000, 0x0000, 0x0000, 0x0000, 0x0000, 0x0000, 0x0000, 0x0000, 0x0000, 0x0000,
  0x0000, 0x0000, 0x0000, 0x0000, 0x0000, 0x0000, 0x0000, 0x0000, 0x0000, 0x0000, 0x0000, 0x0000, 0x0000, 0x0000, 0x0000, 0x0000,
  0x0000, 0x0000, 0x0000, 0x0000, 0x0000, 0x0000, 0x0000, 0x0000, 0x0000, 0x0000, 0x0000, 0x0000, 0x0000, 0x0000, 0x0000, 0x0000,
  0x0000, 0x0000, 0x0000, 0x0000, 0x0000, 0x0000, 0x0000, 0x0000, 0x0000, 0x0000, 0x0000, 0x0000, 0x0000, 0x0000, 0x0000, 0x0000,
  0x0000, 0x0000, 0x0000, 0x0000, 0x0000, 0x0000, 0x0000, 0x0000, 0x0000, 0x0000, 0x0000, 0x0000, 0x0000, 0x0000, 0x0000, 0x0000,
  0x0000, 0x0000, 0x0000, 0x0000, 0x0000, 0x0000, 0x0000, 0x0000, 0x0000, 0x0000, 0x0000, 0x0000, 0x0000, 0x0000, 0x0000, 0x0000,
  0x0000, 0x0000, 0x0000, 0x0000, 0x0000, 0x0000, 0x0000, 0x0000, 0x0000, 0x0000, 0x0000, 0x0000, 0x0000, 0x0000, 0x0000, 0x0000,
  0x0000, 0x0000, 0x0000, 0x0000, 0x0000, 0x0000, 0x0000, 0x0000, 0x0000, 0x0000, 0x0000, 0x0000, 0x0000, 0x0000, 0x0000, 0x0000,
  0x0000, 0x0000, 0x0000, 0x0000, 0x0000, 0x0000, 0x0000, 0x0000, 0x0000, 0x0000, 0x0000, 0x0000, 0x0000, 0x0000, 0x0000, 0x0000,
  0x0000, 0x0000, 0x0000, 0x0000, 0x0000, 0x0000, 0x0000, 0x0000, 0x0000, 0x0000, 0x0000, 0x0000, 0x0000, 0x0000, 0x0000, 0x0000,
  0x0000, 0x0000, 0x0000, 0x0000, 0x0000, 0x0000, 0x0000, 0x0000, 0x0000, 0x0000, 0x0000, 0x0000, 0x0000, 0x0000, 0x0000, 0x0000,
  0x0000, 0x0000, 0x0000, 0x0000, 0x0000, 0x0000, 0x0000, 0x0000, 0x0000, 0x0000, 0x0000, 0x0000, 0x0000, 0x0000, 0x0000, 0x0000,
  0x0000, 0x0000, 0x0000, 0x0000, 0x0000, 0x0000, 0x0000, 0x0000, 0x0000, 0x0000, 0x0000, 0x0000, 0x0000, 0x0000, 0x0000, 0x0000,
  0x0000, 0x0000, 0x0000, 0x0000, 0x0000, 0x0000, 0x0000, 0x0000, 0x0000, 0x0000, 0x0000, 0x0000, 0x0000, 0x0000, 0x0000, 0x0000,
  0x0000, 0x0000, 0x0000, 0x0000, 0x0000, 0x0000, 0x0000, 0x0000, 0x0000, 0x0000, 0x0000, 0x0000, 0x0000, 0x0000, 0x0000, 0x0000,
  0x0000, 0x0000, 0x0000, 0x0000, 0x0000, 0x0000, 0x0000, 0x0000, 0x0000, 0x0000, 0x0000, 0x0000, 0x0000, 0x0000, 0x0000, 0x0000,
  0x0000, 0x0000, 0x0000, 0x0000, 0x0000, 0x0000, 0x0000, 0x0000, 0x0000, 0x0000, 0x0000, 0x0000, 0x0000, 0x0000, 0x0000, 0x0000,
  0x0000, 0x0000, 0x0000, 0x0000, 0x0000, 0x0000, 0x0000, 0x0000, 0x0000, 0x0000, 0x0000, 0x0000, 0x0000, 0x0000, 0x0000, 0x0000,
  0x0000, 0x0000, 0x0000, 0x0000, 0x0000, 0x0000, 0x0000, 0x0000, 0x0000, 0x0000, 0x0000, 0x0000, 0x0000, 0x0000, 0x0000, 0x0000,
  0x0000, 0x0000, 0x0000, 0x0000, 0x0000, 0x0000, 0x0000, 0x0000, 0x0000, 0x0000, 0x0000, 0x0000, 0x0000, 0x0000, 0x0000, 0x0000,
  0x0000, 0x0000, 0x0000, 0x0000, 0x0000, 0x0000, 0x0000, 0x0000, 0x0000, 0x0000, 0x0000, 0x0000, 0x0000, 0x0000, 0x0000, 0x0000,
  0x0000, 0x0000, 0x0000, 0x0000, 0x0000, 0x0000, 0x0000, 0x0000, 0x0000, 0x0000, 0x0000, 0x0000, 0x0000, 0x0000, 0x0000, 0x0000,
  0x0000, 0x0000, 0x0000, 0x0000, 0x0000, 0x0000, 0x0000, 0x0000, 0x0000, 0x0000, 0x0000, 0x0000, 0x0000, 0x0000, 0x0000, 0x0000,
  0x0000, 0x0000, 0x0000, 0x0000, 0x0000, 0x0000, 0x0000, 0x0000, 0x0000, 0x0000, 0x0000, 0x0000, 0x0000, 0x0000, 0x0000, 0x0000,
  0x0000, 0x0000, 0x0000, 0x0000, 0x0000, 0x0000, 0x0000, 0x0000, 0x0000, 0x0000, 0x0000, 0x0000, 0x0000, 0x0000, 0x0000, 0x0000,
  0x0000, 0x0000, 0x0000, 0x0000, 0x0000, 0x0000, 0x0000, 0x0000, 0x0000, 0x0000, 0x0000, 0x0000, 0x0000, 0x0000, 0x0000, 0x0000,
  0x0000, 0x0000, 0x0000, 0x0000, 0x0000, 0x0000, 0x0000, 0x0000, 0x0000, 0x0000, 0x0000, 0x0000, 0x0000, 0x0000, 0x0000, 0x0000,
  0x0000, 0x0000, 0x0000, 0x0000, 0x0000, 0x0000, 0x0000, 0x0000, 0x0000, 0x0000, 0x0000, 0x0000, 0x0000, 0x0000, 0x0000, 0x0000,
  0x0000, 0x0000, 0x0000, 0x0000, 0x0000, 0x0000, 0x0000, 0x0000, 0x0000, 0x0000, 0x0000, 0x0000, 0x0000, 0x0000, 0x0000, 0x0000,
  0x0000, 0x0000, 0x0000, 0x0000, 0x0000, 0x0000, 0x0000, 0x0000, 0x0000, 0x0000, 0x0000, 0x0000, 0x0000, 0x0000, 0x0000, 0x0000,
  0x0000, 0x0000, 0x0000, 0x0000, 0x0000, 0x0000, 0x0000, 0x0000, 0x0000, 0x0000, 0x0000, 0x0000, 0x0000, 0x0000, 0x0000, 0x0000,
  0x0000, 0x0000, 0x0000, 0x0000, 0x0000, 0x0000, 0x0000, 0x0000, 0x0000, 0x0000, 0x0000, 0x0000, 0x0000, 0x0000, 0x0000, 0x0000,
  0x0000, 0x0000, 0x0000, 0x0000, 0x0000, 0x0000, 0x0000, 0x0000, 0x0000, 0x0000, 0x0000, 0x0000, 0x0000, 0x0000, 0x0000, 0x0000,
  0x0000, 0x0000, 0x0000, 0x0000, 0x0000, 0x0000, 0x0000, 0x0000, 0x0000, 0x0000, 0x0000, 0x0000, 0x0000, 0x0000, 0x0000, 0x0000,
  0x0000, 0x0000, 0x0000, 0x0000, 0x0000, 0x0000, 0x0000, 0x0000, 0x0000, 0x0000, 0x0000, 0x0000, 0x0000, 0x0000, 0x0000, 0x0000,
  0x0000, 0x0000, 0x0000, 0x0000, 0x0000, 0x0000, 0x0000, 0x0000, 0x0000, 0x0000, 0x0000, 0x0000, 0x0000, 0x0000, 0x0000, 0x0000,
  0x0000, 0x0000, 0x0000, 0x0000, 0x0000, 0x0000, 0x0000, 0x0000, 0x0000, 0x0000, 0x0000, 0x0000, 0x0000, 0x0000, 0x0000, 0x0000,
  0x0000, 0x0000, 0x0000, 0x0000, 0x0000, 0x0000, 0x0000, 0x0000, 0x0000, 0x0000, 0x0000, 0x0000, 0x0000, 0x0000, 0x0000, 0x0000,
  0x0000, 0x0000, 0x0000, 0x0000, 0x0000, 0x0000, 0x0000, 0x0000, 0x0000, 0x0000, 0x0000, 0x0000, 0x0000, 0x0000, 0x0000, 0x0000,
  0x0000, 0x0000, 0x0000, 0x0000, 0x0000, 0x0000, 0x0000, 0x0000, 0x0000, 0x0000, 0x0000, 0x0000, 0x0000, 0x0000, 0x0000, 0x0000,
  0x0000, 0x0000, 0x0000, 0x0000, 0x0000, 0x0000, 0x0000, 0x0000, 0x0000, 0x0000, 0x0000, 0x0000, 0x0000, 0x0000, 0x0000, 0x0000,
  0x0000, 0x0000, 0x0000, 0x0000, 0x0000, 0x0000, 0x0000, 0x0000, 0x0000, 0x0000, 0x0000, 0x0000, 0x0000, 0x0000, 0x0000, 0x0000,
  0x0000, 0x0000, 0x0000, 0x0000, 0x0000, 0x0000, 0x0000, 0x0000, 0x0000, 0x0000, 0x0000, 0x0000, 0x0000, 0x0000, 0x0000, 0x0000,
  0x0000, 0x0000, 0x0000, 0x0000, 0x0000, 0x0000, 0x0000, 0x0000, 0x0000, 0x0000, 0x0000, 0x0000, 0x0000, 0x0000, 0x0000, 0x0000,
  0x0000, 0x0000, 0x0000, 0x0000, 0x0000, 0x0000, 0x0000, 0x0000, 0x0000, 0x0000, 0x0000, 0x0000, 0x0000, 0x0000, 0x0000, 0x0000,
  0x0000, 0x0000, 0x0000, 0x0000, 0x0000, 0x0000, 0x0000, 0x0000, 0x0000, 0x0000, 0x0000, 0x0000, 0x0000, 0x0000, 0x0000, 0x0000,
  0x0000, 0x0000, 0x0000, 0x0000, 0x0000, 0x0000, 0x0000, 0x0000, 0x0000, 0x0000, 0x0000, 0x0000, 0x0000, 0x0000, 0x0000, 0x0000,
  0x0000, 0x0000, 0x0000, 0x0000, 0x0000, 0x0000, 0x0000, 0x0000, 0x0000, 0x0000, 0x0000, 0x0000, 0x0000, 0x0000, 0x0000, 0x0000,
  0x0000, 0x0000, 0x0000, 0x0000, 0x0000, 0x0000, 0x0000, 0x0000, 0x0000, 0x0000, 0x0000, 0x0000, 0x0000, 0x0000, 0x0000, 0x0000,
  0x0000, 0x0000, 0x0000, 0x0000, 0x0000, 0x0000, 0x0000, 0x0000, 0x0000, 0x0000, 0x0000, 0x0000, 0x0000, 0x0000, 0x0000, 0x0000,
  0x0000, 0x0000, 0x0000, 0x0000, 0x0000, 0x0000, 0x0000, 0x0000, 0x0000, 0x0000, 0x0000, 0x0000, 0x0000, 0x0000, 0x0000, 0x0000,
  0x0000, 0x0000, 0x0000, 0x0000, 0x0000, 0x0000, 0x0000, 0x0000, 0x0000, 0x0000, 0x0000, 0x0000, 0x0000, 0x0000, 0x0000, 0x0000,
  0x0000, 0x0000, 0x0000, 0x0000, 0x0000, 0x0000, 0x0000, 0x0000, 0x0000, 0x0000, 0x0000, 0x0000, 0x0000, 0x0000, 0x0000, 0x0000,
  0x0000, 0x0000, 0x0000, 0x0000, 0x0000, 0x0000, 0x0000, 0x0000, 0x0000, 0x0000, 0x0000, 0x0000, 0x0000, 0x0000, 0x0000, 0x0000,
  0x0000, 0x0000, 0x0000, 0x0000, 0x0000, 0x0000, 0x0000, 0x0000, 0x0000, 0x0000, 0x0000, 0x0000, 0x0000, 0x0000, 0x0000, 0x0000,
  0x0000, 0x0000, 0x0000, 0x0000, 0x0000, 0x0000, 0x0000, 0x0000, 0x0000, 0x0000, 0x0000, 0x0000, 0x0000, 0x0000, 0x0000, 0x0000,
  0x0000, 0x0000, 0x0000, 0x0000, 0x0000, 0x0000, 0x0000, 0x0000, 0x0000, 0x0000, 0x0000, 0x0000, 0x0000, 0x0000, 0x0000, 0x0000,
  0x0000, 0x0000, 0x0000, 0x0000, 0x0000, 0x0000, 0x0000, 0x0000, 0x0000, 0x0000, 0x0000, 0x0000, 0x0000, 0x0000, 0x0000, 0x0000,
  0x0000, 0x0000, 0x0000, 0x0000, 0x0000, 0x0000, 0x0000, 0x0000, 0x0000, 0x0000, 0x0000, 0x0000, 0x0000, 0x0000, 0x0000, 0x0000,
  0x0000, 0x0000, 0x0000, 0x0000, 0x0000, 0x0000, 0x0000, 0x0000, 0x0000, 0x0000, 0x0000, 0x0000, 0x0000, 0x0000, 0x0000, 0x0000,
  0x0000, 0x0000, 0x0000, 0x0000, 0x0000, 0x0000, 0x0000, 0x0000, 0x0000, 0x0000, 0x0000, 0x0000, 0x0000, 0x0000, 0x0000, 0x0000,
  0x0000, 0x0000, 0x0000, 0x0000, 0x0000, 0x0000, 0x0000, 0x0000, 0x0000, 0x0000, 0x0000, 0x0000, 0x0000, 0x0000, 0x0000, 0x0000,
  0x0000, 0x0000, 0x0000, 0x0000, 0x0000, 0x0000, 0x0000, 0x0000, 0x0000, 0x0000, 0x0000, 0x0000, 0x0000, 0x0000, 0x0000, 0x0000,
  0x0000, 0x0000, 0x0000, 0x0000, 0x0000, 0x0000, 0x0000, 0x0000, 0x0000, 0x0000, 0x0000, 0x0000, 0x0000, 0x0000, 0x0000, 0x0000,
  0x0000, 0x0000, 0x0000, 0x0000, 0x0000, 0x0000, 0x0000, 0x0000, 0x0000, 0x0000, 0x0000, 0x0000, 0x0000, 0x0000, 0x0000, 0x0000,
  0x0000, 0x0000, 0x0000, 0x0000, 0x0000, 0x0000, 0x0000, 0x0000, 0x0000, 0x0000, 0x0000, 0x0000, 0x0000, 0x0000, 0x0000, 0x0000,
  0x0000, 0x0000, 0x0000, 0x0000, 0x0000, 0x0000, 0x0000, 0x0000, 0x0000, 0x0000, 0x0000, 0x0000, 0x0000, 0x0000, 0x0000, 0x0000,
  0x0000, 0x0000, 0x0000, 0x0000, 0x0000, 0x0000, 0x0000, 0x0000, 0x0000, 0x0000, 0x0000, 0x0000, 0x0000, 0x0000, 0x0000, 0x0000,
  0x0000, 0x0000, 0x0000, 0x0000, 0x0000, 0x0000, 0x0000, 0x0000, 0x0000, 0x0000, 0x0000, 0x0000, 0x0000, 0x0000, 0x0000, 0x0000,
  0x0000, 0x0000, 0x0000, 0x0000, 0x0000, 0x0000, 0x0000, 0x0000, 0x0000, 0x0000, 0x0000, 0x0000, 0x0000, 0x0000, 0x0000, 0x0000,
  0x0000, 0x0000, 0x0000, 0x0000, 0x0000, 0x0000, 0x0000, 0x0000, 0x0000, 0x0000, 0x0000, 0x0000, 0x0000, 0x0000, 0x0000, 0x0000,
  0x0000, 0x0000, 0x0000, 0x0000, 0x0000, 0x0000, 0x0000, 0x0000, 0x0000, 0x0000, 0x0000, 0x0000, 0x0000, 0x0000, 0x0000, 0x0000,
  0x0000, 0x0000, 0x0000, 0x0000, 0x0000, 0x0000, 0x0000, 0x0000, 0x0000, 0x0000, 0x0000, 0x0000, 0x0000, 0x0000, 0x0000, 0x0000,
  0x0000, 0x0000, 0x0000, 0x0000, 0x0000, 0x0000, 0x0000, 0x0000, 0x0000, 0x0000, 0x0000, 0x0000, 0x0000, 0x0000, 0x0000, 0x0000,
  0x0000, 0x0000, 0x0000, 0x0000, 0x0000, 0x0000, 0x0000, 0x0000, 0x0000, 0x0000, 0x0000, 0x0000, 0x0000, 0x0000, 0x0000, 0x0000,
  0x0000, 0x0000, 0x0000, 0x0000, 0x0000, 0x0000, 0x0000, 0x0000, 0x0000, 0x0000, 0x0000, 0x0000, 0x0000, 0x0000, 0x0000, 0x0000,
  0x0000, 0x0000, 0x0000, 0x0000, 0x0000, 0x0000, 0x0000, 0x0000, 0x0000, 0x0000, 0x0000, 0x0000, 0x0000, 0x0000, 0x0000, 0x0000,
  0x0000, 0x0000, 0x0000, 0x0000, 0x0000, 0x0000, 0x0000, 0x0000, 0x0000, 0x0000, 0x0000, 0x0000, 0x0000, 0x0000, 0x0000, 0x0000,
  0x0000, 0x0000, 0x0000, 0x0000, 0x0000, 0x0000, 0x0000, 0x0000, 0x0000, 0x0000, 0x0000, 0x0000, 0x0000, 0x0000, 0x0000, 0x0000,
  0x0000, 0x0000, 0x0000, 0x0000, 0x0000, 0x0000, 0x0000, 0x0000, 0x0000, 0x0000, 0x0000, 0x0000, 0x0000, 0x0000, 0x0000, 0x0000,
  0x0000, 0x0000, 0x0000, 0x0000, 0x0000, 0x0000, 0x0000, 0x0000, 0x0000, 0x0000, 0x0000, 0x0000, 0x0000, 0x0000, 0x0000, 0x0000,
  0x0000, 0x0000, 0x0000, 0x0000, 0x0000, 0x0000, 0x0000, 0x0000, 0x0000, 0x0000, 0x0000, 0x0000, 0x0000, 0x0000, 0x0000, 0x0000,
  0x0000, 0x0000, 0x0000, 0x0000, 0x0000, 0x0000, 0x0000, 0x0000, 0x0000, 0x0000, 0x0000, 0x0000, 0x0000, 0x0000, 0x0000, 0x0000,
  0x0000, 0x0000, 0x0000, 0x0000, 0x0000, 0x0000, 0x0000, 0x0000, 0x0000, 0x0000, 0x0000, 0x0000, 0x0000, 0x0000, 0x0000, 0x0000,
  0x0000, 0x0000, 0x0000, 0x0000, 0x0000, 0x0000, 0x0000, 0x0000, 0x0000, 0x0000, 0x0000, 0x0000, 0x0000, 0x0000, 0x0000, 0x0000,
  0x0000, 0x0000, 0x0000, 0x0000, 0x0000, 0x0000, 0x0000, 0x0000, 0x0000, 0x0000, 0x0000, 0x0000, 0x0000, 0x0000, 0x0000, 0x0000,
  0x0000, 0x0000, 0x0000, 0x0000, 0x0000, 0x0000, 0x0000, 0x0000, 0x0000, 0x0000, 0x0000, 0x0000, 0x0000, 0x0000, 0x0000, 0x0000,
  0x0000, 0x0000, 0x0000, 0x0000, 0x0000, 0x0000, 0x0000, 0x0000, 0x0000, 0x0000, 0x0000, 0x0000, 0x0000, 0x0000, 0x0000, 0x0000,
  0x0000, 0x0000, 0x0000, 0x0000, 0x0000, 0x0000, 0x0000, 0x0000, 0x0000, 0x0000, 0x0000, 0x0000, 0x0000, 0x0000, 0x0000, 0x0000,
  0x0000, 0x0000, 0x0000, 0x0000, 0x0000, 0x0000, 0x0000, 0x0000, 0x0000, 0x0000, 0x0000, 0x0000, 0x0000, 0x0000, 0x0000, 0x0000,
  0x0000, 0x0000, 0x0000, 0x0000, 0x0000, 0x0000, 0x0000, 0x0000, 0x0000, 0x0000, 0x0000, 0x0000, 0x0000, 0x0000, 0x0000, 0x0000,
  0x0000, 0x0000, 0x0000, 0x0000, 0x0000, 0x0000, 0x0000, 0x0000, 0x0000, 0x0000, 0x0000, 0x0000, 0x0000, 0x0000, 0x0000, 0x0000,
  0x0000, 0x0000, 0x0000, 0x0000, 0x0000, 0x0000, 0x0000, 0x0000, 0x0000, 0x0000, 0x0000, 0x0000, 0x0000, 0x0000, 0x0000, 0x0000,
  0x0000, 0x0000, 0x0000, 0x0000, 0x0000, 0x0000, 0x0000, 0x0000, 0x0000, 0x0000, 0x0000, 0x0000, 0x0000, 0x0000, 0x0000, 0x0000,
  0x0000, 0x0000, 0x0000, 0x0000, 0x0000, 0x0000, 0x0000, 0x0000, 0x0000, 0x0000, 0x0000, 0x0000, 0x0000, 0x0000, 0x0000, 0x0000,
  0x0000, 0x0000, 0x0000, 0x0000, 0x0000, 0x0000, 0x0000, 0x0000, 0x0000, 0x0000, 0x0000, 0x0000, 0x0000, 0x0000, 0x0000, 0x0000,
  0x0000, 0x0000, 0x0000, 0x0000, 0x0000, 0x0000, 0x0000, 0x0000, 0x0000, 0x0000, 0x0000, 0x0000, 0x0000, 0x0000, 0x0000, 0x0000,
  0x0000, 0x0000, 0x0000, 0x0000, 0x0000, 0x0000, 0x0000, 0x0000, 0x0000, 0x0000, 0x0000, 0x0000, 0x0000, 0x0000, 0x0000, 0x0000,
  0x0000, 0x0000, 0x0000, 0x0000, 0x0000, 0x0000, 0x0000, 0x0000, 0x0000, 0x0000, 0x0000, 0x0000, 0x0000, 0x0000, 0x0000, 0x0000,
  0x0000, 0x0000, 0x0000, 0x0000, 0x0000, 0x0000, 0x0000, 0x0000, 0x0000, 0x0000, 0x0000, 0x0000, 0x0000, 0x0000, 0x0000, 0x0000,
  0x0000, 0x0000, 0x0000, 0x0000, 0x0000, 0x0000, 0x0000, 0x0000, 0x0000, 0x0000, 0x0000, 0x0000, 0x0000, 0x0000, 0x0000, 0x0000,
  0x0000, 0x0000, 0x0000, 0x0000, 0x0000, 0x0000, 0x0000, 0x0000, 0x0000, 0x0000, 0x0000, 0x0000, 0x0000, 0x0000, 0x0000, 0x0000,
  0x0000, 0x0000, 0x0000, 0x0000, 0x0000, 0x0000, 0x0000, 0x0000, 0x0000, 0x0000, 0x0000, 0x0000, 0x0000, 0x0000, 0x0000, 0x0000,
  0x0000, 0x0000, 0x0000, 0x0000, 0x0000, 0x0000, 0x0000, 0x0000, 0x0000, 0x0000, 0x0000, 0x0000, 0x0000, 0x0000, 0x0000, 0x0000,
  0x0000, 0x0000, 0x0000, 0x0000, 0x0000, 0x0000, 0x0000, 0x0000, 0x0000, 0x0000, 0x0000, 0x0000, 0x0000, 0x0000, 0x0000, 0x0000,
  0x0000, 0x0000, 0x0000, 0x0000, 0x0000, 0x0000, 0x0000, 0x0000, 0x0000, 0x0000, 0x0000, 0x0000, 0x0000, 0x0000, 0x0000, 0x0000,
  0x0000, 0x0000, 0x0000, 0x0000, 0x0000, 0x0000, 0x0000, 0x0000, 0x0000, 0x0000, 0x0000, 0x0000, 0x0000, 0x0000, 0x0000, 0x0000,
  0x0000, 0x0000, 0x0000, 0x0000, 0x0000, 0x0000, 0x0000, 0x0000, 0x0000, 0x0000, 0x0000, 0x0000, 0x0000, 0x0000, 0x0000, 0x0000,
  0x0000, 0x0000, 0x0000, 0x0000, 0x0000, 0x0000, 0x0000, 0x0000, 0x0000, 0x0000, 0x0000, 0x0000, 0x0000, 0x0000, 0x0000, 0x0000,
  0x0000, 0x0000, 0x0000, 0x0000, 0x0000, 0x0000, 0x0000, 0x0000, 0x0000, 0x0000, 0x0000, 0x0000, 0x0000, 0x0000, 0x0000, 0x0000,
  0x0000, 0x0000, 0x0000, 0x0000, 0x0000, 0x0000, 0x0000, 0x0000, 0x0000, 0x0000, 0x0000, 0x0000, 0x0000, 0x0000, 0x0000, 0x0000,
  0x0000, 0x0000, 0x0000, 0x0000, 0x0000, 0x0000, 0x0000, 0x0000, 0x0000, 0x0000, 0x0000, 0x0000, 0x0000, 0x0000, 0x0000, 0x0000,
  0x0000, 0x0000, 0x0000, 0x0000, 0x0000, 0x0000, 0x0000, 0x0000, 0x0000, 0x0000, 0x0000, 0x0000, 0x0000, 0x0000, 0x0000, 0x0000,
  0x0000, 0x0000, 0x0000, 0x0000, 0x0000, 0x0000, 0x0000, 0x0000, 0x0000, 0x0000, 0x0000, 0x0000, 0x0000, 0x0000, 0x0000, 0x0000,
  0x0000, 0x0000, 0x0000, 0x0000, 0x0000, 0x0000, 0x0000, 0x0000, 0x0000, 0x0000, 0x0000, 0x0000, 0x0000, 0x0000, 0x0000, 0x0000,
  0x0000, 0x0000, 0x0000, 0x0000, 0x0000, 0x0000, 0x0000, 0x0000, 0x0000, 0x0000, 0x0000, 0x0000, 0x0000, 0x0000, 0x0000, 0x0000,
  0x0000, 0x0000, 0x0000, 0x0000, 0x0000, 0x0000, 0x0000, 0x0000, 0x0000, 0x0000, 0x0000, 0x0000, 0x0000, 0x0000, 0x0000, 0x0000,
  0x0000, 0x0000, 0x0000, 0x0000, 0x0000, 0x0000, 0x0000, 0x0000, 0x0000, 0x0000, 0x0000, 0x0000, 0x0000, 0x0000, 0x0000, 0x0000,
  0x0000, 0x0000, 0x0000, 0x0000, 0x0000, 0x0000, 0x0000, 0x0000, 0x0000, 0x0000, 0x0000, 0x0000, 0x0000, 0x0000, 0x0000, 0x0000,
  0x0000, 0x0000, 0x0000, 0x0000, 0x0000, 0x0000, 0x0000, 0x0000, 0x0000, 0x0000, 0x0000, 0x0000, 0x0000, 0x0000, 0x0000, 0x0000,
  0x0000, 0x0000, 0x0000, 0x0000, 0x0000, 0x0000, 0x0000, 0x0000, 0x0000, 0x0000, 0x0000, 0x0000, 0x0000, 0x0000, 0x0000, 0x0000,
  0x0000, 0x0000, 0x0000, 0x0000, 0x0000, 0x0000, 0x0000, 0x0000, 0x0000, 0x0000, 0x0000, 0x0000, 0x0000, 0x0000, 0x0000, 0x0000,
  0x0000, 0x0000, 0x0000, 0x0000, 0x0000, 0x0000, 0x0000, 0x0000, 0x0000, 0x0000, 0x0000, 0x0000, 0x0000, 0x0000, 0x0000, 0x0000,
  0x0000, 0x0000, 0x0000, 0x0000, 0x0000, 0x0000, 0x0000, 0x0000, 0x0000, 0x0000, 0x0000, 0x0000, 0x0000, 0x0000, 0x0000, 0x0000,
  0x0000, 0x0000, 0x0000, 0x0000, 0x0000, 0x0000, 0x0000, 0x0000, 0x0000, 0x0000, 0x0000, 0x0000, 0x0000, 0x0000, 0x0000, 0x0000,
  0x0000, 0x0000, 0x0000, 0x0000, 0x0000, 0x0000, 0x0000, 0x0000, 0x0000, 0x0000, 0x0000, 0x0000, 0x0000, 0x0000, 0x0000, 0x0000,
  0x0000, 0x0000, 0x0000, 0x0000, 0x0000, 0x0000, 0x0000, 0x0000, 0x0000, 0x0000, 0x0000, 0x0000, 0x0000, 0x0000, 0x0000, 0x0000,
  0x0000, 0x0000, 0x0000, 0x0000, 0x0000, 0x0000, 0x0000, 0x0000, 0x0000, 0x0000, 0x0000, 0x0000, 0x0000, 0x0000, 0x0000, 0x0000,
  0x0000, 0x0000, 0x0000, 0x0000, 0x0000, 0x0000, 0x0000, 0x0000, 0x0000, 0x0000, 0x0000, 0x0000, 0x0000, 0x0000, 0x0000, 0x0000,
  0x0000, 0x0000, 0x0000, 0x0000, 0x0000, 0x0000, 0x0000, 0x0000, 0x0000, 0x0000, 0x0000, 0x0000, 0x0000, 0x0000, 0x0000, 0x0000,
  0x0000, 0x0000, 0x0000, 0x0000, 0x0000, 0x0000, 0x0000, 0x0000, 0x0000, 0x0000, 0x0000, 0x0000, 0x0000, 0x0000, 0x0000, 0x0000,
  0x0000, 0x0000, 0x0000, 0x0000, 0x0000, 0x0000, 0x0000, 0x0000, 0x0000, 0x0000, 0x0000, 0x0000, 0x0000, 0x0000, 0x0000, 0x0000,
  0x0000, 0x0000, 0x0000, 0x0000, 0x0000, 0x0000, 0x0000, 0x0000, 0x0000, 0x0000, 0x0000, 0x0000, 0x0000, 0x0000, 0x0000, 0x0000,
  0x0000, 0x0000, 0x0000, 0x0000, 0x0000, 0x0000, 0x0000, 0x0000, 0x0000, 0x0000, 0x0000, 0x0000, 0x0000, 0x0000, 0x0000, 0x0000,
  0x0000, 0x0000, 0x0000, 0x0000, 0x0000, 0x0000, 0x0000, 0x0000, 0x0000, 0x0000, 0x0000, 0x0000, 0x0000, 0x0000, 0x0000, 0x0000,
  0x0000, 0x0000, 0x0000, 0x0000, 0x0000, 0x0000, 0x0000, 0x0000, 0x0000, 0x0000, 0x0000, 0x0000, 0x0000, 0x0000, 0x0000, 0x0000,
  0x0000, 0x0000, 0x0000, 0x0000, 0x0000, 0x0000, 0x0000, 0x0000, 0x0000, 0x0000, 0x0000, 0x0000, 0x0000, 0x0000, 0x0000, 0x0000,
  0x0000, 0x0000, 0x0000, 0x0000, 0x0000, 0x0000, 0x0000, 0x0000, 0x0000, 0x0000, 0x0000, 0x0000, 0x0000, 0x0000, 0x0000, 0x0000,
  0x0000, 0x0000, 0x0000, 0x0000, 0x0000, 0x0000, 0x0000, 0x0000, 0x0000, 0x0000, 0x0000, 0x0000, 0x0000, 0x0000, 0x0000, 0x0000,
  0x0000, 0x0000, 0x0000, 0x0000, 0x0000, 0x0000, 0x0000, 0x0000, 0x0000, 0x0000, 0x0000, 0x0000, 0x0000, 0x0000, 0x0000, 0x0000,
  0x0000, 0x0000, 0x0000, 0x0000, 0x0000, 0x0000, 0x0000, 0x0000, 0x0000, 0x0000, 0x0000, 0x0000, 0x0000, 0x0000, 0x0000, 0x0000,
  0x0000, 0x0000, 0x0000, 0x0000, 0x0000, 0x0000, 0x0000, 0x0000, 0x0000, 0x0000, 0x0000, 0x0000, 0x0000, 0x0000, 0x0000, 0x0000,
  0x0000, 0x0000, 0x0000, 0x0000, 0x0000, 0x0000, 0x0000, 0x0000, 0x0000, 0x0000, 0x0000, 0x0000, 0x0000, 0x0000, 0x0000, 0x0000,
  0x0000, 0x0000, 0x0000, 0x0000, 0x0000, 0x0000, 0x0000, 0x0000, 0x0000, 0x0000, 0x0000, 0x0000, 0x0000, 0x0000, 0x0000, 0x0000,
  0x0000, 0x0000, 0x0000, 0x0000, 0x0000, 0x0000, 0x0000, 0x0000, 0x0000, 0x0000, 0x0000, 0x0000, 0x0000, 0x0000, 0x0000, 0x0000,
  0x0000, 0x0000, 0x0000, 0x0000, 0x0000, 0x0000, 0x0000, 0x0000, 0x0000, 0x0000, 0x0000, 0x0000, 0x0000, 0x0000, 0x0000, 0x0000,
  0x0000, 0x0000, 0x0000, 0x0000, 0x0000, 0x0000, 0x0000, 0x0000, 0x0000, 0x0000, 0x0000, 0x0000, 0x0000, 0x0000, 0x0000, 0x0000,
  0x0000, 0x0000, 0x0000, 0x0000, 0x0000, 0x0000, 0x0000, 0x0000, 0x0000, 0x0000, 0x0000, 0x0000, 0x0000, 0x0000, 0x0000, 0x0000,
  0x0000, 0x0000, 0x0000, 0x0000, 0x0000, 0x0000, 0x0000, 0x0000, 0x0000, 0x0000, 0x0000, 0x0000, 0x0000, 0x0000, 0x0000, 0x0000,
  0x0000, 0x0000, 0x0000, 0x0000, 0x0000, 0x0000, 0x0000, 0x0000, 0x0000, 0x0000, 0x0000, 0x0000, 0x0000, 0x0000, 0x0000, 0x0000,
  0x0000, 0x0000, 0x0000, 0x0000, 0x0000, 0x0000, 0x0000, 0x0000, 0x0000, 0x0000, 0x0000, 0x0000, 0x0000, 0x0000, 0x0000, 0x0000,
  0x0000, 0x0000, 0x0000, 0x0000, 0x0000, 0x0000, 0x0000, 0x0000, 0x0000, 0x0000, 0x0000, 0x0000, 0x0000, 0x0000, 0x0000, 0x0000,
  0x0000, 0x0000, 0x0000, 0x0000, 0x0000, 0x0000, 0x0000, 0x0000, 0x0000, 0x0000, 0x0000, 0x0000, 0x0000, 0x0000, 0x0000, 0x0000,
  0x0000, 0x0000, 0x0000, 0x0000, 0x0000, 0x0000, 0x0000, 0x0000, 0x0000, 0x0000, 0x0000, 0x0000, 0x0000, 0x0000, 0x0000, 0x0000,
  0x0000, 0x0000, 0x0000, 0x0000, 0x0000, 0x0000, 0x0000, 0x0000, 0x0000, 0x0000, 0x0000, 0x0000, 0x0000, 0x0000, 0x0000, 0x0000,
  0x0000, 0x0000, 0x0000, 0x0000, 0x0000, 0x0000, 0x0000, 0x0000, 0x0000, 0x0000, 0x0000, 0x0000, 0x0000, 0x0000, 0x0000, 0x0000,
  0x0000, 0x0000, 0x0000, 0x0000, 0x0000, 0x0000, 0x0000, 0x0000, 0x0000, 0x0000, 0x0000, 0x0000, 0x0000, 0x0000, 0x0000, 0x0000,
  0x0000, 0x0000, 0x0000, 0x0000, 0x0000, 0x0000, 0x0000, 0x0000, 0x0000, 0x0000, 0x0000, 0x0000, 0x0000, 0x0000, 0x0000, 0x0000,
  0x0000, 0x0000, 0x0000, 0x0000, 0x0000, 0x0000, 0x0000, 0x0000, 0x0000, 0x0000, 0x0000, 0x0000, 0x0000, 0x0000, 0x0000, 0x0000,
  0x0000, 0x0000, 0x0000, 0x0000, 0x0000, 0x0000, 0x0000, 0x0000, 0x0000, 0x0000, 0x0000, 0x0000, 0x0000, 0x0000, 0x0000, 0x0000,
  0x0000, 0x0000, 0x0000, 0x0000, 0x0000, 0x0000, 0x0000, 0x0000, 0x0000, 0x0000, 0x0000, 0x0000, 0x0000, 0x0000, 0x0000, 0x0000,
  0x0000, 0x0000, 0x0000, 0x0000, 0x0000, 0x0000, 0x0000, 0x0000, 0x0000, 0x0000, 0x0000, 0x0000, 0x0000, 0x0000, 0x0000, 0x0000,
  0x0000, 0x0000, 0x0000, 0x0000, 0x0000, 0x0000, 0x0000, 0x0000, 0x0000, 0x0000, 0x0000, 0x0000, 0x0000, 0x0000, 0x0000, 0x0000,
  0x0000, 0x0000, 0x0000, 0x0000, 0x0000, 0x0000, 0x0000, 0x0000, 0x0000, 0x0000, 0x0000, 0x0000, 0x0000, 0x0000, 0x0000, 0x0000,
  0x0000, 0x0000, 0x0000, 0x0000, 0x0000, 0x0000, 0x0000, 0x0000, 0x0000, 0x0000, 0x0000, 0x0000, 0x0000, 0x0000, 0x0000, 0x0000,
  0x0000, 0x0000, 0x0000, 0x0000, 0x0000, 0x0000, 0x0000, 0x0000, 0x0000, 0x0000, 0x0000, 0x0000, 0x0000, 0x0000, 0x0000, 0x0000,
  0x0000, 0x0000, 0x0000, 0x0000, 0x0000, 0x0000, 0x0000, 0x0000, 0x0000, 0x0000, 0x0000, 0x0000, 0x0000, 0x0000, 0x0000, 0x0000,
  0x0000, 0x0000, 0x0000, 0x0000, 0x0000, 0x0000, 0x0000, 0x0000, 0x0000, 0x0000, 0x0000, 0x0000, 0x0000, 0x0000, 0x0000, 0x0000,
  0x0000, 0x0000, 0x0000, 0x0000, 0x0000, 0x0000, 0x0000, 0x0000, 0x0000, 0x0000, 0x0000, 0x0000, 0x0000, 0x0000, 0x0000, 0x0000,
  0x0000, 0x0000, 0x0000, 0x0000, 0x0000, 0x0000, 0x0000, 0x0000, 0x0000, 0x0000, 0x0000, 0x0000, 0x0000, 0x0000, 0x0000, 0x0000,
  0x0000, 0x0000, 0x0000, 0x0000, 0x0000, 0x0000, 0x0000, 0x0000, 0x0000, 0x0000, 0x0000, 0x0000, 0x0000, 0x0000, 0x0000, 0x0000,
  0x0000, 0x0000, 0x0000, 0x0000, 0x0000, 0x0000, 0x0000, 0x0000, 0x0000, 0x0000, 0x0000, 0x0000, 0x0000, 0x0000, 0x0000, 0x0000,
  0x0000, 0x0000, 0x0000, 0x0000, 0x0000, 0x0000, 0x0000, 0x0000, 0x0000, 0x0000, 0x0000, 0x0000, 0x0000, 0x0000, 0x0000, 0x0000,
  0x0000, 0x0000, 0x0000, 0x0000, 0x0000, 0x0000, 0x0000, 0x0000, 0x0000, 0x0000, 0x0000, 0x0000, 0x0000, 0x0000, 0x0000, 0x0000,
  0x0000, 0x0000, 0x0000, 0x0000, 0x0000, 0x0000, 0x0000, 0x0000, 0x0000, 0x0000, 0x0000, 0x0000, 0x0000, 0x0000, 0x0000, 0x0000,
  0x0000, 0x0000, 0x0000, 0x0000, 0x0000, 0x0000, 0x0000, 0x0000, 0x0000, 0x0000, 0x0000, 0x0000, 0x0000, 0x0000, 0x0000, 0x0000,
  0x0000, 0x0000, 0x0000, 0x0000, 0x0000, 0x0000, 0x0000, 0x0000, 0x0000, 0x0000, 0x0000, 0x0000, 0x0000, 0x0000, 0x0000, 0x0000,
  0x0000, 0x0000, 0x0000, 0x0000, 0x0000, 0x0000, 0x0000, 0x0000, 0x0000, 0x0000, 0x0000, 0x0000, 0x0000, 0x0000, 0x0000, 0x0000,
  0x0000, 0x0000, 0x0000, 0x0000, 0x0000, 0x0000, 0x0000, 0x0000, 0x0000, 0x0000, 0x0000, 0x0000, 0x0000, 0x0000, 0x0000, 0x0000,
  0x0000, 0x0000, 0x0000, 0x0000, 0x0000, 0x0000, 0x0000, 0x0000, 0x0000, 0x0000, 0x0000, 0x0000, 0x0000, 0x0000, 0x0000, 0x0000,
  0x0000, 0x0000, 0x0000, 0x0000, 0x0000, 0x0000, 0x0000, 0x0000, 0x0000, 0x0000, 0x0000, 0x0000, 0x0000, 0x0000, 0x0000, 0x0000,
  0x0000, 0x0000, 0x0000, 0x0000, 0x0000, 0x0000, 0x0000, 0x0000, 0x0000, 0x0000, 0x0000, 0x0000, 0x0000, 0x0000, 0x0000, 0x0000,
  0x0000, 0x0000, 0x0000, 0x0000, 0x0000, 0x0000, 0x0000, 0x0000, 0x0000, 0x0000, 0x0000, 0x0000, 0x0000, 0x0000, 0x0000, 0x0000,
  0x0000, 0x0000, 0x0000, 0x0000, 0x0000, 0x0000, 0x0000, 0x0000, 0x0000, 0x0000, 0x0000, 0x0000, 0x0000, 0x0000, 0x0000, 0x0000,
  0x0000, 0x0000, 0x0000, 0x0000, 0x0000, 0x0000, 0x0000, 0x0000, 0x0000, 0x0000, 0x0000, 0x0000, 0x0000, 0x0000, 0x0000, 0x0000,
  0x0000, 0x0000, 0x0000, 0x0000, 0x0000, 0x0000, 0x0000, 0x0000, 0x0000, 0x0000, 0x0000, 0x0000, 0x0000, 0x0000, 0x0000, 0x0000,
  0x0000, 0x0000, 0x0000, 0x0000, 0x0000, 0x0000, 0x0000, 0x0000, 0x0000, 0x0000, 0x0000, 0x0000, 0x0000, 0x0000, 0x0000, 0x0000,
  0x0000, 0x0000, 0x0000, 0x0000, 0x0000, 0x0000, 0x0000, 0x0000, 0x0000, 0x0000, 0x0000, 0x0000, 0x0000, 0x0000, 0x0000, 0x0000,
  0x0000, 0x0000, 0x0000, 0x0000, 0x0000, 0x0000, 0x0000, 0x0000, 0x0000, 0x0000, 0x0000, 0x0000, 0x0000, 0x0000, 0x0000, 0x0000,
  0x0000, 0x0000, 0x0000, 0x0000, 0x0000, 0x0000, 0x0000, 0x0000, 0x0000, 0x0000, 0x0000, 0x0000, 0x0000, 0x0000, 0x0000, 0x0000,
  0x0000, 0x0000, 0x0000, 0x0000, 0x0000, 0x0000, 0x0000, 0x0000, 0x0000, 0x0000, 0x0000, 0x0000, 0x0000, 0x0000, 0x0000, 0x0000,
  0x0000, 0x0000, 0x0000, 0x0000, 0x0000, 0x0000, 0x0000, 0x0000, 0x0000, 0x0000, 0x0000, 0x0000, 0x0000, 0x0000, 0x0000, 0x0000,
  0x0000, 0x0000, 0x0000, 0x0000, 0x0000, 0x0000, 0x0000, 0x0000, 0x0000, 0x0000, 0x0000, 0x0000, 0x0000, 0x0000, 0x0000, 0x0000,
  0x0000, 0x0000, 0x0000, 0x0000, 0x0000, 0x0000, 0x0000, 0x0000, 0x0000, 0x0000, 0x0000, 0x0000, 0x0000, 0x0000, 0x0000, 0x0000,
  0x0000, 0x0000, 0x0000, 0x0000, 0x0000, 0x0000, 0x0000, 0x0000, 0x0000, 0x0000, 0x0000, 0x0000, 0x0000, 0x0000, 0x0000, 0x0000,
  0x0000, 0x0000, 0x0000, 0x0000, 0x0000, 0x0000, 0x0000, 0x0000, 0x0000, 0x0000, 0x0000, 0x0000, 0x0000, 0x0000, 0x0000, 0x0000,
  0x0000, 0x0000, 0x0000, 0x0000, 0x0000, 0x0000, 0x0000, 0x0000, 0x0000, 0x0000, 0x0000, 0x0000, 0x0000, 0x0000, 0x0000, 0x0000,
  0x0000, 0x0000, 0x0000, 0x0000, 0x0000, 0x0000, 0x0000, 0x0000, 0x0000, 0x0000, 0x0000, 0x0000, 0x0000, 0x0000, 0x0000, 0x0000,
  0x0000, 0x0000, 0x0000, 0x0000, 0x0000, 0x0000, 0x0000, 0x0000, 0x0000, 0x0000, 0x0000, 0x0000, 0x0000, 0x0000, 0x0000, 0x0000,
  0x0000, 0x0000, 0x0000, 0x0000, 0x0000, 0x0000, 0x0000, 0x0000, 0x0000, 0x0000, 0x0000, 0x0000, 0x0000, 0x0000, 0x0000, 0x0000,
  0x0000, 0x0000, 0x0000, 0x0000, 0x0000, 0x0000, 0x0000, 0x0000, 0x0000, 0x0000, 0x0000, 0x0000, 0x0000, 0x0000, 0x0000, 0x0000,
  0x0000, 0x0000, 0x0000, 0x0000, 0x0000, 0x0000, 0x0000, 0x0000, 0x0000, 0x0000, 0x0000, 0x0000, 0x0000, 0x0000, 0x0000, 0x0000,
  0x0000, 0x0000, 0x0000, 0x0000, 0x0000, 0x0000, 0x0000, 0x0000, 0x0000, 0x0000, 0x0000, 0x0000, 0x0000, 0x0000, 0x0000, 0x0000,
  0x0000, 0x0000, 0x0000, 0x0000, 0x0000, 0x0000, 0x0000, 0x0000, 0x0000, 0x0000, 0x0000, 0x0000, 0x0000, 0x0000, 0x0000, 0x0000,
  0x0000, 0x0000, 0x0000, 0x0000, 0x0000, 0x0000, 0x0000, 0x0000, 0x0000, 0x0000, 0x0000, 0x0000, 0x0000, 0x0000, 0x0000, 0x0000,
  0x0000, 0x0000, 0x0000, 0x0000, 0x0000, 0x0000, 0x0000, 0x0000, 0x0000, 0x0000, 0x0000, 0x0000, 0x0000, 0x0000, 0x0000, 0x0000,
  0x0000, 0x0000, 0x0000, 0x0000, 0x0000, 0x0000, 0x0000, 0x0000, 0x0000, 0x0000, 0x0000, 0x0000, 0x0000, 0x0000, 0x0000, 0x0000,
  0x0000, 0x0000, 0x0000, 0x0000, 0x0000, 0x0000, 0x0000, 0x0000, 0x0000, 0x0000, 0x0000, 0x0000, 0x0000, 0x0000, 0x0000, 0x0000,
  0x0000, 0x0000, 0x0000, 0x0000, 0x0000, 0x0000, 0x0000, 0x0000, 0x0000, 0x0000, 0x0000, 0x0000, 0x0000, 0x0000, 0x0000, 0x0000,
  0x0000, 0x0000, 0x0000, 0x0000, 0x0000, 0x0000, 0x0000, 0x0000, 0x0000, 0x0000, 0x0000, 0x0000, 0x0000, 0x0000, 0x0000, 0x0000,
  0x0000, 0x0000, 0x0000, 0x0000, 0x0000, 0x0000, 0x0000, 0x0000, 0x0000, 0x0000, 0x0000, 0x0000, 0x0000, 0x0000, 0x0000, 0x0000,
  0x0000, 0x0000, 0x0000, 0x0000, 0x0000, 0x0000, 0x0000, 0x0000, 0x0000, 0x0000, 0x0000, 0x0000, 0x0000, 0x0000, 0x0000, 0x0000,
  0x0000, 0x0000, 0x0000, 0x0000, 0x0000, 0x0000, 0x0000, 0x0000, 0x0000, 0x0000, 0x0000, 0x0000, 0x0000, 0x0000, 0x0000, 0x0000,
  0x0000, 0x0000, 0x0000, 0x0000, 0x0000, 0x0000, 0x0000, 0x0000, 0x0000, 0x0000, 0x0000, 0x0000, 0x0000, 0x0000, 0x0000, 0x0000,
  0x0000, 0x0000, 0x0000, 0x0000, 0x0000, 0x0000, 0x0000, 0x0000, 0x0000, 0x0000, 0x0000, 0x0000, 0x0000, 0x0000, 0x0000, 0x0000,
  0x0000, 0x0000, 0x0000, 0x0000, 0x0000, 0x0000, 0x0000, 0x0000, 0x0000, 0x0000, 0x0000, 0x0000, 0x0000, 0x0000, 0x0000, 0x0000,
  0x0000, 0x0000, 0x0000, 0x0000, 0x0000, 0x0000, 0x0000, 0x0000, 0x0000, 0x0000, 0x0000, 0x0000, 0x0000, 0x0000, 0x0000, 0x0000,
  0x0000, 0x0000, 0x0000, 0x0000, 0x0000, 0x0000, 0x0000, 0x0000, 0x0000, 0x0000, 0x0000, 0x0000, 0x0000, 0x0000, 0x0000, 0x0000,
  0x0000, 0x0000, 0x0000, 0x0000, 0x0000, 0x0000, 0x0000, 0x0000, 0x0000, 0x0000, 0x0000, 0x0000, 0x0000, 0x0000, 0x0000, 0x0000,
  0x0000, 0x0000, 0x0000, 0x0000, 0x0000, 0x0000, 0x0000, 0x0000, 0x0000, 0x0000, 0x0000, 0x0000, 0x0000, 0x0000, 0x0000, 0x0000,
  0x0000, 0x0000, 0x0000, 0x0000, 0x0000, 0x0000, 0x0000, 0x0000, 0x0000, 0x0000, 0x0000, 0x0000, 0x0000, 0x0000, 0x0000, 0x0000,
  0x0000, 0x0000, 0x0000, 0x0000, 0x0000, 0x0000, 0x0000, 0x0000, 0x0000, 0x0000, 0x0000, 0x0000, 0x0000, 0x0000, 0x0000, 0x0000,
  0x0000, 0x0000, 0x0000, 0x0000, 0x0000, 0x0000, 0x0000, 0x0000, 0x0000, 0x0000, 0x0000, 0x0000, 0x0000, 0x0000, 0x0000, 0x0000,
  0x0000, 0x0000, 0x0000, 0x0000, 0x0000, 0x0000, 0x0000, 0x0000, 0x0000, 0x0000, 0x0000, 0x0000, 0x0000, 0x0000, 0x0000, 0x0000,
  0x0000, 0x0000, 0x0000, 0x0000, 0x0000, 0x0000, 0x0000, 0x0000, 0x0000, 0x0000, 0x0000, 0x0000, 0x0000, 0x0000, 0x0000, 0x0000,
  0x0000, 0x0000, 0x0000, 0x0000, 0x0000, 0x0000, 0x0000, 0x0000, 0x0000, 0x0000, 0x0000, 0x0000, 0x0000, 0x0000, 0x0000, 0x0000,
  0x0000, 0x0000, 0x0000, 0x0000, 0x0000, 0x0000, 0x0000, 0x0000, 0x0000, 0x0000, 0x0000, 0x0000, 0x0000, 0x0000, 0x0000, 0x0000,
  0x0000, 0x0000, 0x0000, 0x0000, 0x0000, 0x0000, 0x0000, 0x0000, 0x0000, 0x0000, 0x0000, 0x0000, 0x0000, 0x0000, 0x0000, 0x0000,
  0x0000, 0x0000, 0x0000, 0x0000, 0x0000, 0x0000, 0x0000, 0x0000, 0x0000, 0x0000, 0x0000, 0x0000, 0x0000, 0x0000, 0x0000, 0x0000,
  0x0000, 0x0000, 0x0000, 0x0000, 0x0000, 0x0000, 0x0000, 0x0000, 0x0000, 0x0000, 0x0000, 0x0000, 0x0000, 0x0000, 0x0000, 0x0000,
  0x0000, 0x0000, 0x0000, 0x0000, 0x0000, 0x0000, 0x0000, 0x0000, 0x0000, 0x0000, 0x0000, 0x0000, 0x0000, 0x0000, 0x0000, 0x0000,
  0x0000, 0x0000, 0x0000, 0x0000, 0x0000, 0x0000, 0x0000, 0x0000, 0x0000, 0x0000, 0x0000, 0x0000, 0x0000, 0x0000, 0x0000, 0x0000,
  0x0000, 0x0000, 0x0000, 0x0000, 0x0000, 0x0000, 0x0000, 0x0000, 0x0000, 0x0000, 0x0000, 0x0000, 0x0000, 0x0000, 0x0000, 0x0000,
  0x0000, 0x0000, 0x0000, 0x0000, 0x0000, 0x0000, 0x0000, 0x0000, 0x0000, 0x0000, 0x0000, 0x0000, 0x0000, 0x0000, 0x0000, 0x0000,
  0x0000, 0x0000, 0x0000, 0x0000, 0x0000, 0x0000, 0x0000, 0x0000, 0x0000, 0x0000, 0x0000, 0x0000, 0x0000, 0x0000, 0x0000, 0x0000,
  0x0000, 0x0000, 0x0000, 0x0000, 0x0000, 0x0000, 0x0000, 0x0000, 0x0000, 0x0000, 0x0000, 0x0000, 0x0000, 0x0000, 0x0000, 0x0000,
  0x0000, 0x0000, 0x0000, 0x0000, 0x0000, 0x0000, 0x0000, 0x0000, 0x0000, 0x0000, 0x0000, 0x0000, 0x0000, 0x0000, 0x0000, 0x0000,
  0x0000, 0x0000, 0x0000, 0x0000, 0x0000, 0x0000, 0x0000, 0x0000, 0x0000, 0x0000, 0x0000, 0x0000, 0x0000, 0x0000, 0x0000, 0x0000,
  0x0000, 0x0000, 0x0000, 0x0000, 0x0000, 0x0000, 0x0000, 0x0000, 0x0000, 0x0000, 0x0000, 0x0000, 0x0000, 0x0000, 0x0000, 0x0000,
  0x0000, 0x0000, 0x0000, 0x0000, 0x0000, 0x0000, 0x0000, 0x0000, 0x0000, 0x0000, 0x0000, 0x0000, 0x0000, 0x0000, 0x0000, 0x0000,
  0x0000, 0x0000, 0x0000, 0x0000, 0x0000, 0x0000, 0x0000, 0x0000, 0x0000, 0x0000, 0x0000, 0x0000, 0x0000, 0x0000, 0x0000, 0x0000,
  0x0000, 0x0000, 0x0000, 0x0000, 0x0000, 0x0000, 0x0000, 0x0000, 0x0000, 0x0000, 0x0000, 0x0000, 0x0000, 0x0000, 0x0000, 0x0000,
  0x0000, 0x0000, 0x0000, 0x0000, 0x0000, 0x0000, 0x0000, 0x0000, 0x0000, 0x0000, 0x0000, 0x0000, 0x0000, 0x0000, 0x0000, 0x0000,
  0x0000, 0x0000, 0x0000, 0x0000, 0x0000, 0x0000, 0x0000, 0x0000, 0x0000, 0x0000, 0x0000, 0x0000, 0x0000, 0x0000, 0x0000, 0x0000,
  0x0000, 0x0000, 0x0000, 0x0000, 0x0000, 0x0000, 0x0000, 0x0000, 0x0000, 0x0000, 0x0000, 0x0000, 0x0000, 0x0000, 0x0000, 0x0000,
  0x0000, 0x0000, 0x0000, 0x0000, 0x0000, 0x0000, 0x0000, 0x0000, 0x0000, 0x0000, 0x0000, 0x0000, 0x0000, 0x0000, 0x0000, 0x0000,
  0x0000, 0x0000, 0x0000, 0x0000, 0x0000, 0x0000, 0x0000, 0x0000, 0x0000, 0x0000, 0x0000, 0x0000, 0x0000, 0x0000, 0x0000, 0x0000,
  0x0000, 0x0000, 0x0000, 0x0000, 0x0000, 0x0000, 0x0000, 0x0000, 0x0000, 0x0000, 0x0000, 0x0000, 0x0000, 0x0000, 0x0000, 0x0000,
  0x0000, 0x0000, 0x0000, 0x0000, 0x0000, 0x0000, 0x0000, 0x0000, 0x0000, 0x0000, 0x0000, 0x0000, 0x0000, 0x0000, 0x0000, 0x0000,
  0x0000, 0x0000, 0x0000, 0x0000, 0x0000, 0x0000, 0x0000, 0x0000, 0x0000, 0x0000, 0x0000, 0x0000, 0x0000, 0x0000, 0x0000, 0x0000,
  0x0000, 0x0000, 0x0000, 0x0000, 0x0000, 0x0000, 0x0000, 0x0000, 0x0000, 0x0000, 0x0000, 0x0000, 0x0000, 0x0000, 0x0000, 0x0000,
  0x0000, 0x0000, 0x0000, 0x0000, 0x0000, 0x0000, 0x0000, 0x0000, 0x0000, 0x0000, 0x0000, 0x0000, 0x0000, 0x0000, 0x0000, 0x0000,
  0x0000, 0x0000, 0x0000, 0x0000, 0x0000, 0x0000, 0x0000, 0x0000, 0x0000, 0x0000, 0x0000, 0x0000, 0x0000, 0x0000, 0x0000, 0x0000,
  0x0000, 0x0000, 0x0000, 0x0000, 0x0000, 0x0000, 0x0000, 0x0000, 0x0000, 0x0000, 0x0000, 0x0000, 0x0000, 0x0000, 0x0000, 0x0000,
  0x0000, 0x0000, 0x0000, 0x0000, 0x0000, 0x0000, 0x0000, 0x0000, 0x0000, 0x0000, 0x0000, 0x0000, 0x0000, 0x0000, 0x0000, 0x0000,
  0x0000, 0x0000, 0x0000, 0x0000, 0x0000, 0x0000, 0x0000, 0x0000, 0x0000, 0x0000, 0x0000, 0x0000, 0x0000, 0x0000, 0x0000, 0x0000,
  0x0000, 0x0000, 0x0000, 0x0000, 0x0000, 0x0000, 0x0000, 0x0000, 0x0000, 0x0000, 0x0000, 0x0000, 0x0000, 0x0000, 0x0000, 0x0000,
  0x0000, 0x0000, 0x0000, 0x0000, 0x0000, 0x0000, 0x0000, 0x0000, 0x0000, 0x0000, 0x0000, 0x0000, 0x0000, 0x0000, 0x0000, 0x0000,
  0x0000, 0x0000, 0x0000, 0x0000, 0x0000, 0x0000, 0x0000, 0x0000, 0x0000, 0x0000, 0x0000, 0x0000, 0x0000, 0x0000, 0x0000, 0x0000,
  0x0000, 0x0000, 0x0000, 0x0000, 0x0000, 0x0000, 0x0000, 0x0000, 0x0000, 0x0000, 0x0000, 0x0000, 0x0000, 0x0000, 0x0000, 0x0000,
  0x0000, 0x0000, 0x0000, 0x0000, 0x0000, 0x0000, 0x0000, 0x0000, 0x0000, 0x0000, 0x0000, 0x0000, 0x0000, 0x0000, 0x0000, 0x0000,
  0x0000, 0x0000, 0x0000, 0x0000, 0x0000, 0x0000, 0x0000, 0x0000, 0x0000, 0x0000, 0x0000, 0x0000, 0x0000, 0x0000, 0x0000, 0x0000,
  0x0000, 0x0000, 0x0000, 0x0000, 0x0000, 0x0000, 0x0000, 0x0000, 0x0000, 0x0000, 0x0000, 0x0000, 0x0000, 0x0000, 0x0000, 0x0000,
  0x0000, 0x0000, 0x0000, 0x0000, 0x0000, 0x0000, 0x0000, 0x0000, 0x0000, 0x0000, 0x0000, 0x0000, 0x0000, 0x0000, 0x0000, 0x0000,
  0x0000, 0x0000, 0x0000, 0x0000, 0x0000, 0x0000, 0x0000, 0x0000, 0x0000, 0x0000, 0x0000, 0x0000, 0x0000, 0x0000, 0x0000, 0x0000,
  0x0000, 0x0000, 0x0000, 0x0000, 0x0000, 0x0000, 0x0000, 0x0000, 0x0000, 0x0000, 0x0000, 0x0000, 0x0000, 0x0000, 0x0000, 0x0000,
  0x0000, 0x0000, 0x0000, 0x0000, 0x0000, 0x0000, 0x0000, 0x0000, 0x0000, 0x0000, 0x0000, 0x0000, 0x0000, 0x0000, 0x0000, 0x0000,
  0x0000, 0x0000, 0x0000, 0x0000, 0x0000, 0x0000, 0x0000, 0x0000, 0x0000, 0x0000, 0x0000, 0x0000, 0x0000, 0x0000, 0x0000, 0x0000,
  0x0000, 0x0000, 0x0000, 0x0000, 0x0000, 0x0000, 0x0000, 0x0000, 0x0000, 0x0000, 0x0000, 0x0000, 0x0000, 0x0000, 0x0000, 0x0000,
  0x0000, 0x0000, 0x0000, 0x0000, 0x0000, 0x0000, 0x0000, 0x0000, 0x0000, 0x0000, 0x0000, 0x0000, 0x0000, 0x0000, 0x0000, 0x0000,
  0x0000, 0x0000, 0x0000, 0x0000, 0x0000, 0x0000, 0x0000, 0x0000, 0x0000, 0x0000, 0x0000, 0x0000, 0x0000, 0x0000, 0x0000, 0x0000,
  0x0000, 0x0000, 0x0000, 0x0000, 0x0000, 0x0000, 0x0000, 0x0000, 0x0000, 0x0000, 0x0000, 0x0000, 0x0000, 0x0000, 0x0000, 0x0000,
  0x0000, 0x0000, 0x0000, 0x0000, 0x0000, 0x0000, 0x0000, 0x0000, 0x0000, 0x0000, 0x0000, 0x0000, 0x0000, 0x0000, 0x0000, 0x0000,
  0x0000, 0x0000, 0x0000, 0x0000, 0x0000, 0x0000, 0x0000, 0x0000, 0x0000, 0x0000, 0x0000, 0x0000, 0x0000, 0x0000, 0x0000, 0x0000,
  0x0000, 0x0000, 0x0000, 0x0000, 0x0000, 0x0000, 0x0000, 0x0000, 0x0000, 0x0000, 0x0000, 0x0000, 0x0000, 0x0000, 0x0000, 0x0000,
  0x0000, 0x0000, 0x0000, 0x0000, 0x0000, 0x0000, 0x0000, 0x0000, 0x0000, 0x0000, 0x0000, 0x0000, 0x0000, 0x0000, 0x0000, 0x0000,
  0x0000, 0x0000, 0x0000, 0x0000, 0x0000, 0x0000, 0x0000, 0x0000, 0x0000, 0x0000, 0x0000, 0x0000, 0x0000, 0x0000, 0x0000, 0x0000,
  0x0000, 0x0000, 0x0000, 0x0000, 0x0000, 0x0000, 0x0000, 0x0000, 0x0000, 0x0000, 0x0000, 0x0000, 0x0000, 0x0000, 0x0000, 0x0000,
  0x0000, 0x0000, 0x0000, 0x0000, 0x0000, 0x0000, 0x0000, 0x0000, 0x0000, 0x0000, 0x0000, 0x0000, 0x0000, 0x0000, 0x0000, 0x0000,
  0x0000, 0x0000, 0x0000, 0x0000, 0x0000, 0x0000, 0x0000, 0x0000, 0x0000, 0x0000, 0x0000, 0x0000, 0x0000, 0x0000, 0x0000, 0x0000,
  0x0000, 0x0000, 0x0000, 0x0000, 0x0000, 0x0000, 0x0000, 0x0000, 0x0000, 0x0000, 0x0000, 0x0000, 0x0000, 0x0000, 0x0000, 0x0000,
  0x0000, 0x0000, 0x0000, 0x0000, 0x0000, 0x0000, 0x0000, 0x0000, 0x0000, 0x0000, 0x0000, 0x0000, 0x0000, 0x0000, 0x0000, 0x0000,
  0x0000, 0x0000, 0x0000, 0x0000, 0x0000, 0x0000, 0x0000, 0x0000, 0x0000, 0x0000, 0x0000, 0x0000, 0x0000, 0x0000, 0x0000, 0x0000,
  0x0000, 0x0000, 0x0000, 0x0000, 0x0000, 0x0000, 0x0000, 0x0000, 0x0000, 0x0000, 0x0000, 0x0000, 0x0000, 0x0000, 0x0000, 0x0000,
  0x0000, 0x0000, 0x0000, 0x0000, 0x0000, 0x0000, 0x0000, 0x0000, 0x0000, 0x0000, 0x0000, 0x0000, 0x0000, 0x0000, 0x0000, 0x0000,
  0x0000, 0x0000, 0x0000, 0x0000, 0x0000, 0x0000, 0x0000, 0x0000, 0x0000, 0x0000, 0x0000, 0x0000, 0x0000, 0x0000, 0x0000, 0x0000,
  0x0000, 0x0000, 0x0000, 0x0000, 0x0000, 0x0000, 0x0000, 0x0000, 0x0000, 0x0000, 0x0000, 0x0000, 0x0000, 0x0000, 0x0000, 0x0000,
  0x0000, 0x0000, 0x0000, 0x0000, 0x0000, 0x0000, 0x0000, 0x0000, 0x0000, 0x0000, 0x0000, 0x0000, 0x0000, 0x0000, 0x0000, 0x0000,
  0x0000, 0x0000, 0x0000, 0x0000, 0x0000, 0x0000, 0x0000, 0x0000, 0x0000, 0x0000, 0x0000, 0x0000, 0x0000, 0xD00D, 0x6806, 0x0000,
  0x0000, 0x0000, 0x9809, 0xD00D, 0x0000, 0x0000, 0x0000, 0x0000, 0x0000, 0x0000, 0xD00D, 0xD00D, 0x2001, 0x0000, 0x0000, 0x0000,
  0x0000, 0x0000, 0x0000, 0xD00D, 0xD00D, 0xD00D, 0xD00D, 0xD00D, 0x9809, 0x0000, 0x0000, 0x0000, 0x0000, 0xA80A, 0xD00D, 0x0000,
  0x0000, 0x0000, 0x0000, 0x0000, 0xB80B, 0xD00D, 0xD00D, 0xD00D, 0xC00C, 0x4003, 0x0000, 0x0000, 0x0000, 0x0000, 0x0000, 0x0000,
  0x0000, 0x0000, 0x0000, 0x0000, 0xD00D, 0xD00D, 0xD00D, 0xD00D, 0xD00D, 0xD00D, 0x0000, 0x0000, 0x0000, 0x0000, 0x0000, 0xB80B,
  0xD00D, 0xD00D, 0xD00D, 0xC00C, 0x4003, 0x0000, 0x0000, 0x0000, 0x0000, 0xB80B, 0xD00D, 0xD00D, 0xD00D, 0xD00D, 0xC00C, 0x0000,
  0x0000, 0x0000, 0x0000, 0x5805, 0xD00D, 0x0000, 0x0000, 0x4003, 0xD00D, 0x4003, 0x0000, 0x0000, 0x0000, 0x5805, 0xD00D, 0xD00D,
  0xD00D, 0xD00D, 0x5805, 0x0000, 0x0000, 0x0000, 0xA80A, 0xD00D, 0xD00D, 0xD00D, 0xD00D, 0x8808, 0x0000, 0x0000, 0x0000, 0x0000,
  0x0000, 0x0000, 0x0000, 0x0000, 0x0000, 0x0000, 0x9809, 0xD00D, 0xD00D, 0xD00D, 0xD00D, 0xD00D, 0x0000, 0x0000, 0x0000, 0x0000,
  0x0000, 0xB80B, 0xD00D, 0xD00D, 0xD00D, 0xC00C, 0x4003, 0x0000, 0x0000, 0x0000, 0x0000, 0xD00D, 0xD00D, 0x4003, 0x0000, 0x8808,
  0xD00D, 0x0000, 0x0000, 0x0000, 0x0000, 0xD00D, 0xD00D, 0xD00D, 0xD00D, 0xD00D, 0x5805, 0x0000, 0x0000, 0x0000, 0x0000, 0xA80A,
  0xD00D, 0xD00D, 0xD00D, 0xD00D, 0x9809, 0x0000, 0x0000, 0x0000, 0x0000, 0x9809, 0xD00D, 0xD00D, 0xD00D, 0xD00D, 0xD00D, 0x0000,
  0x0000, 0x0000, 0x0000, 0x0000, 0xA80A, 0x8808, 0x0000, 0x0000, 0x0000, 0x0000, 0x0000, 0x0000, 0x0000, 0x0000, 0x0000, 0x0000,
  0x0000, 0x0000, 0x0000, 0x0000, 0x0000, 0x0000, 0x0000, 0x0000, 0x0000, 0x0000, 0x0000, 0x0000, 0x0000, 0x0000, 0x0000, 0x0000,
  0x0000, 0x0000, 0x0000, 0x0000, 0x0000, 0x0000, 0x0000, 0x0000, 0x0000, 0x0000, 0x0000, 0x0000, 0x0000, 0x0000, 0x0000, 0x0000,
  0x0000, 0x0000, 0x0000, 0x0000, 0x0000, 0x0000, 0x0000, 0x0000, 0x0000, 0x0000, 0x0000, 0x0000, 0x0000, 0xF810, 0xA80A, 0x0000,
  0x0000, 0x0000, 0xD80E, 0xF810, 0x0000, 0x0000, 0x0000, 0x0000, 0x0000, 0x0000, 0xF810, 0xF810, 0x6806, 0x0000, 0x0000, 0x0000,
  0x0000, 0x0000, 0x0000, 0xF810, 0xF810, 0xF810, 0xF810, 0xF810, 0xF810, 0x0000, 0x0000, 0x0000, 0x0000, 0xD00D, 0xF810, 0x0000,
  0x0000, 0x0000, 0x0000, 0x6806, 0xF810, 0xF810, 0xF810, 0xF810, 0xF810, 0x9809, 0x0000, 0x0000, 0x0000, 0x0000, 0x0000, 0x0000,
  0x0000, 0x0000, 0x0000, 0x0000, 0xF810, 0xF810, 0xF810, 0xF810, 0xF810, 0xF810, 0x0000, 0x0000, 0x0000, 0x0000, 0x6806, 0xF810,
  0xF810, 0xF810, 0xF810, 0xF810, 0x9809, 0x0000, 0x0000, 0x0000, 0x0000, 0xF810, 0xF810, 0xF810, 0xF810, 0xF810, 0xF810, 0x0000,
  0x0000, 0x0000, 0x0000, 0x6806, 0xF810, 0x0000, 0x0000, 0xA80A, 0xD00D, 0x0000, 0x0000, 0x0000, 0x0000, 0x6806, 0xF810, 0xF810,
  0xF810, 0xF810, 0x6806, 0x0000, 0x0000, 0x0000, 0xD00D, 0xF810, 0xF810, 0xF810, 0xF810, 0x9809, 0x0000, 0x0000, 0x0000, 0x0000,
  0x0000, 0x0000, 0x0000, 0x0000, 0x0000, 0x0000, 0xF810, 0xF810, 0xF810, 0xF810, 0xF810, 0xF810, 0x0000, 0x0000, 0x0000, 0x0000,
  0x6806, 0xF810, 0xF810, 0xF810, 0xF810, 0xF810, 0x9809, 0x0000, 0x0000, 0x0000, 0x0000, 0xF810, 0xF810, 0x9809, 0x0000, 0x9809,
  0xF810, 0x0000, 0x0000, 0x0000, 0x0000, 0xF810, 0xF810, 0xF810, 0xF810, 0xF810, 0x6806, 0x0000, 0x0000, 0x0000, 0x0000, 0xD00D,
  0xF810, 0xF810, 0xF810, 0xF810, 0xF810, 0x0000, 0x0000, 0x0000, 0x0000, 0xF810, 0xF810, 0xF810, 0xF810, 0xF810, 0xF810, 0x0000,
  0x0000, 0x0000, 0x0000, 0x0000, 0xD00D, 0x9809, 0x0000, 0x0000, 0x0000, 0x0000, 0x0000, 0x0000, 0x0000, 0x0000, 0x0000, 0x0000,
  0x0000, 0x0000, 0x0000, 0x0000, 0x0000, 0x0000, 0x0000, 0x0000, 0x0000, 0x0000, 0x0000, 0x0000, 0x0000, 0x0000, 0x0000, 0x0000,
  0x0000, 0x0000, 0x0000, 0x0000, 0x0000, 0x0000, 0x0000, 0x0000, 0x0000, 0x0000, 0x0000, 0x0000, 0x0000, 0x0000, 0x0000, 0x0000,
  0x0000, 0x0000, 0x0000, 0x0000, 0x0000, 0x0000, 0x0000, 0x0000, 0x0000, 0x0000, 0x0000, 0x0000, 0x0000, 0xF810, 0xE80F, 0x0000,
  0x0000, 0x4003, 0xF810, 0xF810, 0x0000, 0x0000, 0x0000, 0x0000, 0x0000, 0x0000, 0xF810, 0xF810, 0x9809, 0x0000, 0x0000, 0x0000,
  0x0000, 0x0000, 0x0000, 0xF810, 0xD00D, 0x9809, 0xB80B, 0xF810, 0xF810, 0x0000, 0x0000, 0x0000, 0x0000, 0xD00D, 0xF810, 0x0000,
  0x0000, 0x0000, 0x0000, 0x6806, 0xF810, 0x9809, 0x9809, 0x9809, 0xF810, 0x9809, 0x0000, 0x0000, 0x0000, 0x0000, 0x0000, 0x0000,
  0x0000, 0x0000, 0x0000, 0x0000, 0xF810, 0xF810, 0xB80B, 0x9809, 0xD00D, 0xF810, 0x0000, 0x0000, 0x0000, 0x0000, 0x6806, 0xF810,
  0x9809, 0x9809, 0x9809, 0xF810, 0x9809, 0x0000, 0x0000, 0x0000, 0x0000, 0xF810, 0xF810, 0x9809, 0x9809, 0xE80F, 0xF810, 0x0000,
  0x0000, 0x0000, 0x0000, 0x6806, 0xF810, 0x0000, 0x2001, 0xF00F, 0x8808, 0x0000, 0x0000, 0x0000, 0x0000, 0x6806, 0xF810, 0x9809,
  0x9809, 0x9809, 0x4003, 0x0000, 0x0000, 0x0000, 0x8808, 0xB80B, 0xF810, 0xF810, 0x9809, 0x6806, 0x0000, 0x0000, 0x0000, 0x0000,
  0x0000, 0x0000, 0x0000, 0x0000, 0x0000, 0x0000, 0xF810, 0xF810, 0xB80B, 0x9809, 0xD00D, 0xF810, 0x0000, 0x0000, 0x0000, 0x0000,
  0x6806, 0xF810, 0x9809, 0x9809, 0x9809, 0xF810, 0x9809, 0x0000, 0x0000, 0x0000, 0x0000, 0xF810, 0xF810, 0xE80F, 0x0000, 0x9809,
  0xF810, 0x0000, 0x0000, 0x0000, 0x0000, 0x9809, 0x9809, 0xF810, 0xE80F, 0x9809, 0x4003, 0x0000, 0x0000, 0x0000, 0x0000, 0xD00D,
  0xD00D, 0x9809, 0x9809, 0xF810, 0xF810, 0x0000, 0x0000, 0x0000, 0x0000, 0xF810, 0xF810, 0xB80B, 0x9809, 0xD00D, 0xF810, 0x0000,
  0x0000, 0x0000, 0x0000, 0x0000, 0xD00D, 0x9809, 0x0000, 0x0000, 0x0000, 0x0000, 0x0000, 0x0000, 0x0000, 0x0000, 0x0000, 0x0000,
  0x0000, 0x0000, 0x0000, 0x0000, 0x0000, 0x0000, 0x0000, 0x0000, 0x0000, 0x0000, 0x0000, 0x0000, 0x0000, 0x0000, 0x0000, 0x0000,
  0x0000, 0x0000, 0x0000, 0x0000, 0x0000, 0x0000, 0x0000, 0x0000, 0x0000, 0x0000, 0x0000, 0x0000, 0x0000, 0x0000, 0x0000, 0x0000,
  0x0000, 0x0000, 0x0000, 0x0000, 0x0000, 0x0000, 0x0000, 0x0000, 0x0000, 0x0000, 0x0000, 0x0000, 0x0000, 0xF810, 0xF810, 0x5805,
  0x0000, 0x9809, 0xF810, 0xF810, 0x0000, 0x0000, 0x0000, 0x0000, 0x0000, 0x0000, 0xF810, 0xF810, 0xB80B, 0x0000, 0x0000, 0x0000,
  0x0000, 0x0000, 0x0000, 0xF810, 0x9809, 0x0000, 0x6806, 0xF810, 0xF810, 0x0000, 0x0000, 0x0000, 0x0000, 0xD00D, 0xF810, 0x0000,
  0x0000, 0x0000, 0x0000, 0x6806, 0xF810, 0x0000, 0x0000, 0x0000, 0xF810, 0x9809, 0x0000, 0x0000, 0x0000, 0x0000, 0x0000, 0x0000,
  0x0000, 0x0000, 0x0000, 0x0000, 0xF810, 0xF810, 0x6806, 0x0000, 0x9809, 0xF810, 0x0000, 0x0000, 0x0000, 0x0000, 0x6806, 0xF810,
  0x0000, 0x0000, 0x0000, 0xF810, 0x9809, 0x0000, 0x0000, 0x0000, 0x0000, 0xF810, 0xF810, 0x0000, 0x0000, 0xD00D, 0xF810, 0x0000,
  0x0000, 0x0000, 0x0000, 0x6806, 0xF810, 0x0000, 0x9809, 0xF810, 0x0000, 0x0000, 0x0000, 0x0000, 0x0000, 0x6806, 0xF810, 0x0000,
  0x0000, 0x0000, 0x0000, 0x0000, 0x0000, 0x0000, 0x0000, 0x6806, 0xF810, 0xF810, 0x0000, 0x0000, 0x0000, 0x0000, 0x0000, 0x0000,
  0x0000, 0x0000, 0x0000, 0x0000, 0x0000, 0x0000, 0xF810, 0xF810, 0x6806, 0x0000, 0x9809, 0xF810, 0x0000, 0x0000, 0x0000, 0x0000,
  0x6806, 0xF810, 0x0000, 0x0000, 0x0000, 0xF810, 0x9809, 0x0000, 0x0000, 0x0000, 0x0000, 0xF810, 0xF810, 0xF810, 0x0000, 0x9809,
  0xF810, 0x0000, 0x0000, 0x0000, 0x0000, 0x0000, 0x0000, 0xF810, 0xD00D, 0x0000, 0x0000, 0x0000, 0x0000, 0x0000, 0x0000, 0xD00D,
  0x9809, 0x0000, 0x0000, 0xF810, 0xF810, 0x0000, 0x0000, 0x0000, 0x0000, 0xF810, 0xF810, 0x6806, 0x0000, 0x9809, 0xF810, 0x0000,
  0x0000, 0x0000, 0x0000, 0x0000, 0xD00D, 0x9809, 0x0000, 0x0000, 0x0000, 0x0000, 0x0000, 0x0000, 0x0000, 0x0000, 0x0000, 0x0000,
  0x0000, 0x0000, 0x0000, 0x0000, 0x0000, 0x0000, 0x0000, 0x0000, 0x0000, 0x0000, 0x0000, 0x0000, 0x0000, 0x0000, 0x0000, 0x0000,
  0x0000, 0x0000, 0x0000, 0x0000, 0x0000, 0x0000, 0x0000, 0x0000, 0x0000, 0x0000, 0x0000, 0x0000, 0x0000, 0x0000, 0x0000, 0x0000,
  0x0000, 0x0000, 0x0000, 0x0000, 0x0000, 0x0000, 0x0000, 0x0000, 0x0000, 0x0000, 0x0000, 0x0000, 0x0000, 0xF810, 0xF810, 0x9809,
  0x0000, 0xC00C, 0xF810, 0xF810, 0x0000, 0x0000, 0x0000, 0x0000, 0x0000, 0x2001, 0xD00D, 0xF810, 0xD80E, 0x0000, 0x0000, 0x0000,
  0x0000, 0x0000, 0x0000, 0xF810, 0x9809, 0x0000, 0x6806, 0xF810, 0xF810, 0x0000, 0x0000, 0x0000, 0x0000, 0xD00D, 0xF810, 0x0000,
  0x0000, 0x0000, 0x0000, 0x6806, 0xF810, 0x0000, 0x0000, 0x0000, 0xF810, 0x9809, 0x0000, 0x0000, 0x0000, 0x0000, 0x0000, 0x0000,
  0x0000, 0x0000, 0x0000, 0x0000, 0xF810, 0xF810, 0x6806, 0x0000, 0x9809, 0xF810, 0x0000, 0x0000, 0x0000, 0x0000, 0x6806, 0xF810,
  0x0000, 0x0000, 0x0000, 0xF810, 0x9809, 0x0000, 0x0000, 0x0000, 0x0000, 0xF810, 0xF810, 0x0000, 0x0000, 0xD00D, 0xF810, 0x0000,
  0x0000, 0x0000, 0x0000, 0x6806, 0xF810, 0x0000, 0xE80F, 0xF810, 0x0000, 0x0000, 0x0000, 0x0000, 0x0000, 0x6806, 0xF810, 0x0000,
  0x0000, 0x0000, 0x0000, 0x0000, 0x0000, 0x0000, 0x0000, 0x6806, 0xF810, 0xF810, 0x0000, 0x0000, 0x0000, 0x0000, 0x0000, 0x0000,
  0x0000, 0x0000, 0x0000, 0x0000, 0x0000, 0x0000, 0xF810, 0xF810, 0x6806, 0x0000, 0x9809, 0xF810, 0x0000, 0x0000, 0x0000, 0x0000,
  0x6806, 0xF810, 0x0000, 0x0000, 0x0000, 0xF810, 0x9809, 0x0000, 0x0000, 0x0000, 0x0000, 0xF810, 0xF810, 0xF810, 0x0000, 0x9809,
  0xF810, 0x0000, 0x0000, 0x0000, 0x0000, 0x0000, 0x0000, 0xF810, 0xD00D, 0x0000, 0x0000, 0x0000, 0x0000, 0x0000, 0x0000, 0xD00D,
  0x9809, 0x0000, 0x0000, 0xF810, 0xF810, 0x0000, 0x0000, 0x0000, 0x0000, 0xF810, 0xF810, 0x6806, 0x0000, 0x9809, 0xF810, 0x0000,
  0x0000, 0x0000, 0x0000, 0x0000, 0xD00D, 0x9809, 0x0000, 0x0000, 0x0000, 0x0000, 0x0000, 0x0000, 0x0000, 0x0000, 0x0000, 0x0000,
  0x0000, 0x0000, 0x0000, 0x0000, 0x0000, 0x0000, 0x0000, 0x0000, 0x0000, 0x0000, 0x0000, 0x0000, 0x0000, 0x0000, 0x0000, 0x0000,
  0x0000, 0x0000, 0x0000, 0x0000, 0x0000, 0x0000, 0x0000, 0x0000, 0x0000, 0x0000, 0x0000, 0x0000, 0x0000, 0x0000, 0x0000, 0x0000,
  0x0000, 0x0000, 0x0000, 0x0000, 0x0000, 0x0000, 0x0000, 0x0000, 0x0000, 0x0000, 0x0000, 0x0000, 0x0000, 0xF810, 0xF810, 0xD80E,
  0x0000, 0xF810, 0xF810, 0xF810, 0x0000, 0x0000, 0x0000, 0x0000, 0x0000, 0x6806, 0xB80B, 0xE80F, 0xF810, 0x0000, 0x0000, 0x0000,
  0x0000, 0x0000, 0x0000, 0xF810, 0x9809, 0x0000, 0x0000, 0x0000, 0x0000, 0x0000, 0x0000, 0x0000, 0x0000, 0xD00D, 0xF810, 0x0000,
  0x0000, 0x0000, 0x0000, 0x6806, 0xF810, 0x0000, 0x0000, 0x0000, 0x9809, 0x6806, 0x0000, 0x0000, 0x0000, 0x0000, 0x0000, 0x0000,
  0x0000, 0x0000, 0x0000, 0x0000, 0xF810, 0xF810, 0x6806, 0x0000, 0x9809, 0xF810, 0x0000, 0x0000, 0x0000, 0x0000, 0x6806, 0xF810,
  0x0000, 0x0000, 0x0000, 0xF810, 0x9809, 0x0000, 0x0000, 0x0000, 0x0000, 0xF810, 0xF810, 0x0000, 0x0000, 0x8808, 0x9809, 0x0000,
  0x0000, 0x0000, 0x0000, 0x6806, 0xF810, 0x8808, 0xF810, 0xF00F, 0x0000, 0x0000, 0x0000, 0x0000, 0x0000, 0x6806, 0xF810, 0x0000,
  0x0000, 0x0000, 0x0000, 0x0000, 0x0000, 0x0000, 0x0000, 0x6806, 0xF810, 0xF810, 0x0000, 0x0000, 0x0000, 0x0000, 0x0000, 0x0000,
  0x0000, 0x0000, 0x0000, 0x0000, 0x0000, 0x0000, 0xF810, 0xF810, 0x6806, 0x0000, 0x6806, 0x9809, 0x0000, 0x0000, 0x0000, 0x0000,
  0x6806, 0xF810, 0x0000, 0x0000, 0x0000, 0xF810, 0x9809, 0x0000, 0x0000, 0x0000, 0x0000, 0xF810, 0xF810, 0xF810, 0x0000, 0x9809,
  0xF810, 0x0000, 0x0000, 0x0000, 0x0000, 0x0000, 0x0000, 0xF810, 0xD00D, 0x0000, 0x0000, 0x0000, 0x0000, 0x0000, 0x0000, 0xD00D,
  0x9809, 0x0000, 0x0000, 0xF810, 0xF810, 0x0000, 0x0000, 0x0000, 0x0000, 0xF810, 0xF810, 0x6806, 0x0000, 0x9809, 0xF810, 0x0000,
  0x0000, 0x0000, 0x0000, 0x0000, 0xD00D, 0x9809, 0x0000, 0x0000, 0x0000, 0x0000, 0x0000, 0x0000, 0x0000, 0x0000, 0x0000, 0x0000,
  0x0000, 0x0000, 0x0000, 0x0000, 0x0000, 0x0000, 0x0000, 0x0000, 0x0000, 0x0000, 0x0000, 0x0000, 0x0000, 0x0000, 0x0000, 0x0000,
  0x0000, 0x0000, 0x0000, 0x0000, 0x0000, 0x0000, 0x0000, 0x0000, 0x0000, 0x0000, 0x0000, 0x0000, 0x0000, 0x0000, 0x0000, 0x0000,
  0x0000, 0x0000, 0x0000, 0x0000, 0x0000, 0x0000, 0x0000, 0x0000, 0x0000, 0x0000, 0x0000, 0x0000, 0x0000, 0xF810, 0xF810, 0xF810,
  0x2001, 0xF810, 0xF810, 0xF810, 0x0000, 0x0000, 0x0000, 0x0000, 0x0000, 0x9809, 0x9809, 0xD00D, 0xF810, 0x0000, 0x0000, 0x0000,
  0x0000, 0x0000, 0x0000, 0xF810, 0x9809, 0x0000, 0x0000, 0x0000, 0x0000, 0x0000, 0x0000, 0x0000, 0x0000, 0xD00D, 0xF810, 0x0000,
  0x0000, 0x0000, 0x0000, 0x6806, 0xF810, 0x0000, 0x0000, 0x0000, 0x0000, 0x0000, 0x0000, 0x0000, 0x0000, 0x0000, 0x0000, 0x0000,
  0x0000, 0x0000, 0x0000, 0x0000, 0xF810, 0xF810, 0x6806, 0x0000, 0x9809, 0xF810, 0x0000, 0x0000, 0x0000, 0x0000, 0x6806, 0xF810,
  0x0000, 0x0000, 0x0000, 0xF810, 0x9809, 0x0000, 0x0000, 0x0000, 0x0000, 0xF810, 0xF810, 0x0000, 0x0000, 0x0000, 0x0000, 0x0000,
  0x0000, 0x0000, 0x0000, 0x6806, 0xF810, 0xD80E, 0xF810, 0xB80B, 0x0000, 0x0000, 0x0000, 0x0000, 0x0000, 0x6806, 0xF810, 0x6806,
  0x6806, 0x5805, 0x0000, 0x0000, 0x0000, 0x0000, 0x0000, 0x6806, 0xF810, 0xF810, 0x0000, 0x0000, 0x0000, 0x0000, 0x0000, 0x0000,
  0x0000, 0x0000, 0x0000, 0x0000, 0x0000, 0x0000, 0xF810, 0xF810, 0x6806, 0x0000, 0x0000, 0x0000, 0x0000, 0x0000, 0x0000, 0x0000,
  0x6806, 0xF810, 0x0000, 0x0000, 0x0000, 0xF810, 0x9809, 0x0000, 0x0000, 0x0000, 0x0000, 0xF810, 0xF810, 0xF00F, 0x8808, 0x9809,
  0xF810, 0x0000, 0x0000, 0x0000, 0x0000, 0x0000, 0x0000, 0xF810, 0xD00D, 0x0000, 0x0000, 0x0000, 0x0000, 0x0000, 0x0000, 0xD00D,
  0x9809, 0x0000, 0x0000, 0xF810, 0xF810, 0x0000, 0x0000, 0x0000, 0x0000, 0xF810, 0xF810, 0x6806, 0x0000, 0x9809, 0xF810, 0x0000,
  0x0000, 0x0000, 0x0000, 0x0000, 0xD00D, 0x9809, 0x0000, 0x0000, 0x0000, 0x0000, 0x0000, 0x0000, 0x0000, 0x0000, 0x0000, 0x0000,
  0x0000, 0x0000, 0x0000, 0x0000, 0x0000, 0x0000, 0x0000, 0x0000, 0x0000, 0x0000, 0x0000, 0x0000, 0x0000, 0x0000, 0x0000, 0x0000,
  0x0000, 0x0000, 0x0000, 0x0000, 0x0000, 0x0000, 0x0000, 0x0000, 0x0000, 0x0000, 0x0000, 0x0000, 0x0000, 0x0000, 0x0000, 0x0000,
  0x0000, 0x0000, 0x0000, 0x0000, 0x0000, 0x0000, 0x0000, 0x0000, 0x0000, 0x0000, 0x0000, 0x0000, 0x0000, 0xF810, 0xE80F, 0xF810,
  0x8808, 0xF810, 0xE80F, 0xF810, 0x0000, 0x0000, 0x0000, 0x0000, 0x0000, 0xB80B, 0x6806, 0x9809, 0xF810, 0x0000, 0x0000, 0x0000,
  0x0000, 0x0000, 0x0000, 0xF810, 0x9809, 0x0000, 0x9809, 0x9809, 0x9809, 0x0000, 0x0000, 0x0000, 0x0000, 0xD00D, 0xF810, 0x0000,
  0x0000, 0x0000, 0x0000, 0x6806, 0xF810, 0x0000, 0x0000, 0x0000, 0x0000, 0x0000, 0x0000, 0x0000, 0x0000, 0x0000, 0x0000, 0x0000,
  0x0000, 0x0000, 0x0000, 0x0000, 0xF810, 0xF810, 0x6806, 0x0000, 0x9809, 0xF810, 0x0000, 0x0000, 0x0000, 0x0000, 0x6806, 0xF810,
  0x0000, 0x0000, 0x0000, 0xF810, 0x9809, 0x0000, 0x0000, 0x0000, 0x0000, 0xF810, 0xF810, 0x0000, 0x0000, 0x0000, 0x0000, 0x0000,
  0x0000, 0x0000, 0x0000, 0x6806, 0xF810, 0xF810, 0xF810, 0x4003, 0x0000, 0x0000, 0x0000, 0x0000, 0x0000, 0x6806, 0xF810, 0xF810,
  0xF810, 0xD00D, 0x0000, 0x0000, 0x0000, 0x0000, 0x0000, 0x6806, 0xF810, 0xF810, 0x0000, 0x0000, 0x0000, 0x0000, 0x0000, 0x0000,
  0x0000, 0x0000, 0x0000, 0x0000, 0x0000, 0x0000, 0xF810, 0xF810, 0x6806, 0x0000, 0x0000, 0x0000, 0x0000, 0x0000, 0x0000, 0x0000,
  0x6806, 0xF810, 0x0000, 0x0000, 0x0000, 0xF810, 0x9809, 0x0000, 0x0000, 0x0000, 0x0000, 0xF810, 0xF810, 0xB80B, 0xC00C, 0x9809,
  0xF810, 0x0000, 0x0000, 0x0000, 0x0000, 0x0000, 0x0000, 0xF810, 0xD00D, 0x0000, 0x0000, 0x0000, 0x0000, 0x0000, 0x0000, 0xD00D,
  0x9809, 0xA80A, 0xD00D, 0xF810, 0xF810, 0x0000, 0x0000, 0x0000, 0x0000, 0xF810, 0xF810, 0x6806, 0x0000, 0x9809, 0xF810, 0x0000,
  0x0000, 0x0000, 0x0000, 0x0000, 0xD00D, 0x9809, 0x0000, 0x0000, 0x0000, 0x0000, 0x0000, 0x0000, 0x0000, 0x0000, 0x0000, 0x0000,
  0x0000, 0x0000, 0x0000, 0x0000, 0x0000, 0x0000, 0x0000, 0x0000, 0x0000, 0x0000, 0x0000, 0x0000, 0x0000, 0x0000, 0x0000, 0x0000,
  0x0000, 0x0000, 0x0000, 0x0000, 0x0000, 0x0000, 0x0000, 0x0000, 0x0000, 0x0000, 0x0000, 0x0000, 0x0000, 0x0000, 0x0000, 0x0000,
  0x0000, 0x0000, 0x0000, 0x0000, 0x0000, 0x0000, 0x0000, 0x0000, 0x0000, 0x0000, 0x0000, 0x0000, 0x0000, 0xF810, 0xB80B, 0xF810,
  0xC00C, 0xF810, 0xB80B, 0xF810, 0x0000, 0x0000, 0x0000, 0x0000, 0x0000, 0xD80E, 0x5805, 0x9809, 0xF810, 0x0000, 0x0000, 0x0000,
  0x0000, 0x0000, 0x0000, 0xF810, 0x9809, 0x0000, 0xF810, 0xF810, 0xF810, 0x0000, 0x0000, 0x0000, 0x0000, 0xD00D, 0xF810, 0x0000,
  0x0000, 0x0000, 0x0000, 0x6806, 0xF810, 0x0000, 0x0000, 0x0000, 0x0000, 0x0000, 0x0000, 0x0000, 0x0000, 0x0000, 0x0000, 0x0000,
  0x0000, 0x0000, 0x0000, 0x0000, 0xF810, 0xF810, 0xF810, 0xF810, 0xF810, 0xF810, 0x0000, 0x0000, 0x0000, 0x0000, 0x6806, 0xF810,
  0x0000, 0x0000, 0x0000, 0xF810, 0x9809, 0x0000, 0x0000, 0x0000, 0x0000, 0xF810, 0xF810, 0x0000, 0x0000, 0x0000, 0x0000, 0x0000,
  0x0000, 0x0000, 0x0000, 0x6806, 0xF810, 0xF810, 0xF810, 0x6806, 0x0000, 0x0000, 0x0000, 0x0000, 0x0000, 0x6806, 0xF810, 0xF810,
  0xF810, 0xD00D, 0x0000, 0x0000, 0x0000, 0x0000, 0x0000, 0x6806, 0xF810, 0xF810, 0x0000, 0x0000, 0x0000, 0x0000, 0x0000, 0x0000,
  0x0000, 0x0000, 0x0000, 0x0000, 0x0000, 0x0000, 0xF810, 0xF810, 0x6806, 0x0000, 0x0000, 0x0000, 0x0000, 0x0000, 0x0000, 0x0000,
  0x6806, 0xF810, 0x0000, 0x0000, 0x0000, 0xF810, 0x9809, 0x0000, 0x0000, 0x0000, 0x0000, 0xF810, 0xF810, 0x7807, 0xF810, 0xB80B,
  0xF810, 0x0000, 0x0000, 0x0000, 0x0000, 0x0000, 0x0000, 0xF810, 0xD00D, 0x0000, 0x0000, 0x0000, 0x0000, 0x0000, 0x0000, 0xD00D,
  0x9809, 0xD00D, 0xF810, 0xD00D, 0x9809, 0x0000, 0x0000, 0x0000, 0x0000, 0xF810, 0xF810, 0x6806, 0x0000, 0x9809, 0xF810, 0x0000,
  0x0000, 0x0000, 0x0000, 0x0000, 0xD00D, 0x9809, 0x0000, 0x0000, 0x0000, 0x0000, 0x0000, 0x0000, 0x0000, 0x0000, 0x0000, 0x0000,
  0x0000, 0x0000, 0x0000, 0x0000, 0x0000, 0x0000, 0x0000, 0x0000, 0x0000, 0x0000, 0x0000, 0x0000, 0x0000, 0x0000, 0x0000, 0x0000,
  0x0000, 0x0000, 0x0000, 0x0000, 0x0000, 0x0000, 0x0000, 0x0000, 0x0000, 0x0000, 0x0000, 0x0000, 0x0000, 0x0000, 0x0000, 0x0000,
  0x0000, 0x0000, 0x0000, 0x0000, 0x0000, 0x0000, 0x0000, 0x0000, 0x0000, 0x0000, 0x0000, 0x0000, 0x0000, 0xF810, 0x7807, 0xF810,
  0xD80E, 0xD80E, 0x9809, 0xF810, 0x0000, 0x0000, 0x0000, 0x0000, 0x0000, 0xF810, 0x0000, 0x6806, 0xF810, 0x0000, 0x0000, 0x0000,
  0x0000, 0x0000, 0x0000, 0xF810, 0x9809, 0x0000, 0xD80E, 0xF810, 0xF810, 0x0000, 0x0000, 0x0000, 0x0000, 0xD00D, 0xF810, 0x0000,
  0x0000, 0x0000, 0x0000, 0x6806, 0xF810, 0x0000, 0x0000, 0x0000, 0x0000, 0x0000, 0x0000, 0x0000, 0x0000, 0x0000, 0x0000, 0x0000,
  0x0000, 0x0000, 0x0000, 0x0000, 0xF810, 0xF810, 0xF810, 0xF810, 0xF810, 0xF810, 0x0000, 0x0000, 0x0000, 0x0000, 0x6806, 0xF810,
  0x0000, 0x0000, 0x0000, 0xF810, 0x9809, 0x0000, 0x0000, 0x0000, 0x0000, 0xF810, 0xF810, 0x0000, 0x0000, 0x0000, 0x0000, 0x0000,
  0x0000, 0x0000, 0x0000, 0x6806, 0xF810, 0xD00D, 0xF810, 0xD00D, 0x0000, 0x0000, 0x0000, 0x0000, 0x0000, 0x6806, 0xF810, 0x0000,
  0x0000, 0x0000, 0x0000, 0x0000, 0x0000, 0x0000, 0x0000, 0x6806, 0xF810, 0xF810, 0x0000, 0x0000, 0x0000, 0x0000, 0x0000, 0x0000,
  0x0000, 0x0000, 0x0000, 0x0000, 0x0000, 0x0000, 0xF810, 0xF810, 0x6806, 0x0000, 0x0000, 0x0000, 0x0000, 0x0000, 0x0000, 0x0000,
  0x6806, 0xF810, 0x0000, 0x0000, 0x0000, 0xF810, 0x9809, 0x0000, 0x0000, 0x0000, 0x0000, 0xF810, 0xF810, 0x6806, 0xF810, 0xE80F,
  0xF810, 0x0000, 0x0000, 0x0000, 0x0000, 0x0000, 0x0000, 0xF810, 0xD00D, 0x0000, 0x0000, 0x0000, 0x0000, 0x0000, 0x0000, 0xD00D,
  0x9809, 0x8808, 0xF810, 0x4003, 0x0000, 0x0000, 0x0000, 0x0000, 0x0000, 0xF810, 0xF810, 0x6806, 0x0000, 0x9809, 0xF810, 0x0000,
  0x0000, 0x0000, 0x0000, 0x0000, 0xD00D, 0x9809, 0x0000, 0x0000, 0x0000, 0x0000, 0x0000, 0x0000, 0x0000, 0x0000, 0x0000, 0x0000,
  0x0000, 0x0000, 0x0000, 0x0000, 0x0000, 0x0000, 0x0000, 0x0000, 0x0000, 0x0000, 0x0000, 0x0000, 0x0000, 0x0000, 0x0000, 0x0000,
  0x0000, 0x0000, 0x0000, 0x0000, 0x0000, 0x0000, 0x0000, 0x0000, 0x0000, 0x0000, 0x0000, 0x0000, 0x0000, 0x0000, 0x0000, 0x0000,
  0x0000, 0x0000, 0x0000, 0x0000, 0x0000, 0x0000, 0x0000, 0x0000, 0x0000, 0x0000, 0x0000, 0x0000, 0x0000, 0xF810, 0x6806, 0xD80E,
  0xF810, 0xA80A, 0x9809, 0xF810, 0x0000, 0x0000, 0x0000, 0x0000, 0x6806, 0xF810, 0x0000, 0x2001, 0xF810, 0x0000, 0x0000, 0x0000,
  0x0000, 0x0000, 0x0000, 0xF810, 0x9809, 0x0000, 0x6806, 0xF810, 0xF810, 0x0000, 0x0000, 0x0000, 0x0000, 0xD00D, 0xF810, 0x0000,
  0x0000, 0x0000, 0x0000, 0x6806, 0xF810, 0x0000, 0x0000, 0x0000, 0x6806, 0x4003, 0x0000, 0x0000, 0x0000, 0x0000, 0x0000, 0x0000,
  0x0000, 0x0000, 0x0000, 0x0000, 0xF810, 0xF810, 0x9809, 0x6806, 0x6806, 0x6806, 0x0000, 0x0000, 0x0000, 0x0000, 0x6806, 0xF810,
  0x0000, 0x0000, 0x0000, 0xF810, 0x9809, 0x0000, 0x0000, 0x0000, 0x0000, 0xF810, 0xF810, 0x0000, 0x0000, 0x5805, 0x6806, 0x0000,
  0x0000, 0x0000, 0x0000, 0x6806, 0xF810, 0x6806, 0xF810, 0xF810, 0x0000, 0x0000, 0x0000, 0x0000, 0x0000, 0x6806, 0xF810, 0x0000,
  0x0000, 0x0000, 0x0000, 0x0000, 0x0000, 0x0000, 0x0000, 0x6806, 0xF810, 0xF810, 0x0000, 0x0000, 0x0000, 0x0000, 0x0000, 0x0000,
  0x0000, 0x0000, 0x0000, 0x0000, 0x0000, 0x0000, 0xF810, 0xF810, 0x6806, 0x0000, 0x4003, 0x6806, 0x0000, 0x0000, 0x0000, 0x0000,
  0x6806, 0xF810, 0x0000, 0x0000, 0x0000, 0xF810, 0x9809, 0x0000, 0x0000, 0x0000, 0x0000, 0xF810, 0xF810, 0x6806, 0xF810, 0xF810,
  0xF810, 0x0000, 0x0000, 0x0000, 0x0000, 0x0000, 0x0000, 0xF810, 0xD00D, 0x0000, 0x0000, 0x0000, 0x0000, 0x0000, 0x0000, 0xD00D,
  0x9809, 0x2001, 0xF00F, 0x9809, 0x0000, 0x0000, 0x0000, 0x0000, 0x0000, 0xF810, 0xF810, 0x6806, 0x0000, 0x9809, 0xF810, 0x0000,
  0x0000, 0x0000, 0x0000, 0x0000, 0xD00D, 0x9809, 0x0000, 0x0000, 0x0000, 0x0000, 0x0000, 0x0000, 0x0000, 0x0000, 0x0000, 0x0000,
  0x0000, 0x0000, 0x0000, 0x0000, 0x0000, 0x0000, 0x0000, 0x0000, 0x0000, 0x0000, 0x0000, 0x0000, 0x0000, 0x0000, 0x0000, 0x0000,
  0x0000, 0x0000, 0x0000, 0x0000, 0x0000, 0x0000, 0x0000, 0x0000, 0x0000, 0x0000, 0x0000, 0x0000, 0x0000, 0x0000, 0x0000, 0x0000,
  0x0000, 0x0000, 0x0000, 0x0000, 0x0000, 0x0000, 0x0000, 0x0000, 0x0000, 0x0000, 0x0000, 0x0000, 0x0000, 0xF810, 0x6806, 0xA80A,
  0xF810, 0x7807, 0x9809, 0xF810, 0x0000, 0x0000, 0x0000, 0x0000, 0x8808, 0xF810, 0xF810, 0xF810, 0xF810, 0x5805, 0x0000, 0x0000,
  0x0000, 0x0000, 0x0000, 0xF810, 0x9809, 0x0000, 0x6806, 0xF810, 0xF810, 0x0000, 0x0000, 0x0000, 0x0000, 0xD00D, 0xF810, 0x0000,
  0x0000, 0x0000, 0x0000, 0x6806, 0xF810, 0x0000, 0x0000, 0x0000, 0xF810, 0x9809, 0x0000, 0x0000, 0x0000, 0x0000, 0x0000, 0x0000,
  0x0000, 0x0000, 0x0000, 0x0000, 0xF810, 0xF810, 0x6806, 0x0000, 0x0000, 0x0000, 0x0000, 0x0000, 0x0000, 0x0000, 0x6806, 0xF810,
  0x0000, 0x0000, 0x0000, 0xF810, 0x9809, 0x0000, 0x0000, 0x0000, 0x0000, 0xF810, 0xF810, 0x0000, 0x0000, 0xD00D, 0xF810, 0x0000,
  0x0000, 0x0000, 0x0000, 0x6806, 0xF810, 0x0000, 0xD00D, 0xF810, 0x0000, 0x0000, 0x0000, 0x0000, 0x0000, 0x6806, 0xF810, 0x0000,
  0x0000, 0x0000, 0x0000, 0x0000, 0x0000, 0x0000, 0x0000, 0x6806, 0xF810, 0xF810, 0x0000, 0x0000, 0x0000, 0x0000, 0x0000, 0x0000,
  0x0000, 0x0000, 0x0000, 0x0000, 0x0000, 0x0000, 0xF810, 0xF810, 0x6806, 0x0000, 0x9809, 0xF810, 0x0000, 0x0000, 0x0000, 0x0000,
  0x6806, 0xF810, 0x0000, 0x0000, 0x0000, 0xF810, 0x9809, 0x0000, 0x0000, 0x0000, 0x0000, 0xF810, 0xF810, 0x6806, 0xE80F, 0xF810,
  0xF810, 0x0000, 0x0000, 0x0000, 0x0000, 0x0000, 0x0000, 0xF810, 0xD00D, 0x0000, 0x0000, 0x0000, 0x0000, 0x0000, 0x0000, 0xD00D,
  0x9809, 0x0000, 0xB80B, 0xD80E, 0x0000, 0x0000, 0x0000, 0x0000, 0x0000, 0xF810, 0xF810, 0x6806, 0x0000, 0x9809, 0xF810, 0x0000,
  0x0000, 0x0000, 0x0000, 0x0000, 0xD00D, 0x9809, 0x0000, 0x0000, 0x0000, 0x0000, 0x0000, 0x0000, 0x0000, 0x0000, 0x0000, 0x0000,
  0x0000, 0x0000, 0x0000, 0x0000, 0x0000, 0x0000, 0x0000, 0x0000, 0x0000, 0x0000, 0x0000, 0x0000, 0x0000, 0x0000, 0x0000, 0x0000,
  0x0000, 0x0000, 0x0000, 0x0000, 0x0000, 0x0000, 0x0000, 0x0000, 0x0000, 0x0000, 0x0000, 0x0000, 0x0000, 0x0000, 0x0000, 0x0000,
  0x0000, 0x0000, 0x0000, 0x0000, 0x0000, 0x0000, 0x0000, 0x0000, 0x0000, 0x0000, 0x0000, 0x0000, 0x0000, 0xF810, 0x6806, 0x7807,
  0xF810, 0x2001, 0x9809, 0xF810, 0x0000, 0x0000, 0x0000, 0x0000, 0xA80A, 0xF810, 0xF810, 0xF810, 0xF810, 0x7807, 0x0000, 0x0000,
  0x0000, 0x0000, 0x0000, 0xF810, 0x9809, 0x0000, 0x6806, 0xF810, 0xF810, 0x0000, 0x0000, 0x0000, 0x0000, 0xD00D, 0xF810, 0x0000,
  0x0000, 0x0000, 0x0000, 0x6806, 0xF810, 0x0000, 0x0000, 0x0000, 0xF810, 0x9809, 0x0000, 0x0000, 0x0000, 0x0000, 0x0000, 0x0000,
  0x0000, 0x0000, 0x0000, 0x0000, 0xF810, 0xF810, 0x6806, 0x0000, 0x0000, 0x0000, 0x0000, 0x0000, 0x0000, 0x0000, 0x6806, 0xF810,
  0x0000, 0x0000, 0x0000, 0xF810, 0x9809, 0x0000, 0x0000, 0x0000, 0x0000, 0xF810, 0xF810, 0x0000, 0x0000, 0xD00D, 0xF810, 0x0000,
  0x0000, 0x0000, 0x0000, 0x6806, 0xF810, 0x0000, 0x6806, 0xF810, 0x4003, 0x0000, 0x0000, 0x0000, 0x0000, 0x6806, 0xF810, 0x0000,
  0x0000, 0x0000, 0x0000, 0x0000, 0x0000, 0x0000, 0x0000, 0x6806, 0xF810, 0xF810, 0x0000, 0x0000, 0x0000, 0x0000, 0x0000, 0x0000,
  0x0000, 0x0000, 0x0000, 0x0000, 0x0000, 0x0000, 0xF810, 0xF810, 0x6806, 0x0000, 0x9809, 0xF810, 0x0000, 0x0000, 0x0000, 0x0000,
  0x6806, 0xF810, 0x0000, 0x0000, 0x0000, 0xF810, 0x9809, 0x0000, 0x0000, 0x0000, 0x0000, 0xF810, 0xF810, 0x6806, 0xA80A, 0xF810,
  0xF810, 0x0000, 0x0000, 0x0000, 0x0000, 0x0000, 0x0000, 0xF810, 0xD00D, 0x0000, 0x0000, 0x0000, 0x0000, 0x0000, 0x0000, 0xD00D,
  0x9809, 0x0000, 0x5805, 0xF810, 0x5805, 0x0000, 0x0000, 0x0000, 0x0000, 0xF810, 0xF810, 0x6806, 0x0000, 0x9809, 0xF810, 0x0000,
  0x0000, 0x0000, 0x0000, 0x0000, 0xD00D, 0x9809, 0x0000, 0x0000, 0x0000, 0x0000, 0x0000, 0x0000, 0x0000, 0x0000, 0x0000, 0x0000,
  0x0000, 0x0000, 0x0000, 0x0000, 0x0000, 0x0000, 0x0000, 0x0000, 0x0000, 0x0000, 0x0000, 0x0000, 0x0000, 0x0000, 0x0000, 0x0000,
  0x0000, 0x0000, 0x0000, 0x0000, 0x0000, 0x0000, 0x0000, 0x0000, 0x0000, 0x0000, 0x0000, 0x0000, 0x0000, 0x0000, 0x0000, 0x0000,
  0x0000, 0x0000, 0x0000, 0x0000, 0x0000, 0x0000, 0x0000, 0x0000, 0x0000, 0x0000, 0x0000, 0x0000, 0x0000, 0xF810, 0x6806, 0x0000,
  0xF810, 0x0000, 0x9809, 0xF810, 0x0000, 0x0000, 0x0000, 0x0000, 0xD00D, 0xF810, 0x6806, 0x6806, 0xD00D, 0x9809, 0x0000, 0x0000,
  0x0000, 0x0000, 0x0000, 0xF810, 0xB80B, 0x6806, 0x9809, 0xF810, 0xF810, 0x0000, 0x0000, 0x0000, 0x0000, 0xD00D, 0xF810, 0x0000,
  0x0000, 0x0000, 0x0000, 0x6806, 0xF810, 0x6806, 0x6806, 0x6806, 0xF810, 0x9809, 0x0000, 0x0000, 0x0000, 0x0000, 0x0000, 0x0000,
  0x0000, 0x0000, 0x0000, 0x0000, 0xF810, 0xF810, 0x6806, 0x0000, 0x0000, 0x0000, 0x0000, 0x0000, 0x0000, 0x0000, 0x6806, 0xF810,
  0x6806, 0x6806, 0x6806, 0xF810, 0x9809, 0x0000, 0x0000, 0x0000, 0x0000, 0xF810, 0xF810, 0x6806, 0x6806, 0xD80E, 0xF810, 0x0000,
  0x0000, 0x0000, 0x0000, 0x6806, 0xF810, 0x0000, 0x0000, 0xD00D, 0xB80B, 0x0000, 0x0000, 0x0000, 0x0000, 0x6806, 0xF810, 0x6806,
  0x6806, 0x6806, 0x2001, 0x0000, 0x0000, 0x0000, 0x0000, 0x6806, 0xF810, 0xF810, 0x0000, 0x0000, 0x0000, 0x0000, 0x0000, 0x0000,
  0x0000, 0x0000, 0x0000, 0x0000, 0x0000, 0x0000, 0xF810, 0xF810, 0x9809, 0x6806, 0xB80B, 0xF810, 0x0000, 0x0000, 0x0000, 0x0000,
  0x6806, 0xF810, 0x6806, 0x6806, 0x6806, 0xF810, 0x9809, 0x0000, 0x0000, 0x0000, 0x0000, 0xF810, 0xF810, 0x6806, 0x5805, 0xF810,
  0xF810, 0x0000, 0x0000, 0x0000, 0x0000, 0x0000, 0x0000, 0xF810, 0xD00D, 0x0000, 0x0000, 0x0000, 0x0000, 0x0000, 0x0000, 0xD00D,
  0x9809, 0x0000, 0x0000, 0xF810, 0xA80A, 0x0000, 0x0000, 0x0000, 0x0000, 0xF810, 0xF810, 0x9809, 0x6806, 0xB80B, 0xF810, 0x0000,
  0x0000, 0x0000, 0x0000, 0x0000, 0xD00D, 0xB80B, 0x6806, 0x6806, 0x2001, 0x0000, 0x0000, 0x0000, 0x0000, 0x0000, 0x0000, 0x0000,
  0x0000, 0x0000, 0x0000, 0x0000, 0x0000, 0x0000, 0x0000, 0x0000, 0x0000, 0x0000, 0x0000, 0x0000, 0x0000, 0x0000, 0x0000, 0x0000,
  0x0000, 0x0000, 0x0000, 0x0000, 0x0000, 0x0000, 0x0000, 0x0000, 0x0000, 0x0000, 0x0000, 0x0000, 0x0000, 0x0000, 0x0000, 0x0000,
  0x0000, 0x0000, 0x0000, 0x0000, 0x0000, 0x0000, 0x0000, 0x0000, 0x0000, 0x0000, 0x0000, 0x0000, 0x0000, 0xF810, 0x6806, 0x0000,
  0x8808, 0x0000, 0x9809, 0xF810, 0x0000, 0x0000, 0x0000, 0x0000, 0xF810, 0xF810, 0x0000, 0x0000, 0x9809, 0xD00D, 0x0000, 0x0000,
  0x0000, 0x0000, 0x0000, 0xF810, 0xF810, 0xF810, 0xF810, 0xF810, 0xF810, 0x0000, 0x0000, 0x0000, 0x0000, 0xD00D, 0xF810, 0x0000,
  0x0000, 0x0000, 0x0000, 0x6806, 0xF810, 0xF810, 0xF810, 0xF810, 0xF810, 0x9809, 0x0000, 0x0000, 0x0000, 0x0000, 0x0000, 0x0000,
  0x0000, 0x0000, 0x0000, 0x0000, 0xF810, 0xF810, 0x6806, 0x0000, 0x0000, 0x0000, 0x0000, 0x0000, 0x0000, 0x0000, 0x6806, 0xF810,
  0xF810, 0xF810, 0xF810, 0xF810, 0x9809, 0x0000, 0x0000, 0x0000, 0x0000, 0xF810, 0xF810, 0xF810, 0xF810, 0xF810, 0xF810, 0x0000,
  0x0000, 0x0000, 0x0000, 0x6806, 0xF810, 0x0000, 0x0000, 0x6806, 0xF810, 0x2001, 0x0000, 0x0000, 0x0000, 0x6806, 0xF810, 0xF810,
  0xF810, 0xF810, 0x6806, 0x0000, 0x0000, 0x0000, 0x0000, 0x6806, 0xF810, 0xF810, 0x0000, 0x0000, 0x0000, 0x0000, 0x0000, 0x0000,
  0x0000, 0x0000, 0x0000, 0x0000, 0x0000, 0x0000, 0xF810, 0xF810, 0xF810, 0xF810, 0xF810, 0xF810, 0x0000, 0x0000, 0x0000, 0x0000,
  0x6806, 0xF810, 0xF810, 0xF810, 0xF810, 0xF810, 0x9809, 0x0000, 0x0000, 0x0000, 0x0000, 0xF810, 0xF810, 0x6806, 0x0000, 0xD80E,
  0xF810, 0x0000, 0x0000, 0x0000, 0x0000, 0x0000, 0x0000, 0xF810, 0xD00D, 0x0000, 0x0000, 0x0000, 0x0000, 0x0000, 0x0000, 0xD00D,
  0x9809, 0x0000, 0x0000, 0xF810, 0xF00F, 0x0000, 0x0000, 0x0000, 0x0000, 0xF810, 0xF810, 0xF810, 0xF810, 0xF810, 0xF810, 0x0000,
  0x0000, 0x0000, 0x0000, 0x0000, 0xD00D, 0xF810, 0xF810, 0xF810, 0x6806, 0x0000, 0x0000, 0x0000, 0x0000, 0x0000, 0x0000, 0x0000,
  0x0000, 0x0000, 0x0000, 0x0000, 0x0000, 0x0000, 0x0000, 0x0000, 0x0000, 0x0000, 0x0000, 0x0000, 0x0000, 0x0000, 0x0000, 0x0000,
  0x0000, 0x0000, 0x0000, 0x0000, 0x0000, 0x0000, 0x0000, 0x0000, 0x0000, 0x0000, 0x0000, 0x0000, 0x0000, 0x0000, 0x0000, 0x0000,
  0x0000, 0x0000, 0x0000, 0x0000, 0x0000, 0x0000, 0x0000, 0x0000, 0x0000, 0x0000, 0x0000, 0x0000, 0x0000, 0xF810, 0x6806, 0x0000,
  0x0000, 0x0000, 0x9809, 0xF810, 0x0000, 0x0000, 0x0000, 0x5805, 0xF810, 0xF810, 0x0000, 0x0000, 0x7807, 0xF00F, 0x0000, 0x0000,
  0x0000, 0x0000, 0x0000, 0xF810, 0xF810, 0xF810, 0xF810, 0xF810, 0xC00C, 0x0000, 0x0000, 0x0000, 0x0000, 0xD00D, 0xF810, 0x0000,
  0x0000, 0x0000, 0x0000, 0x2001, 0xE80F, 0xF810, 0xF810, 0xF810, 0xF00F, 0x6806, 0x0000, 0x0000, 0x0000, 0x0000, 0x0000, 0x0000,
  0x0000, 0x0000, 0x0000, 0x0000, 0xF810, 0xF810, 0x6806, 0x0000, 0x0000, 0x0000, 0x0000, 0x0000, 0x0000, 0x0000, 0x2001, 0xE80F,
  0xF810, 0xF810, 0xF810, 0xF00F, 0x6806, 0x0000, 0x0000, 0x0000, 0x0000, 0xE80F, 0xF810, 0xF810, 0xF810, 0xF810, 0xF00F, 0x0000,
  0x0000, 0x0000, 0x0000, 0x6806, 0xF810, 0x0000, 0x0000, 0x0000, 0xF810, 0x9809, 0x0000, 0x0000, 0x0000, 0x6806, 0xF810, 0xF810,
  0xF810, 0xF810, 0x6806, 0x0000, 0x0000, 0x0000, 0x0000, 0x6806, 0xF810, 0xF810, 0x0000, 0x0000, 0x0000, 0x0000, 0x0000, 0x0000,
  0x0000, 0x0000, 0x0000, 0x0000, 0x0000, 0x0000, 0xC00C, 0xF810, 0xF810, 0xF810, 0xF810, 0xF810, 0x0000, 0x0000, 0x0000, 0x0000,
  0x2001, 0xE80F, 0xF810, 0xF810, 0xF810, 0xF00F, 0x6806, 0x0000, 0x0000, 0x0000, 0x0000, 0xF810, 0xF810, 0x6806, 0x0000, 0x9809,
  0xF810, 0x0000, 0x0000, 0x0000, 0x0000, 0x0000, 0x0000, 0xF810, 0xD00D, 0x0000, 0x0000, 0x0000, 0x0000, 0x0000, 0x0000, 0xD00D,
  0x9809, 0x0000, 0x0000, 0xF00F, 0xF810, 0x7807, 0x0000, 0x0000, 0x0000, 0xC00C, 0xF810, 0xF810, 0xF810, 0xF810, 0xF810, 0x0000,
  0x0000, 0x0000, 0x0000, 0x0000, 0xD00D, 0xF810, 0xF810, 0xF810, 0x6806, 0x0000, 0x0000, 0x0000, 0x0000, 0x0000, 0x0000, 0x0000,
  0x0000, 0x0000, 0x0000, 0x0000, 0x0000, 0x0000, 0x0000, 0x0000, 0x0000, 0x0000, 0x0000, 0x0000, 0x0000, 0x0000, 0x0000, 0x0000,
  0x0000, 0x0000, 0x0000, 0x0000, 0x0000, 0x0000, 0x0000, 0x0000, 0x0000, 0x0000, 0x0000, 0x0000, 0x0000, 0x0000, 0x0000, 0x0000,
  0x0000, 0x0000, 0x0000, 0x0000, 0x0000, 0x0000, 0x0000, 0x0000, 0x0000, 0x0000, 0x0000, 0x0000, 0x0000, 0x0000, 0x0000, 0x0000,
  0x0000, 0x0000, 0x0000, 0x0000, 0x0000, 0x0000, 0x0000, 0x0000, 0x0000, 0x0000, 0x0000, 0x0000, 0x0000, 0x0000, 0x0000, 0x0000,
  0x0000, 0x0000, 0x0000, 0x0000, 0x0000, 0x0000, 0x0000, 0x0000, 0x0000, 0x0000, 0x0000, 0x0000, 0x0000, 0x0000, 0x0000, 0x0000,
  0x0000, 0x0000, 0x0000, 0x0000, 0x0000, 0x0000, 0x0000, 0x0000, 0x0000, 0x0000, 0x0000, 0x0000, 0x0000, 0x0000, 0x0000, 0x0000,
  0x0000, 0x0000, 0x0000, 0x0000, 0x0000, 0x0000, 0x0000, 0x0000, 0x0000, 0x0000, 0x0000, 0x0000, 0x0000, 0x0000, 0x0000, 0x0000,
  0x0000, 0x0000, 0x0000, 0x0000, 0x0000, 0x0000, 0x0000, 0x0000, 0x0000, 0x0000, 0x0000, 0x0000, 0x0000, 0x0000, 0x0000, 0x0000,
  0x0000, 0x0000, 0x0000, 0x0000, 0x0000, 0x0000, 0x0000, 0x0000, 0x0000, 0x0000, 0x0000, 0x0000, 0x0000, 0x0000, 0x0000, 0x0000,
  0x0000, 0x0000, 0x0000, 0x0000, 0x0000, 0x0000, 0x0000, 0x0000, 0x0000, 0x0000, 0x0000, 0x0000, 0x0000, 0x0000, 0x0000, 0x0000,
  0x0000, 0x0000, 0x0000, 0x0000, 0x0000, 0x0000, 0x0000, 0x0000, 0x0000, 0x0000, 0x0000, 0x0000, 0x0000, 0x0000, 0x0000, 0x0000,
  0x0000, 0x0000, 0x0000, 0x0000, 0x0000, 0x0000, 0x0000, 0x0000, 0x0000, 0x0000, 0x0000, 0x0000, 0x0000, 0x0000, 0x0000, 0x0000,
  0x0000, 0x0000, 0x0000, 0x0000, 0x0000, 0x0000, 0x0000, 0x0000, 0x0000, 0x0000, 0x0000, 0x0000, 0x0000, 0x0000, 0x0000, 0x0000,
  0x0000, 0x0000, 0x0000, 0x0000, 0x0000, 0x0000, 0x0000, 0x0000, 0x0000, 0x0000, 0x0000, 0x0000, 0x0000, 0x0000, 0x0000, 0x0000,
  0x0000, 0x0000, 0x0000, 0x0000, 0x0000, 0x0000, 0x0000, 0x0000, 0x0000, 0x0000, 0x0000, 0x0000, 0x0000, 0x0000, 0x0000, 0x0000,
  0x0000, 0x0000, 0x0000, 0x0000, 0x0000, 0x0000, 0x0000, 0x0000, 0x0000, 0x0000, 0x0000, 0x0000, 0x0000, 0x0000, 0x0000, 0x0000,
  0x0000, 0x0000, 0x0000, 0x0000, 0x0000, 0x0000, 0x0000, 0x0000, 0x0000, 0x0000, 0x0000, 0x0000, 0x0000, 0x0000, 0x0000, 0x0000,
  0x0000, 0x0000, 0x0000, 0x0000, 0x0000, 0x0000, 0x0000, 0x0000, 0x0000, 0x0000, 0x0000, 0x0000, 0x0000, 0x0000, 0x0000, 0x0000,
  0x0000, 0x0000, 0x0000, 0x0000, 0x0000, 0x0000, 0x0000, 0x0000, 0x0000, 0x0000, 0x0000, 0x0000, 0x0000, 0x0000, 0x0000, 0x0000,
  0x0000, 0x0000, 0x0000, 0x0000, 0x0000, 0x0000, 0x0000, 0x0000, 0x0000, 0x0000, 0x0000, 0x0000, 0x0000, 0x0000, 0x0000, 0x0000,
  0x0000, 0x0000, 0x0000, 0x0000, 0x0000, 0x0000, 0x0000, 0x0000, 0x0000, 0x0000, 0x0000, 0x0000, 0x0000, 0x0000, 0x0000, 0x0000,
  0x0000, 0x0000, 0x0000, 0x0000, 0x0000, 0x0000, 0x0000, 0x0000, 0x0000, 0x0000, 0x0000, 0x0000, 0x0000, 0x0000, 0x0000, 0x0000,
  0x0000, 0x0000, 0x0000, 0x0000, 0x0000, 0x0000, 0x0000, 0x0000, 0x0000, 0x0000, 0x0000, 0x0000, 0x0000, 0x0000, 0x0000, 0x0000,
  0x0000, 0x0000, 0x0000, 0x0000, 0x0000, 0x0000, 0x0000, 0x0000, 0x0000, 0x0000, 0x0000, 0x0000, 0x0000, 0x0000, 0x0000, 0x0000,
  0x0000, 0x0000, 0x0000, 0x0000, 0x0000, 0x0000, 0x0000, 0x0000, 0x0000, 0x0000, 0x0000, 0x0000, 0x0000, 0x0000, 0x0000, 0x0000,
  0x0000, 0x0000, 0x0000, 0x0000, 0x0000, 0x0000, 0x0000, 0x0000, 0x0000, 0x0000, 0x0000, 0x0000, 0x0000, 0x0000, 0x0000, 0x0000,
  0x0000, 0x0000, 0x0000, 0x0000, 0x0000, 0x0000, 0x0000, 0x0000, 0x0000, 0x0000, 0x0000, 0x0000, 0x0000, 0x0000, 0x0000, 0x0000,
  0x0000, 0x0000, 0x0000, 0x0000, 0x0000, 0x0000, 0x0000, 0x0000, 0x0000, 0x0000, 0x0000, 0x0000, 0x0000, 0x0000, 0x0000, 0x0000,
  0x0000, 0x0000, 0x0000, 0x0000, 0x0000, 0x0000, 0x0000, 0x0000, 0x0000, 0x0000, 0x0000, 0x0000, 0x0000, 0x0000, 0x0000, 0x0000,
  0x0000, 0x0000, 0x0000, 0x0000, 0x0000, 0x0000, 0x0000, 0x0000, 0x0000, 0x0000, 0x0000, 0x0000, 0x0000, 0x0000, 0x0000, 0x0000,
  0x0000, 0x0000, 0x0000, 0x0000, 0x0000, 0x0000, 0x0000, 0x0000, 0x0000, 0x0000, 0x0000, 0x0000, 0x0000, 0x0000, 0x0000, 0x0000,
  0x0000, 0x0000, 0x0000, 0x0000, 0x0000, 0x0000, 0x0000, 0x0000, 0x0000, 0x0000, 0x0000, 0x0000, 0x0000, 0x0000, 0x0000, 0x0000,
  0x0000, 0x0000, 0x0000, 0x0000, 0x0000, 0x0000, 0x0000, 0x0000, 0x0000, 0x0000, 0x0000, 0x0000, 0x0000, 0x0000, 0x0000, 0x0000,
  0x0000, 0x0000, 0x0000, 0x0000, 0x0000, 0x0000, 0x0000, 0x0000, 0x0000, 0x0000, 0x0000, 0x0000, 0x0000, 0x0000, 0x0000, 0x0000,
  0x0000, 0x0000, 0x0000, 0x0000, 0x0000, 0x0000, 0x0000, 0x0000, 0x0000, 0x0000, 0x0000, 0x0000, 0x0000, 0x0000, 0x0000, 0x0000,
  0x0000, 0x0000, 0x0000, 0x0000, 0x0000, 0x0000, 0x0000, 0x0000, 0x0000, 0x0000, 0x0000, 0x0000, 0x0000, 0x0000, 0x0000, 0x0000,
  0x0000, 0x0000, 0x0000, 0x0000, 0x0000, 0x0000, 0x0000, 0x0000, 0x0000, 0x0000, 0x0000, 0x0000, 0x0000, 0x0000, 0x0000, 0x0000,
  0x0000, 0x0000, 0x0000, 0x0000, 0x0000, 0x0000, 0x0000, 0x0000, 0x0000, 0x0000, 0x0000, 0x0000, 0x0000, 0x0000, 0x0000, 0x0000,
  0x0000, 0x0000, 0x0000, 0x0000, 0x0000, 0x0000, 0x0000, 0x0000, 0x0000, 0x0000, 0x0000, 0x0000, 0x0000, 0x0000, 0x0000, 0x0000,
  0x0000, 0x0000, 0x0000, 0x0000, 0x0000, 0x0000, 0x0000, 0x0000, 0x0000, 0x0000, 0x0000, 0x0000, 0x0000, 0x0000, 0x0000, 0x0000,
  0x0000, 0x0000, 0x0000, 0x0000, 0x0000, 0x0000, 0x0000, 0x0000, 0x0000, 0x0000, 0x0000, 0x0000, 0x0000, 0x0000, 0x0000, 0x0000,
  0x0000, 0x0000, 0x0000, 0x0000, 0x0000, 0x0000, 0x0000, 0x0000, 0x0000, 0x0000, 0x0000, 0x0000, 0x0000, 0x0000, 0x0000, 0x0000,
  0x0000, 0x0000, 0x0000, 0x0000, 0x0000, 0x0000, 0x0000, 0x0000, 0x0000, 0x0000, 0x0000, 0x0000, 0x0000, 0x0000, 0x0000, 0x0000,
  0x0000, 0x0000, 0x0000, 0x0000, 0x0000, 0x0000, 0x0000, 0x0000, 0x0000, 0x0000, 0x0000, 0x0000, 0x0000, 0x0000, 0x0000, 0x0000,
  0x0000, 0x0000, 0x0000, 0x0000, 0x0000, 0x0000, 0x0000, 0x0000, 0x0000, 0x0000, 0x0000, 0x0000, 0x0000, 0x0000, 0x0000, 0x0000,
  0x0000, 0x0000, 0x0000, 0x0000, 0x0000, 0x0000, 0x0000, 0x0000, 0x0000, 0x0000, 0x0000, 0x0000, 0x0000, 0x0000, 0x0000, 0x0000,
  0x0000, 0x0000, 0x0000, 0x0000, 0x0000, 0x0000, 0x0000, 0x0000, 0x0000, 0x0000, 0x0000, 0x0000, 0x0000, 0x0000, 0x0000, 0x0000,
  0x0000, 0x0000, 0x0000, 0x0000, 0x0000, 0x0000, 0x0000, 0x0000, 0x0000, 0x0000, 0x0000, 0x0000, 0x0000, 0x0000, 0x0000, 0x0000,
  0x0000, 0x0000, 0x0000, 0x0000, 0x0000, 0x0000, 0x0000, 0x0000, 0x0000, 0x0000, 0x0000, 0x0000, 0x0000, 0x0000, 0x0000, 0x0000,
  0x0000, 0x0000, 0x0000, 0x0000, 0x0000, 0x0000, 0x0000, 0x0000, 0x0000, 0x0000, 0x0000, 0x0000, 0x0000, 0x0000, 0x0000, 0x0000,
  0x0000, 0x0000, 0x0000, 0x0000, 0x0000, 0x0000, 0x0000, 0x0000, 0x0000, 0x0000, 0x0000, 0x0000, 0x0000, 0x0000, 0x0000, 0x0000,
  0x0000, 0x0000, 0x0000, 0x0000, 0x0000, 0x0000, 0x0000, 0x0000, 0x0000, 0x0000, 0x0000, 0x0000, 0x0000, 0x0000, 0x0000, 0x0000,
  0x0000, 0x0000, 0x0000, 0x0000, 0x0000, 0x0000, 0x0000, 0x0000, 0x0000, 0x0000, 0x0000, 0x0000, 0x0000, 0x0000, 0x0000, 0x0000,
  0x0000, 0x0000, 0x0000, 0x0000, 0x0000, 0x0000, 0x0000, 0x0000, 0x0000, 0x0000, 0x0000, 0x0000, 0x0000, 0x0000, 0x0000, 0x0000,
  0x0000, 0x0000, 0x0000, 0x0000, 0x0000, 0x0000, 0x0000, 0x0000, 0x0000, 0x0000, 0x0000, 0x0000, 0x0000, 0x0000, 0x0000, 0x0000,
  0x0000, 0x0000, 0x0000, 0x0000, 0x0000, 0x0000, 0x0000, 0x0000, 0x0000, 0x0000, 0x0000, 0x0000, 0x0000, 0x0000, 0x0000, 0x0000,
  0x0000, 0x0000, 0x0000, 0x0000, 0x0000, 0x0000, 0x0000, 0x0000, 0x0000, 0x0000, 0x0000, 0x0000, 0x0000, 0x0000, 0x0000, 0x0000,
  0x0000, 0x0000, 0x0000, 0x0000, 0x0000, 0x0000, 0x0000, 0x0000, 0x0000, 0x0000, 0x0000, 0x0000, 0x0000, 0x0000, 0x0000, 0x0000,
  0x0000, 0x0000, 0x0000, 0x0000, 0x0000, 0x0000, 0x0000, 0x0000, 0x0000, 0x0000, 0x0000, 0x0000, 0x0000, 0x0000, 0x0000, 0x0000,
  0x0000, 0x0000, 0x0000, 0x0000, 0x0000, 0x0000, 0x0000, 0x0000, 0x0000, 0x0000, 0x0000, 0x0000, 0x0000, 0x0000, 0x0000, 0x0000,
  0x0000, 0x0000, 0x0000, 0x0000, 0x0000, 0x0000, 0x0000, 0x0000, 0x0000, 0x0000, 0x0000, 0x0000, 0x0000, 0x0000, 0x0000, 0x0000,
  0x0000, 0x0000, 0x0000, 0x0000, 0x0000, 0x0000, 0x0000, 0x0000, 0x0000, 0x0000, 0x0000, 0x0000, 0x0000, 0x0000, 0x0000, 0x0000,
  0x0000, 0x0000, 0x0000, 0x0000, 0x0000, 0x0000, 0x0000, 0x0000, 0x0000, 0x0000, 0x0000, 0x0000, 0x0000, 0x0000, 0x0000, 0x0000,
  0x0000, 0x0000, 0x0000, 0x0000, 0x0000, 0x0000, 0x0000, 0x0000, 0x0000, 0x0000, 0x0000, 0x0000, 0x0000, 0x0000, 0x0000, 0x0000,
  0x0000, 0x0000, 0x0000, 0x0000, 0x0000, 0x0000, 0x0000, 0x0000, 0x0000, 0x0000, 0x0000, 0x0000, 0x0000, 0x0000, 0x0000, 0x0000,
  0x0000, 0x0000, 0x0000, 0x0000, 0x0000, 0x0000, 0x0000, 0x0000, 0x0000, 0x0000, 0x0000, 0x0000, 0x0000, 0x0000, 0x0000, 0x0000,
  0x0000, 0x0000, 0x0000, 0x0000, 0x0000, 0x0000, 0x0000, 0x0000, 0x0000, 0x0000, 0x0000, 0x0000, 0x0000, 0x0000, 0x0000, 0x0000,
  0x0000, 0x0000, 0x0000, 0x0000, 0x0000, 0x0000, 0x0000, 0x0000, 0x0000, 0x0000, 0x0000, 0x0000, 0x0000, 0x0000, 0x0000, 0x0000,
  0x0000, 0x0000, 0x0000, 0x0000, 0x0000, 0x0000, 0x0000, 0x0000, 0x0000, 0x0000, 0x0000, 0x0000, 0x0000, 0x0000, 0x0000, 0x0000,
  0x0000, 0x0000, 0x0000, 0x0000, 0x0000, 0x0000, 0x0000, 0x0000, 0x0000, 0x0000, 0x0000, 0x0000, 0x0000, 0x0000, 0x0000, 0x0000,
  0x0000, 0x0000, 0x0000, 0x0000, 0x0000, 0x0000, 0x0000, 0x0000, 0x0000, 0x0000, 0x0000, 0x0000, 0x0000, 0x0000, 0x0000, 0x0000,
  0x0000, 0x0000, 0x0000, 0x0000, 0x0000, 0x0000, 0x0000, 0x0000, 0x0000, 0x0000, 0x0000, 0x0000, 0x0000, 0x0000, 0x0000, 0x0000,
  0x0000, 0x0000, 0x0000, 0x0000, 0x0000, 0x0000, 0x0000, 0x0000, 0x0000, 0x0000, 0x0000, 0x0000, 0x0000, 0x0000, 0x0000, 0x0000,
  0x0000, 0x0000, 0x0000, 0x0000, 0x0000, 0x0000, 0x0000, 0x0000, 0x0000, 0x0000, 0x0000, 0x0000, 0x0000, 0x0000, 0x0000, 0x0000,
  0x0000, 0x0000, 0x0000, 0x0000, 0x0000, 0x0000, 0x0000, 0x0000, 0x0000, 0x0000, 0x0000, 0x0000, 0x0000, 0x0000, 0x0000, 0x0000,
  0x0000, 0x0000, 0x0000, 0x0000, 0x0000, 0x0000, 0x0000, 0x0000, 0x0000, 0x0000, 0x0000, 0x0000, 0x0000, 0x0000, 0x0000, 0x0000,
  0x0000, 0x0000, 0x0000, 0x0000, 0x0000, 0x0000, 0x0000, 0x0000, 0x0000, 0x0000, 0x0000, 0x0000, 0x0000, 0x0000, 0x0000, 0x0000,
  0x0000, 0x0000, 0x0000, 0x0000, 0x0000, 0x0000, 0x0000, 0x0000, 0x0000, 0x0000, 0x0000, 0x0000, 0x0000, 0x0000, 0x0000, 0x0000,
  0x0000, 0x0000, 0x0000, 0x0000, 0x0000, 0x0000, 0x0000, 0x0000, 0x0000, 0x0000, 0x0000, 0x0000, 0x0000, 0x0000, 0x0000, 0x0000,
  0x0000, 0x0000, 0x0000, 0x0000, 0x0000, 0x0000, 0x0000, 0x0000, 0x0000, 0x0000, 0x0000, 0x0000, 0x0000, 0x0000, 0x0000, 0x0000,
  0x0000, 0x0000, 0x0000, 0x0000, 0x0000, 0x0000, 0x0000, 0x0000, 0x0000, 0x0000, 0x0000, 0x0000, 0x0000, 0x0000, 0x0000, 0x0000,
  0x0000, 0x0000, 0x0000, 0x0000, 0x0000, 0x0000, 0x0000, 0x0000, 0x0000, 0x0000, 0x0000, 0x0000, 0x0000, 0x0000, 0x0000, 0x0000,
  0x0000, 0x0000, 0x0000, 0x0000, 0x0000, 0x0000, 0x0000, 0x0000, 0x0000, 0x0000, 0x0000, 0x0000, 0x0000, 0x0000, 0x0000, 0x0000,
  0x0000, 0x0000, 0x0000, 0x0000, 0x0000, 0x0000, 0x0000, 0x0000, 0x0000, 0x0000, 0x0000, 0x0000, 0x0000, 0x0000, 0x0000, 0x0000,
  0x0000, 0x0000, 0x0000, 0x0000, 0x0000, 0x0000, 0x0000, 0x0000, 0x0000, 0x0000, 0x0000, 0x0000, 0x0000, 0x0000, 0x0000, 0x0000,
  0x0000, 0x0000, 0x0000, 0x0000, 0x0000, 0x0000, 0x0000, 0x0000, 0x0000, 0x0000, 0x0000, 0x0000, 0x0000, 0x0000, 0x0000, 0x0000,
  0x0000, 0x0000, 0x0000, 0x0000, 0x0000, 0x0000, 0x0000, 0x0000, 0x0000, 0x0000, 0x0000, 0x0000, 0x0000, 0x0000, 0x0000, 0x0000,
  0x0000, 0x0000, 0x0000, 0x0000, 0x0000, 0x0000, 0x0000, 0x0000, 0x0000, 0x0000, 0x0000, 0x0000, 0x0000, 0x0000, 0x0000, 0x0000,
  0x0000, 0x0000, 0x0000, 0x0000, 0x0000, 0x0000, 0x0000, 0x0000, 0x0000, 0x0000, 0x0000, 0x0000, 0x0000, 0x0000, 0x0000, 0x0000,
  0x0000, 0x0000, 0x0000, 0x0000, 0x0000, 0x0000, 0x0000, 0x0000, 0x0000, 0x0000, 0x0000, 0x0000, 0x0000, 0x0000, 0x0000, 0x0000,
  0x0000, 0x0000, 0x0000, 0x0000, 0x0000, 0x0000, 0x0000, 0x0000, 0x0000, 0x0000, 0x0000, 0x0000, 0x0000, 0x0000, 0x0000, 0x0000,
  0x0000, 0x0000, 0x0000, 0x0000, 0x0000, 0x0000, 0x0000, 0x0000, 0x0000, 0x0000, 0x0000, 0x0000, 0x0000, 0x0000, 0x0000, 0x0000,
  0x0000, 0x0000, 0x0000, 0x0000, 0x0000, 0x0000, 0x0000, 0x0000, 0x0000, 0x0000, 0x0000, 0x0000, 0x0000, 0x0000, 0x0000, 0x0000,
  0x0000, 0x0000, 0x0000, 0x0000, 0x0000, 0x0000, 0x0000, 0x0000, 0x0000, 0x0000, 0x0000, 0x0000, 0x0000, 0x0000, 0x0000, 0x0000,
  0x0000, 0x0000, 0x0000, 0x0000, 0x0000, 0x0000, 0x0000, 0x0000, 0x0000, 0x0000, 0x0000, 0x0000, 0x0000, 0x0000, 0x0000, 0x0000,
  0x0000, 0x0000, 0x0000, 0x0000, 0x0000, 0x0000, 0x0000, 0x0000, 0x0000, 0x0000, 0x0000, 0x0000, 0x0000, 0x0000, 0x0000, 0x0000,
  0x0000, 0x0000, 0x0000, 0x0000, 0x0000, 0x0000, 0x0000, 0x0000, 0x0000, 0x0000, 0x0000, 0x0000, 0x0000, 0x0000, 0x0000, 0x0000,
  0x0000, 0x0000, 0x0000, 0x0000, 0x0000, 0x0000, 0x0000, 0x0000, 0x0000, 0x0000, 0x0000, 0x0000, 0x0000, 0x0000, 0x0000, 0x0000,
  0x0000, 0x0000, 0x0000, 0x0000, 0x0000, 0x0000, 0x0000, 0x0000, 0x0000, 0x0000, 0x0000, 0x0000, 0x0000, 0x0000, 0x0000, 0x0000,
  0x0000, 0x0000, 0x0000, 0x0000, 0x0000, 0x0000, 0x0000, 0x0000, 0x0000, 0x0000, 0x0000, 0x0000, 0x0000, 0x0000, 0x0000, 0x0000,
  0x0000, 0x0000, 0x0000, 0x0000, 0x0000, 0x0000, 0x0000, 0x0000, 0x0000, 0x0000, 0x0000, 0x0000, 0x0000, 0x0000, 0x0000, 0x0000,
  0x0000, 0x0000, 0x0000, 0x0000, 0x0000, 0x0000, 0x0000, 0x0000, 0x0000, 0x0000, 0x0000, 0x0000, 0x0000, 0x0000, 0x0000, 0x0000,
  0x0000, 0x0000, 0x0000, 0x0000, 0x0000, 0x0000, 0x0000, 0x0000, 0x0000, 0x0000, 0x0000, 0x0000, 0x0000, 0x0000, 0x0000, 0x0000,
  0x0000, 0x0000, 0x0000, 0x0000, 0x0000, 0x0000, 0x0000, 0x0000, 0x0000, 0x0000, 0x0000, 0x0000, 0x0000, 0x0000, 0x0000, 0x0000,
  0x0000, 0x0000, 0x0000, 0x0000, 0x0000, 0x0000, 0x0000, 0x0000, 0x0000, 0x0000, 0x0000, 0x0000, 0x0000, 0x0000, 0x0000, 0x0000,
  0x0000, 0x0000, 0x0000, 0x0000, 0x0000, 0x0000, 0x0000, 0x0000, 0x0000, 0x0000, 0x0000, 0x0000, 0x0000, 0x0000, 0x0000, 0x0000,
  0x0000, 0x0000, 0x0000, 0x0000, 0x0000, 0x0000, 0x0000, 0x0000, 0x0000, 0x0000, 0x0000, 0x0000, 0x0000, 0x0000, 0x0000, 0x0000,
  0x0000, 0x0000, 0x0000, 0x0000, 0x0000, 0x0000, 0x0000, 0x0000, 0x0000, 0x0000, 0x0000, 0x0000, 0x0000, 0x0000, 0x0000, 0x0000,
  0x0000, 0x0000, 0x0000, 0x0000, 0x0000, 0x0000, 0x0000, 0x0000, 0x0000, 0x0000, 0x0000, 0x0000, 0x0000, 0x0000, 0x0000, 0x0000,
  0x0000, 0x0000, 0x0000, 0x0000, 0x0000, 0x0000, 0x0000, 0x0000, 0x0000, 0x0000, 0x0000, 0x0000, 0x0000, 0x0000, 0x0000, 0x0000,
  0x0000, 0x0000, 0x0000, 0x0000, 0x0000, 0x0000, 0x0000, 0x0000, 0x0000, 0x0000, 0x0000, 0x0000, 0x0000, 0x0000, 0x0000, 0x0000,
  0x0000, 0x0000, 0x0000, 0x0000, 0x0000, 0x0000, 0x0000, 0x0000, 0x0000, 0x0000, 0x0000, 0x0000, 0x0000, 0x0000, 0x0000, 0x0000,
  0x0000, 0x0000, 0x0000, 0x0000, 0x0000, 0x0000, 0x0000, 0x0000, 0x0000, 0x0000, 0x0000, 0x0000, 0x0000, 0x0000, 0x0000, 0x0000,
  0x0000, 0x0000, 0x0000, 0x0000, 0x0000, 0x0000, 0x0000, 0x0000, 0x0000, 0x0000, 0x0000, 0x0000, 0x0000, 0x0000, 0x0000, 0x0000,
  0x0000, 0x0000, 0x0000, 0x0000, 0x0000, 0x0000, 0x0000, 0x0000, 0x0000, 0x0000, 0x0000, 0x0000, 0x0000, 0x0000, 0x0000, 0x0000,
  0x0000, 0x0000, 0x0000, 0x0000, 0x0000, 0x0000, 0x0000, 0x0000, 0x0000, 0x0000, 0x0000, 0x0000, 0x0000, 0x0000, 0x0000, 0x0000,
  0x0000, 0x0000, 0x0000, 0x0000, 0x0000, 0x0000, 0x0000, 0x0000, 0x0000, 0x0000, 0x0000, 0x0000, 0x0000, 0x0000, 0x0000, 0x0000,
  0x0000, 0x0000, 0x0000, 0x0000, 0x0000, 0x0000, 0x0000, 0x0000, 0x0000, 0x0000, 0x0000, 0x0000, 0x0000, 0x0000, 0x0000, 0x0000,
  0x0000, 0x0000, 0x0000, 0x0000, 0x0000, 0x0000, 0x0000, 0x0000, 0x0000, 0x0000, 0x0000, 0x0000, 0x0000, 0x0000, 0x0000, 0x0000,
  0x0000, 0x0000, 0x0000, 0x0000, 0x0000, 0x0000, 0x0000, 0x0000, 0x0000, 0x0000, 0x0000, 0x0000, 0x0000, 0x0000, 0x0000, 0x0000,
  0x0000, 0x0000, 0x0000, 0x0000, 0x0000, 0x0000, 0x0000, 0x0000, 0x0000, 0x0000, 0x0000, 0x0000, 0x0000, 0x0000, 0x0000, 0x0000,
  0x0000, 0x0000, 0x0000, 0x0000, 0x0000, 0x0000, 0x0000, 0x0000, 0x0000, 0x0000, 0x0000, 0x0000, 0x0000, 0x0000, 0x0000, 0x0000,
  0x0000, 0x0000, 0x0000, 0x0000, 0x0000, 0x0000, 0x0000, 0x0000, 0x0000, 0x0000, 0x0000, 0x0000, 0x0000, 0x0000, 0x0000, 0x0000,
  0x0000, 0x0000, 0x0000, 0x0000, 0x0000, 0x0000, 0x0000, 0x0000, 0x0000, 0x0000, 0x0000, 0x0000, 0x0000, 0x0000, 0x0000, 0x0000,
  0x0000, 0x0000, 0x0000, 0x0000, 0x0000, 0x0000, 0x0000, 0x0000, 0x0000, 0x0000, 0x0000, 0x0000, 0x0000, 0x0000, 0x0000, 0x0000,
  0x0000, 0x0000, 0x0000, 0x0000, 0x0000, 0x0000, 0x0000, 0x0000, 0x0000, 0x0000, 0x0000, 0x0000, 0x0000, 0x0000, 0x0000, 0x0000,
  0x0000, 0x0000, 0x0000, 0x0000, 0x0000, 0x0000, 0x0000, 0x0000, 0x0000, 0x0000, 0x0000, 0x0000, 0x0000, 0x0000, 0x0000, 0x0000,
  0x0000, 0x0000, 0x0000, 0x0000, 0x0000, 0x0000, 0x0000, 0x0000, 0x0000, 0x0000, 0x0000, 0x0000, 0x0000, 0x0000, 0x0000, 0x0000,
  0x0000, 0x0000, 0x0000, 0x0000, 0x0000, 0x0000, 0x0000, 0x0000, 0x0000, 0x0000, 0x0000, 0x0000, 0x0000, 0x0000, 0x0000, 0x0000,
  0x0000, 0x0000, 0x0000, 0x0000, 0x0000, 0x0000, 0x0000, 0x0000, 0x0000, 0x0000, 0x0000, 0x0000, 0x0000, 0x0000, 0x0000, 0x0000,
  0x0000, 0x0000, 0x0000, 0x0000, 0x0000, 0x0000, 0x0000, 0x0000, 0x0000, 0x0000, 0x0000, 0x0000, 0x0000, 0x0000, 0x0000, 0x0000,
  0x0000, 0x0000, 0x0000, 0x0000, 0x0000, 0x0000, 0x0000, 0x0000, 0x0000, 0x0000, 0x0000, 0x0000, 0x0000, 0x0000, 0x0000, 0x0000,
  0x0000, 0x0000, 0x0000, 0x0000, 0x0000, 0x0000, 0x0000, 0x0000, 0x0000, 0x0000, 0x0000, 0x0000, 0x0000, 0x0000, 0x0000, 0x0000,
  0x0000, 0x0000, 0x0000, 0x0000, 0x0000, 0x0000, 0x0000, 0x0000, 0x0000, 0x0000, 0x0000, 0x0000, 0x0000, 0x0000, 0x0000, 0x0000,
  0x0000, 0x0000, 0x0000, 0x0000, 0x0000, 0x0000, 0x0000, 0x0000, 0x0000, 0x0000, 0x0000, 0x0000, 0x0000, 0x0000, 0x0000, 0x0000,
  0x0000, 0x0000, 0x0000, 0x0000, 0x0000, 0x0000, 0x0000, 0x0000, 0x0000, 0x0000, 0x0000, 0x0000, 0x0000, 0x0000, 0x0000, 0x0000,
  0x0000, 0x0000, 0x0000, 0x0000, 0x0000, 0x0000, 0x0000, 0x0000, 0x0000, 0x0000, 0x0000, 0x0000, 0x0000, 0x0000, 0x0000, 0x0000,
  0x0000, 0x0000, 0x0000, 0x0000, 0x0000, 0x0000, 0x0000, 0x0000, 0x0000, 0x0000, 0x0000, 0x0000, 0x0000, 0x0000, 0x0000, 0x0000,
  0x0000, 0x0000, 0x0000, 0x0000, 0x0000, 0x0000, 0x0000, 0x0000, 0x0000, 0x0000, 0x0000, 0x0000, 0x0000, 0x0000, 0x0000, 0x0000,
  0x0000, 0x0000, 0x0000, 0x0000, 0x0000, 0x0000, 0x0000, 0x0000, 0x0000, 0x0000, 0x0000, 0x0000, 0x0000, 0x0000, 0x0000, 0x0000,
  0x0000, 0x0000, 0x0000, 0x0000, 0x0000, 0x0000, 0x0000, 0x0000, 0x0000, 0x0000, 0x0000, 0x0000, 0x0000, 0x0000, 0x0000, 0x0000,
  0x0000, 0x0000, 0x0000, 0x0000, 0x0000, 0x0000, 0x0000, 0x0000, 0x0000, 0x0000, 0x0000, 0x0000, 0x0000, 0x0000, 0x0000, 0x0000,
  0x0000, 0x0000, 0x0000, 0x0000, 0x0000, 0x0000, 0x0000, 0x0000, 0x0000, 0x0000, 0x0000, 0x0000, 0x0000, 0x0000, 0x0000, 0x0000,
  0x0000, 0x0000, 0x0000, 0x0000, 0x0000, 0x0000, 0x0000, 0x0000, 0x0000, 0x0000, 0x0000, 0x0000, 0x0000, 0x0000, 0x0000, 0x0000,
  0x0000, 0x0000, 0x0000, 0x0000, 0x0000, 0x0000, 0x0000, 0x0000, 0x0000, 0x0000, 0x0000, 0x0000, 0x0000, 0x0000, 0x0000, 0x0000,
  0x0000, 0x0000, 0x0000, 0x0000, 0x0000, 0x0000, 0x0000, 0x0000, 0x0000, 0x0000, 0x0000, 0x0000, 0x0000, 0x0000, 0x0000, 0x0000,
  0x0000, 0x0000, 0x0000, 0x0000, 0x0000, 0x0000, 0x0000, 0x0000, 0x0000, 0x0000, 0x0000, 0x0000, 0x0000, 0x0000, 0x0000, 0x0000,
  0x0000, 0x0000, 0x0000, 0x0000, 0x0000, 0x0000, 0x0000, 0x0000, 0x0000, 0x0000, 0x0000, 0x0000, 0x0000, 0x0000, 0x0000, 0x0000,
  0x0000, 0x0000, 0x0000, 0x0000, 0x0000, 0x0000, 0x0000, 0x0000, 0x0000, 0x0000, 0x0000, 0x0000, 0x0000, 0x0000, 0x0000, 0x0000,
  0x0000, 0x0000, 0x0000, 0x0000, 0x0000, 0x0000, 0x0000, 0x0000, 0x0000, 0x0000, 0x0000, 0x0000, 0x0000, 0x0000, 0x0000, 0x0000,
  0x0000, 0x0000, 0x0000, 0x0000, 0x0000, 0x0000, 0x0000, 0x0000, 0x0000, 0x0000, 0x0000, 0x0000, 0x0000, 0x0000, 0x0000, 0x0000,
  0x0000, 0x0000, 0x0000, 0x0000, 0x0000, 0x0000, 0x0000, 0x0000, 0x0000, 0x0000, 0x0000, 0x0000, 0x0000, 0x0000, 0x0000, 0x0000,
  0x0000, 0x0000, 0x0000, 0x0000, 0x0000, 0x0000, 0x0000, 0x0000, 0x0000, 0x0000, 0x0000, 0x0000, 0x0000, 0x0000, 0x0000, 0x0000,
  0x0000, 0x0000, 0x0000, 0x0000, 0x0000, 0x0000, 0x0000, 0x0000, 0x0000, 0x0000, 0x0000, 0x0000, 0x0000, 0x0000, 0x0000, 0x0000,
  0x0000, 0x0000, 0x0000, 0x0000, 0x0000, 0x0000, 0x0000, 0x0000, 0x0000, 0x0000, 0x0000, 0x0000, 0x0000, 0x0000, 0x0000, 0x0000,
  0x0000, 0x0000, 0x0000, 0x0000, 0x0000, 0x0000, 0x0000, 0x0000, 0x0000, 0x0000, 0x0000, 0x0000, 0x0000, 0x0000, 0x0000, 0x0000,
  0x0000, 0x0000, 0x0000, 0x0000, 0x0000, 0x0000, 0x0000, 0x0000, 0x0000, 0x0000, 0x0000, 0x0000, 0x0000, 0x0000, 0x0000, 0x0000,
  0x0000, 0x0000, 0x0000, 0x0000, 0x0000, 0x0000, 0x0000, 0x0000, 0x0000, 0x0000, 0x0000, 0x0000, 0x0000, 0x0000, 0x0000, 0x0000,
  0x0000, 0x0000, 0x0000, 0x0000, 0x0000, 0x0000, 0x0000, 0x0000, 0x0000, 0x0000, 0x0000, 0x0000, 0x0000, 0x0000, 0x0000, 0x0000,
  0x0000, 0x0000, 0x0000, 0x0000, 0x0000, 0x0000, 0x0000, 0x0000, 0x0000, 0x0000, 0x0000, 0x0000, 0x0000, 0x0000, 0x0000, 0x0000,
  0x0000, 0x0000, 0x0000, 0x0000, 0x0000, 0x0000, 0x0000, 0x0000, 0x0000, 0x0000, 0x0000, 0x0000, 0x0000, 0x0000, 0x0000, 0x0000,
  0x0000, 0x0000, 0x0000, 0x0000, 0x0000, 0x0000, 0x0000, 0x0000, 0x0000, 0x0000, 0x0000, 0x0000, 0x0000, 0x0000, 0x0000, 0x0000,
  0x0000, 0x0000, 0x0000, 0x0000, 0x0000, 0x0000, 0x0000, 0x0000, 0x0000, 0x0000, 0x0000, 0x0000, 0x0000, 0x0000, 0x0000, 0x0000,
  0x0000, 0x0000, 0x0000, 0x0000, 0x0000, 0x0000, 0x0000, 0x0000, 0x0000, 0x0000, 0x0000, 0x0000, 0x0000, 0x0000, 0x0000, 0x0000,
  0x0000, 0x0000, 0x0000, 0x0000, 0x0000, 0x0000, 0x0000, 0x0000, 0x0000, 0x0000, 0x0000, 0x0000, 0x0000, 0x0000, 0x0000, 0x0000,
  0x0000, 0x0000, 0x0000, 0x0000, 0x0000, 0x0000, 0x0000, 0x0000, 0x0000, 0x0000, 0x0000, 0x0000, 0x0000, 0x0000, 0x0000, 0x0000,
  0x0000, 0x0000, 0x0000, 0x0000, 0x0000, 0x0000, 0x0000, 0x0000, 0x0000, 0x0000, 0x0000, 0x0000, 0x0000, 0x0000, 0x0000, 0x0000,
  0x0000, 0x0000, 0x0000, 0x0000, 0x0000, 0x0000, 0x0000, 0x0000, 0x0000, 0x0000, 0x0000, 0x0000, 0x0000, 0x0000, 0x0000, 0x0000,
  0x0000, 0x0000, 0x0000, 0x0000, 0x0000, 0x0000, 0x0000, 0x0000, 0x0000, 0x0000, 0x0000, 0x0000, 0x0000, 0x0000, 0x0000, 0x0000,
  0x0000, 0x0000, 0x0000, 0x0000, 0x0000, 0x0000, 0x0000, 0x0000, 0x0000, 0x0000, 0x0000, 0x0000, 0x0000, 0x0000, 0x0000, 0x0000,
  0x0000, 0x0000, 0x0000, 0x0000, 0x0000, 0x0000, 0x0000, 0x0000, 0x0000, 0x0000, 0x0000, 0x0000, 0x0000, 0x0000, 0x0000, 0x0000,
  0x0000, 0x0000, 0x0000, 0x0000, 0x0000, 0x0000, 0x0000, 0x0000, 0x0000, 0x0000, 0x0000, 0x0000, 0x0000, 0x0000, 0x0000, 0x0000,
  0x0000, 0x0000, 0x0000, 0x0000, 0x0000, 0x0000, 0x0000, 0x0000, 0x0000, 0x0000, 0x0000, 0x0000, 0x0000, 0x0000, 0x0000, 0x0000,
  0x0000, 0x0000, 0x0000, 0x0000, 0x0000, 0x0000, 0x0000, 0x0000, 0x0000, 0x0000, 0x0000, 0x0000, 0x0000, 0x0000, 0x0000, 0x0000,
  0x0000, 0x0000, 0x0000, 0x0000, 0x0000, 0x0000, 0x0000, 0x0000, 0x0000, 0x0000, 0x0000, 0x0000, 0x0000, 0x0000, 0x0000, 0x0000,
  0x0000, 0x0000, 0x0000, 0x0000, 0x0000, 0x0000, 0x0000, 0x0000, 0x0000, 0x0000, 0x0000, 0x0000, 0x0000, 0x0000, 0x0000, 0x0000,
  0x0000, 0x0000, 0x0000, 0x0000, 0x0000, 0x0000, 0x0000, 0x0000, 0x0000, 0x0000, 0x0000, 0x0000, 0x0000, 0x0000, 0x0000, 0x0000,
  0x0000, 0x0000, 0x0000, 0x0000, 0x0000, 0x0000, 0x0000, 0x0000, 0x0000, 0x0000, 0x0000, 0x0000, 0x0000, 0x0000, 0x0000, 0x0000,
  0x0000, 0x0000, 0x0000, 0x0000, 0x0000, 0x0000, 0x0000, 0x0000, 0x0000, 0x0000, 0x0000, 0x0000, 0x0000, 0x0000, 0x0000, 0x0000,
  0x0000, 0x0000, 0x0000, 0x0000, 0x0000, 0x0000, 0x0000, 0x0000, 0x0000, 0x0000, 0x0000, 0x0000, 0x0000, 0x0000, 0x0000, 0x0000,
  0x0000, 0x0000, 0x0000, 0x0000, 0x0000, 0x0000, 0x0000, 0x0000, 0x0000, 0x0000, 0x0000, 0x0000, 0x0000, 0x0000, 0x0000, 0x0000,
  0x0000, 0x0000, 0x0000, 0x0000, 0x0000, 0x0000, 0x0000, 0x0000, 0x0000, 0x0000, 0x0000, 0x0000, 0x0000, 0x0000, 0x0000, 0x0000,
  0x0000, 0x0000, 0x0000, 0x0000, 0x0000, 0x0000, 0x0000, 0x0000, 0x0000, 0x0000, 0x0000, 0x0000, 0x0000, 0x0000, 0x0000, 0x0000,
  0x0000, 0x0000, 0x0000, 0x0000, 0x0000, 0x0000, 0x0000, 0x0000, 0x0000, 0x0000, 0x0000, 0x0000, 0x0000, 0x0000, 0x0000, 0x0000,
  0x0000, 0x0000, 0x0000, 0x0000, 0x0000, 0x0000, 0x0000, 0x0000, 0x0000, 0x0000, 0x0000, 0x0000, 0x0000, 0x0000, 0x0000, 0x0000,
  0x0000, 0x0000, 0x0000, 0x0000, 0x0000, 0x0000, 0x0000, 0x0000, 0x0000, 0x0000, 0x0000, 0x0000, 0x0000, 0x0000, 0x0000, 0x0000,
  0x0000, 0x0000, 0x0000, 0x0000, 0x0000, 0x0000, 0x0000, 0x0000, 0x0000, 0x0000, 0x0000, 0x0000, 0x0000, 0x0000, 0x0000, 0x0000,
  0x0000, 0x0000, 0x0000, 0x0000, 0x0000, 0x0000, 0x0000, 0x0000, 0x0000, 0x0000, 0x0000, 0x0000, 0x0000, 0x0000, 0x0000, 0x0000,
  0x0000, 0x0000, 0x0000, 0x0000, 0x0000, 0x0000, 0x0000, 0x0000, 0x0000, 0x0000, 0x0000, 0x0000, 0x0000, 0x0000, 0x0000, 0x0000,
  0x0000, 0x0000, 0x0000, 0x0000, 0x0000, 0x0000, 0x0000, 0x0000, 0x0000, 0x0000, 0x0000, 0x0000, 0x0000, 0x0000, 0x0000, 0x0000,
  0x0000, 0x0000, 0x0000, 0x0000, 0x0000, 0x0000, 0x0000, 0x0000, 0x0000, 0x0000, 0x0000, 0x0000, 0x0000, 0x0000, 0x0000, 0x0000,
  0x0000, 0x0000, 0x0000, 0x0000, 0x0000, 0x0000, 0x0000, 0x0000, 0x0000, 0x0000, 0x0000, 0x0000, 0x0000, 0x0000, 0x0000, 0x0000,
  0x0000, 0x0000, 0x0000, 0x0000, 0x0000, 0x0000, 0x0000, 0x0000, 0x0000, 0x0000, 0x0000, 0x0000, 0x0000, 0x0000, 0x0000, 0x0000,
  0x0000, 0x0000, 0x0000, 0x0000, 0x0000, 0x0000, 0x0000, 0x0000, 0x0000, 0x0000, 0x0000, 0x0000, 0x0000, 0x0000, 0x0000, 0x0000,
  0x0000, 0x0000, 0x0000, 0x0000, 0x0000, 0x0000, 0x0000, 0x0000, 0x0000, 0x0000, 0x0000, 0x0000, 0x0000, 0x0000, 0x0000, 0x0000,
  0x0000, 0x0000, 0x0000, 0x0000, 0x0000, 0x0000, 0x0000, 0x0000, 0x0000, 0x0000, 0x0000, 0x0000, 0x0000, 0x0000, 0x0000, 0x0000,
  0x0000, 0x0000, 0x0000, 0x0000, 0x0000, 0x0000, 0x0000, 0x0000, 0x0000, 0x0000, 0x0000, 0x0000, 0x0000, 0x0000, 0x0000, 0x0000,
  0x0000, 0x0000, 0x0000, 0x0000, 0x0000, 0x0000, 0x0000, 0x0000, 0x0000, 0x0000, 0x0000, 0x0000, 0x0000, 0x0000, 0x0000, 0x0000,
  0x0000, 0x0000, 0x0000, 0x0000, 0x0000, 0x0000, 0x0000, 0x0000, 0x0000, 0x0000, 0x0000, 0x0000, 0x0000, 0x0000, 0x0000, 0x0000,
  0x0000, 0x0000, 0x0000, 0x0000, 0x0000, 0x0000, 0x0000, 0x0000, 0x0000, 0x0000, 0x0000, 0x0000, 0x0000, 0x0000, 0x0000, 0x0000,
  0x0000, 0x0000, 0x0000, 0x0000, 0x0000, 0x0000, 0x0000, 0x0000, 0x0000, 0x0000, 0x0000, 0x0000, 0x0000, 0x0000, 0x0000, 0x0000,
  0x0000, 0x0000, 0x0000, 0x0000, 0x0000, 0x0000, 0x0000, 0x0000, 0x0000, 0x0000, 0x0000, 0x0000, 0x0000, 0x0000, 0x0000, 0x0000,
  0x0000, 0x0000, 0x0000, 0x0000, 0x0000, 0x0000, 0x0000, 0x0000, 0x0000, 0x0000, 0x0000, 0x0000, 0x0000, 0x0000, 0x0000, 0x0000,
  0x0000, 0x0000, 0x0000, 0x0000, 0x0000, 0x0000, 0x0000, 0x0000, 0x0000, 0x0000, 0x0000, 0x0000, 0x0000, 0x0000, 0x0000, 0x0000,
  0x0000, 0x0000, 0x0000, 0x0000, 0x0000, 0x0000, 0x0000, 0x0000, 0x0000, 0x0000, 0x0000, 0x0000, 0x0000, 0x0000, 0x0000, 0x0000,
  0x0000, 0x0000, 0x0000, 0x0000, 0x0000, 0x0000, 0x0000, 0x0000, 0x0000, 0x0000, 0x0000, 0x0000, 0x0000, 0x0000, 0x0000, 0x0000,
  0x0000, 0x0000, 0x0000, 0x0000, 0x0000, 0x0000, 0x0000, 0x0000, 0x0000, 0x0000, 0x0000, 0x0000, 0x0000, 0x0000, 0x0000, 0x0000,
  0x0000, 0x0000, 0x0000, 0x0000, 0x0000, 0x0000, 0x0000, 0x0000, 0x0000, 0x0000, 0x0000, 0x0000, 0x0000, 0x0000, 0x0000, 0x0000,
  0x0000, 0x0000, 0x0000, 0x0000, 0x0000, 0x0000, 0x0000, 0x0000, 0x0000, 0x0000, 0x0000, 0x0000, 0x0000, 0x0000, 0x0000, 0x0000,
  0x0000, 0x0000, 0x0000, 0x0000, 0x0000, 0x0000, 0x0000, 0x0000, 0x0000, 0x0000, 0x0000, 0x0000, 0x0000, 0x0000, 0x0000, 0x0000,
  0x0000, 0x0000, 0x0000, 0x0000, 0x0000, 0x0000, 0x0000, 0x0000, 0x0000, 0x0000, 0x0000, 0x0000, 0x0000, 0x0000, 0x0000, 0x0000,
  0x0000, 0x0000, 0x0000, 0x0000, 0x0000, 0x0000, 0x0000, 0x0000, 0x0000, 0x0000, 0x0000, 0x0000, 0x0000, 0x0000, 0x0000, 0x0000,
  0x0000, 0x0000, 0x0000, 0x0000, 0x0000, 0x0000, 0x0000, 0x0000, 0x0000, 0x0000, 0x0000, 0x0000, 0x0000, 0x0000, 0x0000, 0x0000,
  0x0000, 0x0000, 0x0000, 0x0000, 0x0000, 0x0000, 0x0000, 0x0000, 0x0000, 0x0000, 0x0000, 0x0000, 0x0000, 0x0000, 0x0000, 0x0000,
  0x0000, 0x0000, 0x0000, 0x0000, 0x0000, 0x0000, 0x0000, 0x0000, 0x0000, 0x0000, 0x0000, 0x0000, 0x0000, 0x0000, 0x0000, 0x0000,
  0x0000, 0x0000, 0x0000, 0x0000, 0x0000, 0x0000, 0x0000, 0x0000, 0x0000, 0x0000, 0x0000, 0x0000, 0x0000, 0x0000, 0x0000, 0x0000,
  0x0000, 0x0000, 0x0000, 0x0000, 0x0000, 0x0000, 0x0000, 0x0000, 0x0000, 0x0000, 0x0000, 0x0000, 0x0000, 0x0000, 0x0000, 0x0000,
  0x0000, 0x0000, 0x0000, 0x0000, 0x0000, 0x0000, 0x0000, 0x0000, 0x0000, 0x0000, 0x0000, 0x0000, 0x0000, 0x0000, 0x0000, 0x0000,
  0x0000, 0x0000, 0x0000, 0x0000, 0x0000, 0x0000, 0x0000, 0x0000, 0x0000, 0x0000, 0x0000, 0x0000, 0x0000, 0x0000, 0x0000, 0x0000,
  0x0000, 0x0000, 0x0000, 0x0000, 0x0000, 0x0000, 0x0000, 0x0000, 0x0000, 0x0000, 0x0000, 0x0000, 0x0000, 0x0000, 0x0000, 0x0000,
  0x0000, 0x0000, 0x0000, 0x0000, 0x0000, 0x0000, 0x0000, 0x0000, 0x0000, 0x0000, 0x0000, 0x0000, 0x0000, 0x0000, 0x0000, 0x0000,
  0x0000, 0x0000, 0x0000, 0x0000, 0x0000, 0x0000, 0x0000, 0x0000, 0x0000, 0x0000, 0x0000, 0x0000, 0x0000, 0x0000, 0x0000, 0x0000,
  0x0000, 0x0000, 0x0000, 0x0000, 0x0000, 0x0000, 0x0000, 0x0000, 0x0000, 0x0000, 0x0000, 0x0000, 0x0000, 0x0000, 0x0000, 0x0000,
  0x0000, 0x0000, 0x0000, 0x0000, 0x0000, 0x0000, 0x0000, 0x0000, 0x0000, 0x0000, 0x0000, 0x0000, 0x0000, 0x0000, 0x0000, 0x0000,
  0x0000, 0x0000, 0x0000, 0x0000, 0x0000, 0x0000, 0x0000, 0x0000, 0x0000, 0x0000, 0x0000, 0x0000, 0x0000, 0x0000, 0x0000, 0x0000,
  0x0000, 0x0000, 0x0000, 0x0000, 0x0000, 0x0000, 0x0000, 0x0000, 0x0000, 0x0000, 0x0000, 0x0000, 0x0000, 0x0000, 0x0000, 0x0000,
  0x0000, 0x0000, 0x0000, 0x0000, 0x0000, 0x0000, 0x0000, 0x0000, 0x0000, 0x0000, 0x0000, 0x0000, 0x0000, 0x0000, 0x0000, 0x0000,
  0x0000, 0x0000, 0x0000, 0x0000, 0x0000, 0x0000, 0x0000, 0x0000, 0x0000, 0x0000, 0x0000, 0x0000, 0x0000, 0x0000, 0x0000, 0x0000,
  0x0000, 0x0000, 0x0000, 0x0000, 0x0000, 0x0000, 0x0000, 0x0000, 0x0000, 0x0000, 0x0000, 0x0000, 0x0000, 0x0000, 0x0000, 0x0000,
  0x0000, 0x0000, 0x0000, 0x0000, 0x0000, 0x0000, 0x0000, 0x0000, 0x0000, 0x0000, 0x0000, 0x0000, 0x0000, 0x0000, 0x0000, 0x0000,
  0x0000, 0x0000, 0x0000, 0x0000, 0x0000, 0x0000, 0x0000, 0x0000, 0x0000, 0x0000, 0x0000, 0x0000, 0x0000, 0x0000, 0x0000, 0x0000,
  0x0000, 0x0000, 0x0000, 0x0000, 0x0000, 0x0000, 0x0000, 0x0000, 0x0000, 0x0000, 0x0000, 0x0000, 0x0000, 0x0000, 0x0000, 0x0000,
  0x0000, 0x0000, 0x0000, 0x0000, 0x0000, 0x0000, 0x0000, 0x0000, 0x0000, 0x0000, 0x0000, 0x0000, 0x0000, 0x0000, 0x0000, 0x0000,
  0x0000, 0x0000, 0x0000, 0x0000, 0x0000, 0x0000, 0x0000, 0x0000, 0x0000, 0x0000, 0x0000, 0x0000, 0x0000, 0x0000, 0x0000, 0x0000,
  0x0000, 0x0000, 0x0000, 0x0000, 0x0000, 0x0000, 0x0000, 0x0000, 0x0000, 0x0000, 0x0000, 0x0000, 0x0000, 0x0000, 0x0000, 0x0000,
  0x0000, 0x0000, 0x0000, 0x0000, 0x0000, 0x0000, 0x0000, 0x0000, 0x0000, 0x0000, 0x0000, 0x0000, 0x0000, 0x0000, 0x0000, 0x0000,
  0x0000, 0x0000, 0x0000, 0x0000, 0x0000, 0x0000, 0x0000, 0x0000, 0x0000, 0x0000, 0x0000, 0x0000, 0x0000, 0x0000, 0x0000, 0x0000,
  0x0000, 0x0000, 0x0000, 0x0000, 0x0000, 0x0000, 0x0000, 0x0000, 0x0000, 0x0000, 0x0000, 0x0000, 0x0000, 0x0000, 0x0000, 0x0000,
  0x0000, 0x0000, 0x0000, 0x0000, 0x0000, 0x0000, 0x0000, 0x0000, 0x0000, 0x0000, 0x0000, 0x0000, 0x0000, 0x0000, 0x0000, 0x0000,
  0x0000, 0x0000, 0x0000, 0x0000, 0x0000, 0x0000, 0x0000, 0x0000, 0x0000, 0x0000, 0x0000, 0x0000, 0x0000, 0x0000, 0x0000, 0x0000,
  0x0000, 0x0000, 0x0000, 0x0000, 0x0000, 0x0000, 0x0000, 0x0000, 0x0000, 0x0000, 0x0000, 0x0000, 0x0000, 0x0000, 0x0000, 0x0000,
  0x0000, 0x0000, 0x0000, 0x0000, 0x0000, 0x0000, 0x0000, 0x0000, 0x0000, 0x0000, 0x0000, 0x0000, 0x0000, 0x0000, 0x0000, 0x0000,
  0x0000, 0x0000, 0x0000, 0x0000, 0x0000, 0x0000, 0x0000, 0x0000, 0x0000, 0x0000, 0x0000, 0x0000, 0x0000, 0x0000, 0x0000, 0x0000,
  0x0000, 0x0000, 0x0000, 0x0000, 0x0000, 0x0000, 0x0000, 0x0000, 0x0000, 0x0000, 0x0000, 0x0000, 0x0000, 0x0000, 0x0000, 0x0000,
  0x0000, 0x0000, 0x0000, 0x0000, 0x0000, 0x0000, 0x0000, 0x0000, 0x0000, 0x0000, 0x0000, 0x0000, 0x0000, 0x0000, 0x0000, 0x0000,
  0x0000, 0x0000, 0x0000, 0x0000, 0x0000, 0x0000, 0x0000, 0x0000, 0x0000, 0x0000, 0x0000, 0x0000, 0x0000, 0x0000, 0x0000, 0x0000,
  0x0000, 0x0000, 0x0000, 0x0000, 0x0000, 0x0000, 0x0000, 0x0000, 0x0000, 0x0000, 0x0000, 0x0000, 0x0000, 0x0000, 0x0000, 0x0000,
  0x0000, 0x0000, 0x0000, 0x0000, 0x0000, 0x0000, 0x0000, 0x0000, 0x0000, 0x0000, 0x0000, 0x0000, 0x0000, 0x0000, 0x0000, 0x0000,
  0x0000, 0x0000, 0x0000, 0x0000, 0x0000, 0x0000, 0x0000, 0x0000, 0x0000, 0x0000, 0x0000, 0x0000, 0x0000, 0x0000, 0x0000, 0x0000,
  0x0000, 0x0000, 0x0000, 0x0000, 0x0000, 0x0000, 0x0000, 0x0000, 0x0000, 0x0000, 0x0000, 0x0000, 0x0000, 0x0000, 0x0000, 0x0000,
  0x0000, 0x0000, 0x0000, 0x0000, 0x0000, 0x0000, 0x0000, 0x0000, 0x0000, 0x0000, 0x0000, 0x0000, 0x0000, 0x0000, 0x0000, 0x0000,
  0x0000, 0x0000, 0x0000, 0x0000, 0x0000, 0x0000, 0x0000, 0x0000, 0x0000, 0x0000, 0x0000, 0x0000, 0x0000, 0x0000, 0x0000, 0x0000,
  0x0000, 0x0000, 0x0000, 0x0000, 0x0000, 0x0000, 0x0000, 0x0000, 0x0000, 0x0000, 0x0000, 0x0000, 0x0000, 0x0000, 0x0000, 0x0000,
  0x0000, 0x0000, 0x0000, 0x0000, 0x0000, 0x0000, 0x0000, 0x0000, 0x0000, 0x0000, 0x0000, 0x0000, 0x0000, 0x0000, 0x0000, 0x0000,
  0x0000, 0x0000, 0x0000, 0x0000, 0x0000, 0x0000, 0x0000, 0x0000, 0x0000, 0x0000, 0x0000, 0x0000, 0x0000, 0x0000, 0x0000, 0x0000,
  0x0000, 0x0000, 0x0000, 0x0000, 0x0000, 0x0000, 0x0000, 0x0000, 0x0000, 0x0000, 0x0000, 0x0000, 0x0000, 0x0000, 0x0000, 0x0000,
  0x0000, 0x0000, 0x0000, 0x0000, 0x0000, 0x0000, 0x0000, 0x0000, 0x0000, 0x0000, 0x0000, 0x0000, 0x0000, 0x0000, 0x0000, 0x0000,
  0x0000, 0x0000, 0x0000, 0x0000, 0x0000, 0x0000, 0x0000, 0x0000, 0x0000, 0x0000, 0x0000, 0x0000, 0x0000, 0x0000, 0x0000, 0x0000,
  0x0000, 0x0000, 0x0000, 0x0000, 0x0000, 0x0000, 0x0000, 0x0000, 0x0000, 0x0000, 0x0000, 0x0000, 0x0000, 0x0000, 0x0000, 0x0000,
  0x0000, 0x0000, 0x0000, 0x0000, 0x0000, 0x0000, 0x0000, 0x0000, 0x0000, 0x0000, 0x0000, 0x0000, 0x0000, 0x0000, 0x0000, 0x0000,
  0x0000, 0x0000, 0x0000, 0x0000, 0x0000, 0x0000, 0x0000, 0x0000, 0x0000, 0x0000, 0x0000, 0x0000, 0x0000, 0x0000, 0x0000, 0x0000,
  0x0000, 0x0000, 0x0000, 0x0000, 0x0000, 0x0000, 0x0000, 0x0000, 0x0000, 0x0000, 0x0000, 0x0000, 0x0000, 0x0000, 0x0000, 0x0000,
  0x0000, 0x0000, 0x0000, 0x0000, 0x0000, 0x0000, 0x0000, 0x0000, 0x0000, 0x0000, 0x0000, 0x0000, 0x0000, 0x0000, 0x0000, 0x0000,
  0x0000, 0x0000, 0x0000, 0x0000, 0x0000, 0x0000, 0x0000, 0x0000, 0x0000, 0x0000, 0x0000, 0x0000, 0x0000, 0x0000, 0x0000, 0x0000,
  0x0000, 0x0000, 0x0000, 0x0000, 0x0000, 0x0000, 0x0000, 0x0000, 0x0000, 0x0000, 0x0000, 0x0000, 0x0000, 0x0000, 0x0000, 0x0000,
  0x0000, 0x0000, 0x0000, 0x0000, 0x0000, 0x0000, 0x0000, 0x0000, 0x0000, 0x0000, 0x0000, 0x0000, 0x0000, 0x0000, 0x0000, 0x0000,
  0x0000, 0x0000, 0x0000, 0x0000, 0x0000, 0x0000, 0x0000, 0x0000, 0x0000, 0x0000, 0x0000, 0x0000, 0x0000, 0x0000, 0x0000, 0x0000,
  0x0000, 0x0000, 0x0000, 0x0000, 0x0000, 0x0000, 0x0000, 0x0000, 0x0000, 0x0000, 0x0000, 0x0000, 0x0000, 0x0000, 0x0000, 0x0000,
  0x0000, 0x0000, 0x0000, 0x0000, 0x0000, 0x0000, 0x0000, 0x0000, 0x0000, 0x0000, 0x0000, 0x0000, 0x0000, 0x0000, 0x0000, 0x0000,
  0x0000, 0x0000, 0x0000, 0x0000, 0x0000, 0x0000, 0x0000, 0x0000, 0x0000, 0x0000, 0x0000, 0x0000, 0x0000, 0x0000, 0x0000, 0x0000,
  0x0000, 0x0000, 0x0000, 0x0000, 0x0000, 0x0000, 0x0000, 0x0000, 0x0000, 0x0000, 0x0000, 0x0000, 0x0000, 0x0000, 0x0000, 0x0000,
  0x0000, 0x0000, 0x0000, 0x0000, 0x0000, 0x0000, 0x0000, 0x0000, 0x0000, 0x0000, 0x0000, 0x0000, 0x0000, 0x0000, 0x0000, 0x0000,
  0x0000, 0x0000, 0x0000, 0x0000, 0x0000, 0x0000, 0x0000, 0x0000, 0x0000, 0x0000, 0x0000, 0x0000, 0x0000, 0x0000, 0x0000, 0x0000,
  0x0000, 0x0000, 0x0000, 0x0000, 0x0000, 0x0000, 0x0000, 0x0000, 0x0000, 0x0000, 0x0000, 0x0000, 0x0000, 0x0000, 0x0000, 0x0000,
  0x0000, 0x0000, 0x0000, 0x0000, 0x0000, 0x0000, 0x0000, 0x0000, 0x0000, 0x0000, 0x0000, 0x0000, 0x0000, 0x0000, 0x0000, 0x0000,
  0x0000, 0x0000, 0x0000, 0x0000, 0x0000, 0x0000, 0x0000, 0x0000, 0x0000, 0x0000, 0x0000, 0x0000, 0x0000, 0x0000, 0x0000, 0x0000,
  0x0000, 0x0000, 0x0000, 0x0000, 0x0000, 0x0000, 0x0000, 0x0000, 0x0000, 0x0000, 0x0000, 0x0000, 0x0000, 0x0000, 0x0000, 0x0000,
  0x0000, 0x0000, 0x0000, 0x0000, 0x0000, 0x0000, 0x0000, 0x0000, 0x0000, 0x0000, 0x0000, 0x0000, 0x0000, 0x0000, 0x0000, 0x0000,
  0x0000, 0x0000, 0x0000, 0x0000, 0x0000, 0x0000, 0x0000, 0x0000, 0x0000, 0x0000, 0x0000, 0x0000, 0x0000, 0x0000, 0x0000, 0x0000,
  0x0000, 0x0000, 0x0000, 0x0000, 0x0000, 0x0000, 0x0000, 0x0000, 0x0000, 0x0000, 0x0000, 0x0000, 0x0000, 0x0000, 0x0000, 0x0000,
  0x0000, 0x0000, 0x0000, 0x0000, 0x0000, 0x0000, 0x0000, 0x0000, 0x0000, 0x0000, 0x0000, 0x0000, 0x0000, 0x0000, 0x0000, 0x0000,
  0x0000, 0x0000, 0x0000, 0x0000, 0x0000, 0x0000, 0x0000, 0x0000, 0x0000, 0x0000, 0x0000, 0x0000, 0x0000, 0x0000, 0x0000, 0x0000,
  0x0000, 0x0000, 0x0000, 0x0000, 0x0000, 0x0000, 0x0000, 0x0000, 0x0000, 0x0000, 0x0000, 0x0000, 0x0000, 0x0000, 0x0000, 0x0000,
  0x0000, 0x0000, 0x0000, 0x0000, 0x0000, 0x0000, 0x0000, 0x0000, 0x0000, 0x0000, 0x0000, 0x0000, 0x0000, 0x0000, 0x0000, 0x0000,
  0x0000, 0x0000, 0x0000, 0x0000, 0x0000, 0x0000, 0x0000, 0x0000, 0x0000, 0x0000, 0x0000, 0x0000, 0x0000, 0x0000, 0x0000, 0x0000,
  0x0000, 0x0000, 0x0000, 0x0000, 0x0000, 0x0000, 0x0000, 0x0000, 0x0000, 0x0000, 0x0000, 0x0000, 0x0000, 0x0000, 0x0000, 0x0000,
  0x0000, 0x0000, 0x0000, 0x0000, 0x0000, 0x0000, 0x0000, 0x0000, 0x0000, 0x0000, 0x0000, 0x0000, 0x0000, 0x0000, 0x0000, 0x0000,
  0x0000, 0x0000, 0x0000, 0x0000, 0x0000, 0x0000, 0x0000, 0x0000, 0x0000, 0x0000, 0x0000, 0x0000, 0x0000, 0x0000, 0x0000, 0x0000,
  0x0000, 0x0000, 0x0000, 0x0000, 0x0000, 0x0000, 0x0000, 0x0000, 0x0000, 0x0000, 0x0000, 0x0000, 0x0000, 0x0000, 0x0000, 0x0000,
  0x0000, 0x0000, 0x0000, 0x0000, 0x0000, 0x0000, 0x0000, 0x0000, 0x0000, 0x0000, 0x0000, 0x0000, 0x0000, 0x0000, 0x0000, 0x0000,
  0x0000, 0x0000, 0x0000, 0x0000, 0x0000, 0x0000, 0x0000, 0x0000, 0x0000, 0x0000, 0x0000, 0x0000, 0x0000, 0x0000, 0x0000, 0x0000,
  0x0000, 0x0000, 0x0000, 0x0000, 0x0000, 0x0000, 0x0000, 0x0000, 0x0000, 0x0000, 0x0000, 0x0000, 0x0000, 0x0000, 0x0000, 0x0000,
  0x0000, 0x0000, 0x0000, 0x0000, 0x0000, 0x0000, 0x0000, 0x0000, 0x0000, 0x0000, 0x0000, 0x0000, 0x0000, 0x0000, 0x0000, 0x0000,
  0x0000, 0x0000, 0x0000, 0x0000, 0x0000, 0x0000, 0x0000, 0x0000, 0x0000, 0x0000, 0x0000, 0x0000, 0x0000, 0x0000, 0x0000, 0x0000,
  0x0000, 0x0000, 0x0000, 0x0000, 0x0000, 0x0000, 0x0000, 0x0000, 0x0000, 0x0000, 0x0000, 0x0000, 0x0000, 0x0000, 0x0000, 0x0000,
  0x0000, 0x0000, 0x0000, 0x0000, 0x0000, 0x0000, 0x0000, 0x0000, 0x0000, 0x0000, 0x0000, 0x0000, 0x0000, 0x0000, 0x0000, 0x0000,
  0x0000, 0x0000, 0x0000, 0x0000, 0x0000, 0x0000, 0x0000, 0x0000, 0x0000, 0x0000, 0x0000, 0x0000, 0x0000, 0x0000, 0x0000, 0x0000,
  0x0000, 0x0000, 0x0000, 0x0000, 0x0000, 0x0000, 0x0000, 0x0000, 0x0000, 0x0000, 0x0000, 0x0000, 0x0000, 0x0000, 0x0000, 0x0000,
  0x0000, 0x0000, 0x0000, 0x0000, 0x0000, 0x0000, 0x0000, 0x0000, 0x0000, 0x0000, 0x0000, 0x0000, 0x0000, 0x0000, 0x0000, 0x0000,
  0x0000, 0x0000, 0x0000, 0x0000, 0x0000, 0x0000, 0x0000, 0x0000, 0x0000, 0x0000, 0x0000, 0x0000, 0x0000, 0x0000, 0x0000, 0x0000,
  0x0000, 0x0000, 0x0000, 0x0000, 0x0000, 0x0000, 0x0000, 0x0000, 0x0000, 0x0000, 0x0000, 0x0000, 0x0000, 0x0000, 0x0000, 0x0000,
  0x0000, 0x0000, 0x0000, 0x0000, 0x0000, 0x0000, 0x0000, 0x0000, 0x0000, 0x0000, 0x0000, 0x0000, 0x0000, 0x0000, 0x0000, 0x0000,
  0x0000, 0x0000, 0x0000, 0x0000, 0x0000, 0x0000, 0x0000, 0x0000, 0x0000, 0x0000, 0x0000, 0x0000, 0x0000, 0x0000, 0x0000, 0x0000,
  0x0000, 0x0000, 0x0000, 0x0000, 0x0000, 0x0000, 0x0000, 0x0000, 0x0000, 0x0000, 0x0000, 0x0000, 0x0000, 0x0000, 0x0000, 0x0000,
  0x0000, 0x0000, 0x0000, 0x0000, 0x0000, 0x0000, 0x0000, 0x0000, 0x0000, 0x0000, 0x0000, 0x0000, 0x0000, 0x0000, 0x0000, 0x0000,
  0x0000, 0x0000, 0x0000, 0x0000, 0x0000, 0x0000, 0x0000, 0x0000, 0x0000, 0x0000, 0x0000, 0x0000, 0x0000, 0x0000, 0x0000, 0x0000,
  0x0000, 0x0000, 0x0000, 0x0000, 0x0000, 0x0000, 0x0000, 0x0000, 0x0000, 0x0000, 0x0000, 0x0000, 0x0000, 0x0000, 0x0000, 0x0000,
  0x0000, 0x0000, 0x0000, 0x0000, 0x0000, 0x0000, 0x0000, 0x0000, 0x0000, 0x0000, 0x0000, 0x0000, 0x0000, 0x0000, 0x0000, 0x0000,
  0x0000, 0x0000, 0x0000, 0x0000, 0x0000, 0x0000, 0x0000, 0x0000, 0x0000, 0x0000, 0x0000, 0x0000, 0x0000, 0x0000, 0x0000, 0x0000,
  0x0000, 0x0000, 0x0000, 0x0000, 0x0000, 0x0000, 0x0000, 0x0000, 0x0000, 0x0000, 0x0000, 0x0000, 0x0000, 0x0000, 0x0000, 0x0000,
  0x0000, 0x0000, 0x0000, 0x0000, 0x0000, 0x0000, 0x0000, 0x0000, 0x0000, 0x0000, 0x0000, 0x0000, 0x0000, 0x0000, 0x0000, 0x0000,
  0x0000, 0x0000, 0x0000, 0x0000, 0x0000, 0x0000, 0x0000, 0x0000, 0x0000, 0x0000, 0x0000, 0x0000, 0x0000, 0x0000, 0x0000, 0x0000,
  0x0000, 0x0000, 0x0000, 0x0000, 0x0000, 0x0000, 0x0000, 0x0000, 0x0000, 0x0000, 0x0000, 0x0000, 0x0000, 0x0000, 0x0000, 0x0000,
  0x0000, 0x0000, 0x0000, 0x0000, 0x0000, 0x0000, 0x0000, 0x0000, 0x0000, 0x0000, 0x0000, 0x0000, 0x0000, 0x0000, 0x0000, 0x0000,
  0x0000, 0x0000, 0x0000, 0x0000, 0x0000, 0x0000, 0x0000, 0x0000, 0x0000, 0x0000, 0x0000, 0x0000, 0x0000, 0x0000, 0x0000, 0x0000,
  0x0000, 0x0000, 0x0000, 0x0000, 0x0000, 0x0000, 0x0000, 0x0000, 0x0000, 0x0000, 0x0000, 0x0000, 0x0000, 0x0000, 0x0000, 0x0000,
  0x0000, 0x0000, 0x0000, 0x0000, 0x0000, 0x0000, 0x0000, 0x0000, 0x0000, 0x0000, 0x0000, 0x0000, 0x0000, 0x0000, 0x0000, 0x0000,
  0x0000, 0x0000, 0x0000, 0x0000, 0x0000, 0x0000, 0x0000, 0x0000, 0x0000, 0x0000, 0x0000, 0x0000, 0x0000, 0x0000, 0x0000, 0x0000,
  0x0000, 0x0000, 0x0000, 0x0000, 0x0000, 0x0000, 0x0000, 0x0000, 0x0000, 0x0000, 0x0000, 0x0000, 0x0000, 0x0000, 0x0000, 0x0000,
  0x0000, 0x0000, 0x0000, 0x0000, 0x0000, 0x0000, 0x0000, 0x0000, 0x0000, 0x0000, 0x0000, 0x0000, 0x0000, 0x0000, 0x0000, 0x0000,
  0x0000, 0x0000, 0x0000, 0x0000, 0x0000, 0x0000, 0x0000, 0x0000, 0x0000, 0x0000, 0x0000, 0x0000, 0x0000, 0x0000, 0x0000, 0x0000,
  0x0000, 0x0000, 0x0000, 0x0000, 0x0000, 0x0000, 0x0000, 0x0000, 0x0000, 0x0000, 0x0000, 0x0000, 0x0000, 0x0000, 0x0000, 0x0000,
  0x0000, 0x0000, 0x0000, 0x0000, 0x0000, 0x0000, 0x0000, 0x0000, 0x0000, 0x0000, 0x0000, 0x0000, 0x0000, 0x0000, 0x0000, 0x0000,
  0x0000, 0x0000, 0x0000, 0x0000, 0x0000, 0x0000, 0x0000, 0x0000, 0x0000, 0x0000, 0x0000, 0x0000, 0x0000, 0x0000, 0x0000, 0x0000,
  0x0000, 0x0000, 0x0000, 0x0000, 0x0000, 0x0000, 0x0000, 0x0000, 0x0000, 0x0000, 0x0000, 0x0000, 0x0000, 0x0000, 0x0000, 0x0000,
  0x0000, 0x0000, 0x0000, 0x0000, 0x0000, 0x0000, 0x0000, 0x0000, 0x0000, 0x0000, 0x0000, 0x0000, 0x0000, 0x0000, 0x0000, 0x0000,
  0x0000, 0x0000, 0x0000, 0x0000, 0x0000, 0x0000, 0x0000, 0x0000, 0x0000, 0x0000, 0x0000, 0x0000, 0x0000, 0x0000, 0x0000, 0x0000,
  0x0000, 0x0000, 0x0000, 0x0000, 0x0000, 0x0000, 0x0000, 0x0000, 0x0000, 0x0000, 0x0000, 0x0000, 0x0000, 0x0000, 0x0000, 0x0000,
  0x0000, 0x0000, 0x0000, 0x0000, 0x0000, 0x0000, 0x0000, 0x0000, 0x0000, 0x0000, 0x0000, 0x0000, 0x0000, 0x0000, 0x0000, 0x0000,
  0x0000, 0x0000, 0x0000, 0x0000, 0x0000, 0x0000, 0x0000, 0x0000, 0x0000, 0x0000, 0x0000, 0x0000, 0x0000, 0x0000, 0x0000, 0x0000,
  0x0000, 0x0000, 0x0000, 0x0000, 0x0000, 0x0000, 0x0000, 0x0000, 0x0000, 0x0000, 0x0000, 0x0000, 0x0000, 0x0000, 0x0000, 0x0000,
  0x0000, 0x0000, 0x0000, 0x0000, 0x0000, 0x0000, 0x0000, 0x0000, 0x0000, 0x0000, 0x0000, 0x0000, 0x0000, 0x0000, 0x0000, 0x0000,
  0x0000, 0x0000, 0x0000, 0x0000, 0x0000, 0x0000, 0x0000, 0x0000, 0x0000, 0x0000, 0x0000, 0x0000, 0x0000, 0x0000, 0x0000, 0x0000,
  0x0000, 0x0000, 0x0000, 0x0000, 0x0000, 0x0000, 0x0000, 0x0000, 0x0000, 0x0000, 0x0000, 0x0000, 0x0000, 0x0000, 0x0000, 0x0000,
  0x0000, 0x0000, 0x0000, 0x0000, 0x0000, 0x0000, 0x0000, 0x0000, 0x0000, 0x0000, 0x0000, 0x0000, 0x0000, 0x0000, 0x0000, 0x0000,
  0x0000, 0x0000, 0x0000, 0x0000, 0x0000, 0x0000, 0x0000, 0x0000, 0x0000, 0x0000, 0x0000, 0x0000, 0x0000, 0x0000, 0x0000, 0x0000,
  0x0000, 0x0000, 0x0000, 0x0000, 0x0000, 0x0000, 0x0000, 0x0000, 0x0000, 0x0000, 0x0000, 0x0000, 0x0000, 0x0000, 0x0000, 0x0000,
  0x0000, 0x0000, 0x0000, 0x0000, 0x0000, 0x0000, 0x0000, 0x0000, 0x0000, 0x0000, 0x0000, 0x0000, 0x0000, 0x0000, 0x0000, 0x0000,
  0x0000, 0x0000, 0x0000, 0x0000, 0x0000, 0x0000, 0x0000, 0x0000, 0x0000, 0x0000, 0x0000, 0x0000, 0x0000, 0x0000, 0x0000, 0x0000,
  0x0000, 0x0000, 0x0000, 0x0000, 0x0000, 0x0000, 0x0000, 0x0000, 0x0000, 0x0000, 0x0000, 0x0000, 0x0000, 0x0000, 0x0000, 0x0000,
  0x0000, 0x0000, 0x0000, 0x0000, 0x0000, 0x0000, 0x0000, 0x0000, 0x0000, 0x0000, 0x0000, 0x0000, 0x0000, 0x0000, 0x0000, 0x0000,
  0x0000, 0x0000, 0x0000, 0x0000, 0x0000, 0x0000, 0x0000, 0x0000, 0x0000, 0x0000, 0x0000, 0x0000, 0x0000, 0x0000, 0x0000, 0x0000,
  0x0000, 0x0000, 0x0000, 0x0000, 0x0000, 0x0000, 0x0000, 0x0000, 0x0000, 0x0000, 0x0000, 0x0000, 0x0000, 0x0000, 0x0000, 0x0000,
  0x0000, 0x0000, 0x0000, 0x0000, 0x0000, 0x0000, 0x0000, 0x0000, 0x0000, 0x0000, 0x0000, 0x0000, 0x0000, 0x0000, 0x0000, 0x0000,
  0x0000, 0x0000, 0x0000, 0x0000, 0x0000, 0x0000, 0x0000, 0x0000, 0x0000, 0x0000, 0x0000, 0x0000, 0x0000, 0x0000, 0x0000, 0x0000,
  0x0000, 0x0000, 0x0000, 0x0000, 0x0000, 0x0000, 0x0000, 0x0000, 0x0000, 0x0000, 0x0000, 0x0000, 0x0000, 0x0000, 0x0000, 0x0000,
  0x0000, 0x0000, 0x0000, 0x0000, 0x0000, 0x0000, 0x0000, 0x0000, 0x0000, 0x0000, 0x0000, 0x0000, 0x0000, 0x0000, 0x0000, 0x0000,
  0x0000, 0x0000, 0x0000, 0x0000, 0x0000, 0x0000, 0x0000, 0x0000, 0x0000, 0x0000, 0x0000, 0x0000, 0x0000, 0x0000, 0x0000, 0x0000,
  0x0000, 0x0000, 0x0000, 0x0000, 0x0000, 0x0000, 0x0000, 0x0000, 0x0000, 0x0000, 0x0000, 0x0000, 0x0000, 0x0000, 0x0000, 0x0000,
  0x0000, 0x0000, 0x0000, 0x0000, 0x0000, 0x0000, 0x0000, 0x0000, 0x0000, 0x0000, 0x0000, 0x0000, 0x0000, 0x0000, 0x0000, 0x0000,
  0x0000, 0x0000, 0x0000, 0x0000, 0x0000, 0x0000, 0x0000, 0x0000, 0x0000, 0x0000, 0x0000, 0x0000, 0x0000, 0x0000, 0x0000, 0x0000,
  0x0000, 0x0000, 0x0000, 0x0000, 0x0000, 0x0000, 0x0000, 0x0000, 0x0000, 0x0000, 0x0000, 0x0000, 0x0000, 0x0000, 0x0000, 0x0000,
  0x0000, 0x0000, 0x0000, 0x0000, 0x0000, 0x0000, 0x0000, 0x0000, 0x0000, 0x0000, 0x0000, 0x0000, 0x0000, 0x0000, 0x0000, 0x0000,
  0x0000, 0x0000, 0x0000, 0x0000, 0x0000, 0x0000, 0x0000, 0x0000, 0x0000, 0x0000, 0x0000, 0x0000, 0x0000, 0x0000, 0x0000, 0x0000,
  0x0000, 0x0000, 0x0000, 0x0000, 0x0000, 0x0000, 0x0000, 0x0000, 0x0000, 0x0000, 0x0000, 0x0000, 0x0000, 0x0000, 0x0000, 0x0000,
  0x0000, 0x0000, 0x0000, 0x0000, 0x0000, 0x0000, 0x0000, 0x0000, 0x0000, 0x0000, 0x0000, 0x0000, 0x0000, 0x0000, 0x0000, 0x0000,
  0x0000, 0x0000, 0x0000, 0x0000, 0x0000, 0x0000, 0x0000, 0x0000, 0x0000, 0x0000, 0x0000, 0x0000, 0x0000, 0x0000, 0x0000, 0x0000,
  0x0000, 0x0000, 0x0000, 0x0000, 0x0000, 0x0000, 0x0000, 0x0000, 0x0000, 0x0000, 0x0000, 0x0000, 0x0000, 0x0000, 0x0000, 0x0000,
  0x0000, 0x0000, 0x0000, 0x0000, 0x0000, 0x0000, 0x0000, 0x0000, 0x0000, 0x0000, 0x0000, 0x0000, 0x0000, 0x0000, 0x0000, 0x0000,
  0x0000, 0x0000, 0x0000, 0x0000, 0x0000, 0x0000, 0x0000, 0x0000, 0x0000, 0x0000, 0x0000, 0x0000, 0x0000, 0x0000, 0x0000, 0x0000,
  0x0000, 0x0000, 0x0000, 0x0000, 0x0000, 0x0000, 0x0000, 0x0000, 0x0000, 0x0000, 0x0000, 0x0000, 0x0000, 0x0000, 0x0000, 0x0000,
  0x0000, 0x0000, 0x0000, 0x0000, 0x0000, 0x0000, 0x0000, 0x0000, 0x0000, 0x0000, 0x0000, 0x0000, 0x0000, 0x0000, 0x0000, 0x0000,
  0x0000, 0x0000, 0x0000, 0x0000, 0x0000, 0x0000, 0x0000, 0x0000, 0x0000, 0x0000, 0x0000, 0x0000, 0x0000, 0x0000, 0x0000, 0x0000,
  0x0000, 0x0000, 0x0000, 0x0000, 0x0000, 0x0000, 0x0000, 0x0000, 0x0000, 0x0000, 0x0000, 0x0000, 0x0000, 0x0000, 0x0000, 0x0000,
  0x0000, 0x0000, 0x0000, 0x0000, 0x0000, 0x0000, 0x0000, 0x0000, 0x0000, 0x0000, 0x0000, 0x0000, 0x0000, 0x0000, 0x0000, 0x0000,
  0x0000, 0x0000, 0x0000, 0x0000, 0x0000, 0x0000, 0x0000, 0x0000, 0x0000, 0x0000, 0x0000, 0x0000, 0x0000, 0x0000, 0x0000, 0x0000,
  0x0000, 0x0000, 0x0000, 0x0000, 0x0000, 0x0000, 0x0000, 0x0000, 0x0000, 0x0000, 0x0000, 0x0000, 0x0000, 0x0000, 0x0000, 0x0000,
  0x0000, 0x0000, 0x0000, 0x0000, 0x0000, 0x0000, 0x0000, 0x0000, 0x0000, 0x0000, 0x0000, 0x0000, 0x0000, 0x0000, 0x0000, 0x0000,
  0x0000, 0x0000, 0x0000, 0x0000, 0x0000, 0x0000, 0x0000, 0x0000, 0x0000, 0x0000, 0x0000, 0x0000, 0x0000, 0x0000, 0x0000, 0x0000,
  0x0000, 0x0000, 0x0000, 0x0000, 0x0000, 0x0000, 0x0000, 0x0000, 0x0000, 0x0000, 0x0000, 0x0000, 0x0000, 0x0000, 0x0000, 0x0000,
  0x0000, 0x0000, 0x0000, 0x0000, 0x0000, 0x0000, 0x0000, 0x0000, 0x0000, 0x0000, 0x0000, 0x0000, 0x0000, 0x0000, 0x0000, 0x0000,
  0x0000, 0x0000, 0x0000, 0x0000, 0x0000, 0x0000, 0x0000, 0x0000, 0x0000, 0x0000, 0x0000, 0x0000, 0x0000, 0x0000, 0x0000, 0x0000,
  0x0000, 0x0000, 0x0000, 0x0000, 0x0000, 0x0000, 0x0000, 0x0000, 0x0000, 0x0000, 0x0000, 0x0000, 0x0000, 0x0000, 0x0000, 0x0000,
  0x0000, 0x0000, 0x0000, 0x0000, 0x0000, 0x0000, 0x0000, 0x0000, 0x0000, 0x0000, 0x0000, 0x0000, 0x0000, 0x0000, 0x0000, 0x0000,
  0x0000, 0x0000, 0x0000, 0x0000, 0x0000, 0x0000, 0x0000, 0x0000, 0x0000, 0x0000, 0x0000, 0x0000, 0x0000, 0x0000, 0x0000, 0x0000,
  0x0000, 0x0000, 0x0000, 0x0000, 0x0000, 0x0000, 0x0000, 0x0000, 0x0000, 0x0000, 0x0000, 0x0000, 0x0000, 0x0000, 0x0000, 0x0000,
  0x0000, 0x0000, 0x0000, 0x0000, 0x0000, 0x0000, 0x0000, 0x0000, 0x0000, 0x0000, 0x0000, 0x0000, 0x0000, 0x0000, 0x0000, 0x0000,
  0x0000, 0x0000, 0x0000, 0x0000, 0x0000, 0x0000, 0x0000, 0x0000, 0x0000, 0x0000, 0x0000, 0x0000, 0x0000, 0x0000, 0x0000, 0x0000,
  0x0000, 0x0000, 0x0000, 0x0000, 0x0000, 0x0000, 0x0000, 0x0000, 0x0000, 0x0000, 0x0000, 0x0000, 0x0000, 0x0000, 0x0000, 0x0000,
  0x0000, 0x0000, 0x0000, 0x0000, 0x0000, 0x0000, 0x0000, 0x0000, 0x0000, 0x0000, 0x0000, 0x0000, 0x0000, 0x0000, 0x0000, 0x0000,
  0x0000, 0x0000, 0x0000, 0x0000, 0x0000, 0x0000, 0x0000, 0x0000, 0x0000, 0x0000, 0x0000, 0x0000, 0x0000, 0x0000, 0x0000, 0x0000,
  0x0000, 0x0000, 0x0000, 0x0000, 0x0000, 0x0000, 0x0000, 0x0000, 0x0000, 0x0000, 0x0000, 0x0000, 0x0000, 0x0000, 0x0000, 0x0000,
  0x0000, 0x0000, 0x0000, 0x0000, 0x0000, 0x0000, 0x0000, 0x0000, 0x0000, 0x0000, 0x0000, 0x0000, 0x0000, 0x0000, 0x0000, 0x0000,
  0x0000, 0x0000, 0x0000, 0x0000, 0x0000, 0x0000, 0x0000, 0x0000, 0x0000, 0x0000, 0x0000, 0x0000, 0x0000, 0x0000, 0x0000, 0x0000,
  0x0000, 0x0000, 0x0000, 0x0000, 0x0000, 0x0000, 0x0000, 0x0000, 0x0000, 0x0000, 0x0000, 0x0000, 0x0000, 0x0000, 0x0000, 0x0000,
  0x0000, 0x0000, 0x0000, 0x0000, 0x0000, 0x0000, 0x0000, 0x0000, 0x0000, 0x0000, 0x0000, 0x0000, 0x0000, 0x0000, 0x0000, 0x0000,
  0x0000, 0x0000, 0x0000, 0x0000, 0x0000, 0x0000, 0x0000, 0x0000, 0x0000, 0x0000, 0x0000, 0x0000, 0x0000, 0x0000, 0x0000, 0x0000,
  0x0000, 0x0000, 0x0000, 0x0000, 0x0000, 0x0000, 0x0000, 0x0000, 0x0000, 0x0000, 0x0000, 0x0000, 0x0000, 0x0000, 0x0000, 0x0000,
  0x0000, 0x0000, 0x0000, 0x0000, 0x0000, 0x0000, 0x0000, 0x0000, 0x0000, 0x0000, 0x0000, 0x0000, 0x0000, 0x0000, 0x0000, 0x0000,
  0x0000, 0x0000, 0x0000, 0x0000, 0x0000, 0x0000, 0x0000, 0x0000, 0x0000, 0x0000, 0x0000, 0x0000, 0x0000, 0x0000, 0x0000, 0x0000,
  0x0000, 0x0000, 0x0000, 0x0000, 0x0000, 0x0000, 0x0000, 0x0000, 0x0000, 0x0000, 0x0000, 0x0000, 0x0000, 0x0000, 0x0000, 0x0000,
  0x0000, 0x0000, 0x0000, 0x0000, 0x0000, 0x0000, 0x0000, 0x0000, 0x0000, 0x0000, 0x0000, 0x0000, 0x0000, 0x0000, 0x0000, 0x0000,
  0x0000, 0x0000, 0x0000, 0x0000, 0x0000, 0x0000, 0x0000, 0x0000, 0x0000, 0x0000, 0x0000, 0x0000, 0x0000, 0x0000, 0x0000, 0x0000,
  0x0000, 0x0000, 0x0000, 0x0000, 0x0000, 0x0000, 0x0000, 0x0000, 0x0000, 0x0000, 0x0000, 0x0000, 0x0000, 0x0000, 0x0000, 0x0000,
  0x0000, 0x0000, 0x0000, 0x0000, 0x0000, 0x0000, 0x0000, 0x0000, 0x0000, 0x0000, 0x0000, 0x0000, 0x0000, 0x0000, 0x0000, 0x0000,
  0x0000, 0x0000, 0x0000, 0x0000, 0x0000, 0x0000, 0x0000, 0x0000, 0x0000, 0x0000, 0x0000, 0x0000, 0x0000, 0x0000, 0x0000, 0x0000,
  0x0000, 0x0000, 0x0000, 0x0000, 0x0000, 0x0000, 0x0000, 0x0000, 0x0000, 0x0000, 0x0000, 0x0000, 0x0000, 0x0000, 0x0000, 0x0000,
  0x0000, 0x0000, 0x0000, 0x0000, 0x0000, 0x0000, 0x0000, 0x0000, 0x0000, 0x0000, 0x0000, 0x0000, 0x0000, 0x0000, 0x0000, 0x0000,
  0x0000, 0x0000, 0x0000, 0x0000, 0x0000, 0x0000, 0x0000, 0x0000, 0x0000, 0x0000, 0x0000, 0x0000, 0x0000, 0x0000, 0x0000, 0x0000,
  0x0000, 0x0000, 0x0000, 0x0000, 0x0000, 0x0000, 0x0000, 0x0000, 0x0000, 0x0000, 0x0000, 0x0000, 0x0000, 0x0000, 0x0000, 0x0000,
  0x0000, 0x0000, 0x0000, 0x0000, 0x0000, 0x0000, 0x0000, 0x0000, 0x0000, 0x0000, 0x0000, 0x0000, 0x0000, 0x0000, 0x0000, 0x0000,
  0x0000, 0x0000, 0x0000, 0x0000, 0x0000, 0x0000, 0x0000, 0x0000, 0x0000, 0x0000, 0x0000, 0x0000, 0x0000, 0x0000, 0x0000, 0x0000,
  0x0000, 0x0000, 0x0000, 0x0000, 0x0000, 0x0000, 0x0000, 0x0000, 0x0000, 0x0000, 0x0000, 0x0000, 0x0000, 0x0000, 0x0000, 0x0000,
  0x0000, 0x0000, 0x0000, 0x0000, 0x0000, 0x0000, 0x0000, 0x0000, 0x0000, 0x0000, 0x0000, 0x0000, 0x0000, 0x0000, 0x0000, 0x0000,
  0x0000, 0x0000, 0x0000, 0x0000, 0x0000, 0x0000, 0x0000, 0x0000, 0x0000, 0x0000, 0x0000, 0x0000, 0x0000, 0x0000, 0x0000, 0x0000,
  0x0000, 0x0000, 0x0000, 0x0000, 0x0000, 0x0000, 0x0000, 0x0000, 0x0000, 0x0000, 0x0000, 0x0000, 0x0000, 0x0000, 0x0000, 0x0000,
};
